t,stage,carrying,q_A2,q_A4,qd_A2,qd_A4,qdd_A2,qdd_A4,tau_A2,tau_A4
0.0000,S1,,-0.100000,-1.700000,0.000000,0.000000,0.000000,0.000000,-23.1628,29.4252
0.0100,S1,,-0.099996,-1.699994,0.001529,0.002423,0.456962,0.724167,,
0.0200,S1,,-0.099939,-1.699904,0.012030,0.019065,1.777929,2.817559,,
0.0300,S1,,-0.099699,-1.699523,0.039479,0.062564,3.813140,6.042842,,
0.0400,S1,,-0.099073,-1.698531,0.089853,0.142394,6.312994,10.004465,,
0.0500,S1,,-0.097855,-1.696601,0.152927,0.242350,6.388326,10.123846,-12.9413,35.0849
0.0600,S1,,-0.095994,-1.693652,0.220348,0.349195,7.044745,11.164101,,
0.0700,S1,,-0.093432,-1.689592,0.292556,0.463625,7.329283,11.615020,,
0.0800,S1,,-0.090141,-1.684376,0.365361,0.579003,7.141956,11.318155,,
0.0900,S1,,-0.086141,-1.678037,0.433383,0.686801,6.350861,10.064474,,
0.1000,S1,,-0.081488,-1.670662,0.498141,0.789425,6.246982,9.899852,-14.1631,34.5179
0.1100,S1,,-0.076221,-1.662317,0.556056,0.881205,6.246163,9.898554,,
0.1200,S1,,-0.070417,-1.653118,0.602175,0.954291,6.101938,9.669995,,
0.1300,S1,,-0.064165,-1.643211,0.648858,1.028272,6.643890,10.528849,,
0.1400,S1,,-0.057374,-1.632449,0.710587,1.126097,6.636044,10.516416,,
0.1500,S1,,-0.049956,-1.620694,0.771779,1.223070,3.434350,5.442557,-20.7234,31.5131
0.1600,S1,,-0.042006,-1.608095,0.819404,1.298544,6.545653,10.373168,,
0.1700,S1,,-0.033755,-1.595019,0.827023,1.310618,-0.326177,-0.516906,,
0.1800,S1,,-0.025489,-1.581919,0.826869,1.310374,0.109509,0.173543,,
0.1900,S1,,-0.017223,-1.568821,0.826230,1.309361,0.454297,0.719943,,
0.2000,S1,,-0.008958,-1.555722,0.826512,1.309807,-0.293693,-0.465428,-29.4462,28.4435
0.2100,S1,,-0.000698,-1.542633,0.825799,1.308679,-0.023432,-0.037133,,
0.2200,S1,,0.007560,-1.529545,0.825909,1.308852,-0.115694,-0.183344,,
0.2300,S1,,0.015819,-1.516458,0.825872,1.308794,0.100274,0.158909,,
0.2400,S1,,0.024078,-1.503369,0.826060,1.309092,-0.002607,-0.004131,,
0.2500,S1,,0.032338,-1.490278,0.826044,1.309067,0.021305,0.033763,-31.4647,28.6193
0.2600,S1,,0.040599,-1.477188,0.826014,1.309019,-0.035573,-0.056374,,
0.2700,S1,,0.048859,-1.464097,0.826055,1.309084,-0.010949,-0.017352,,
0.2800,S1,,0.057119,-1.451007,0.825986,1.308975,-0.003588,-0.005685,,
0.2900,S1,,0.065379,-1.437917,0.825998,1.308994,-0.010128,-0.016051,,
0.3000,S1,,0.073639,-1.424827,0.825988,1.308977,0.005066,0.008028,-34.0108,28.5451
0.3100,S1,,0.081899,-1.411738,0.825991,1.308982,0.001006,0.001595,,
0.3200,S1,,0.090159,-1.398648,0.826002,1.309000,0.002135,0.003384,,
0.3300,S1,,0.098419,-1.385558,0.826003,1.309001,-0.001952,-0.003093,,
0.3400,S1,,0.106679,-1.372468,0.826004,1.309004,-0.000186,-0.000295,,
0.3500,S1,,0.114939,-1.359378,0.825999,1.308996,-0.000420,-0.000665,-36.5073,28.4631
0.3600,S1,,0.123199,-1.346288,0.826000,1.308996,0.000676,0.001071,,
0.3700,S1,,0.131459,-1.333198,0.825999,1.308995,0.000214,0.000339,,
0.3800,S1,,0.139719,-1.320108,0.825999,1.308995,-0.000255,-0.000405,,
0.3900,S1,,0.147979,-1.307018,0.826000,1.308997,0.000211,0.000335,,
0.4000,S1,,0.156239,-1.293928,0.826000,1.308997,-0.000099,-0.000156,-38.9576,28.3683
0.4100,S1,,0.164499,-1.280838,0.826001,1.308997,0.000034,0.000055,,
0.4200,S1,,0.172759,-1.267748,0.826000,1.308997,0.000036,0.000057,,
0.4300,S1,,0.181019,-1.254658,0.826000,1.308997,0.000070,0.000110,,
0.4400,S1,,0.189279,-1.241568,0.826000,1.308997,0.000007,0.000011,,
0.4500,S1,,0.197539,-1.228478,0.826000,1.308997,-0.000055,-0.000087,-41.3682,28.2569
0.4600,S1,,0.205799,-1.215388,0.826000,1.308997,-0.000065,-0.000103,,
0.4700,S1,,0.214059,-1.202298,0.826001,1.308997,-0.000063,-0.000100,,
0.4800,S1,,0.222319,-1.189208,0.826001,1.308997,0.000070,0.000110,,
0.4900,S1,,0.230579,-1.176118,0.826000,1.308997,0.000211,0.000334,,
0.5000,S1,,0.238839,-1.163028,0.825999,1.308996,0.000356,0.000565,-43.7338,28.1284
0.5100,S1,,0.247099,-1.149938,0.825999,1.308995,-0.000113,-0.000179,,
0.5200,S1,,0.255359,-1.136848,0.826000,1.308996,-0.000575,-0.000911,,
0.5300,S1,,0.263619,-1.123758,0.826000,1.308996,0.000521,0.000825,,
0.5400,S1,,0.271879,-1.110668,0.826004,1.309004,-0.000189,-0.000300,,
0.5500,S1,,0.280139,-1.097578,0.826003,1.309002,0.001576,0.002498,-46.0501,27.9821
0.5600,S1,,0.288399,-1.084488,0.826001,1.308999,-0.002511,-0.003980,,
0.5700,S1,,0.296659,-1.071398,0.825991,1.308982,0.000395,0.000626,,
0.5800,S1,,0.304919,-1.058308,0.825986,1.308975,-0.003664,-0.005806,,
0.5900,S1,,0.313179,-1.045219,0.825998,1.308994,-0.010127,-0.016049,,
0.6000,S1,,0.321439,-1.032129,0.825988,1.308977,0.004976,0.007885,-48.3108,27.8172
0.6100,S1,,0.329699,-1.019039,0.826059,1.309089,0.005745,0.009105,,
0.6200,S1,,0.337959,-1.005948,0.826027,1.309039,0.030354,0.048103,,
0.6300,S1,,0.346220,-0.992857,0.826035,1.309052,-0.026602,-0.042158,,
0.6400,S1,,0.354480,-0.979767,0.826060,1.309092,-0.002870,-0.004548,,
0.6500,S1,,0.362739,-0.966678,0.825838,1.308740,-0.080354,-0.127341,-50.6832,27.6351
0.6600,S1,,0.370997,-0.953591,0.825956,1.308928,0.135183,0.214231,,
0.6700,S1,,0.379256,-0.940503,0.825812,1.308698,0.041302,0.065454,,
0.6800,S1,,0.387516,-0.927414,0.826610,1.309963,0.222940,0.353302,,
0.6900,S1,,0.395781,-0.914315,0.826045,1.309067,-0.521813,-0.826938,,
0.7000,S1,,0.404047,-0.901216,0.826813,1.310284,-0.187625,-0.297337,-53.0459,27.4475
0.7100,S1,,0.412313,-0.888116,0.827126,1.310781,0.214761,0.340340,,
0.7200,S1,,0.420561,-0.875045,0.816990,1.294718,-6.178945,-9.792031,,
0.7300,S1,,0.428493,-0.862475,0.770518,1.221071,-3.213746,-5.092956,,
0.7400,S1,,0.435888,-0.850756,0.708063,1.122096,-6.669540,-10.569497,,
0.7500,S1,,0.442655,-0.840031,0.646314,1.024241,-6.761964,-10.715966,-67.5456,28.5712
0.7600,S1,,0.448889,-0.830153,0.599799,0.950526,-6.418211,-10.171207,,
0.7700,S1,,0.454676,-0.820982,0.553660,0.877408,-6.383701,-10.116517,,
0.7800,S1,,0.459920,-0.812671,0.495756,0.785646,-6.319254,-10.014384,,
0.7900,S1,,0.464549,-0.805336,0.430965,0.682968,-6.393501,-10.132048,,
0.8000,S1,,0.468523,-0.799037,0.362647,0.574702,-7.159258,-11.345574,-69.5559,29.0014
0.8100,S1,,0.471787,-0.793866,0.289775,0.459218,-7.326223,-11.610170,,
0.8200,S1,,0.474322,-0.789849,0.217678,0.344964,-7.025740,-11.133983,,
0.8300,S1,,0.476157,-0.786940,0.150509,0.238517,-6.357743,-10.075380,,
0.8400,S1,,0.477351,-0.785048,0.087476,0.138627,-6.213507,-9.846803,,
0.8500,S1,,0.477958,-0.784086,0.038049,0.060298,-3.725538,-5.904015,-63.2700,28.3264
0.8600,S1,,0.478188,-0.783721,0.011368,0.018015,-1.713506,-2.715464,,
0.8700,S1,,0.478241,-0.783638,0.001362,0.002158,-0.423224,-0.670701,,
0.8796,S1,,0.478244,-0.783632,-0.000000,-0.000000,-0.000000,-0.000000,-55.9914,27.4404
0.8896,S1,,0.478244,-0.783632,-0.000000,-0.000000,-0.000002,-0.000009,,
0.8996,S1,,0.478244,-0.783632,-0.000000,-0.000000,-0.000004,-0.000018,,
0.9096,S1,,0.478244,-0.783632,-0.000000,-0.000000,-0.000007,-0.000027,,
0.9196,S1,,0.478244,-0.783632,-0.000000,-0.000001,-0.000009,-0.000036,,
0.9296,S1,,0.478244,-0.783632,-0.000000,-0.000001,-0.000011,-0.000045,-55.9914,27.4404
0.9396,S1,,0.478244,-0.783632,-0.000000,-0.000001,-0.000013,-0.000054,,
0.9496,S1,,0.478244,-0.783632,-0.000000,-0.000001,-0.000015,-0.000063,,
0.9596,S1,,0.478244,-0.783632,-0.000000,-0.000001,-0.000017,-0.000071,,
0.9696,S1,,0.478244,-0.783633,-0.000001,-0.000005,-0.000045,-0.000186,,
0.9796,S1,,0.478244,-0.783633,-0.000002,-0.000009,-0.000075,-0.000310,-55.9913,27.4402
0.9896,S1,,0.478244,-0.783633,-0.000003,-0.000014,-0.000106,-0.000435,,
0.9996,S1,,0.478244,-0.783633,-0.000004,-0.000018,-0.000136,-0.000560,,
1.0096,S1,,0.478244,-0.783633,-0.000005,-0.000022,-0.000166,-0.000685,,
1.0196,S1,,0.478244,-0.783633,-0.000006,-0.000026,-0.000197,-0.000810,,
1.0296,S1,,0.478244,-0.783633,-0.000007,-0.000031,-0.000227,-0.000934,-55.9909,27.4399
1.0396,S1,,0.478244,-0.783633,-0.000009,-0.000035,-0.000257,-0.001059,,
1.0496,S1,,0.478244,-0.783634,-0.000014,-0.000058,-0.000361,-0.001486,,
1.0596,S1,,0.478243,-0.783636,-0.000021,-0.000085,-0.000481,-0.001980,,
1.0696,S1,,0.478243,-0.783637,-0.000027,-0.000113,-0.000601,-0.002474,,
1.0796,S1,,0.478243,-0.783638,-0.000034,-0.000140,-0.000721,-0.002968,-55.9896,27.4388
1.0896,S1,,0.478243,-0.783639,-0.000041,-0.000167,-0.000841,-0.003462,,
1.0996,S1,,0.478242,-0.783640,-0.000047,-0.000194,-0.000961,-0.003956,,
1.1096,S1,,0.478242,-0.783642,-0.000054,-0.000222,-0.001081,-0.004450,,
1.1196,S1,,0.478242,-0.783643,-0.000060,-0.000249,-0.001201,-0.004943,,
1.1296,S1,,0.478241,-0.783647,-0.000079,-0.000324,-0.001443,-0.005943,-55.9878,27.4373
1.1396,S1,,0.478239,-0.783653,-0.000101,-0.000417,-0.001732,-0.007131,,
1.1496,S1,,0.478238,-0.783659,-0.000124,-0.000510,-0.002020,-0.008320,,
1.1596,S1,,0.478236,-0.783664,-0.000146,-0.000603,-0.002309,-0.009509,,
1.1696,S1,,0.478235,-0.783670,-0.000169,-0.000696,-0.002597,-0.010697,,
1.1796,S1,,0.478234,-0.783676,-0.000192,-0.000789,-0.002886,-0.011886,-55.9841,27.4343
1.1896,S1,,0.478232,-0.783681,-0.000214,-0.000882,-0.003174,-0.013074,,
1.1996,S1,,0.478231,-0.783687,-0.000237,-0.000976,-0.003463,-0.014263,,
1.2096,S1,,0.478228,-0.783701,-0.000280,-0.001154,-0.003904,-0.016080,,
1.2196,S1,,0.478223,-0.783719,-0.000336,-0.001382,-0.004431,-0.018256,,
1.2296,S1,,0.478219,-0.783737,-0.000391,-0.001609,-0.004959,-0.020431,-55.9786,27.4301
1.2396,S1,,0.478214,-0.783755,-0.000446,-0.001837,-0.005487,-0.022607,,
1.2496,S1,,0.478210,-0.783773,-0.000501,-0.002065,-0.006015,-0.024782,,
1.2596,S1,,0.478206,-0.783791,-0.000556,-0.002292,-0.006542,-0.026958,,
1.2696,S1,,0.478201,-0.783809,-0.000612,-0.002520,-0.007070,-0.029133,,
1.2796,S1,,0.478197,-0.783827,-0.000667,-0.002747,-0.007598,-0.031309,-55.9716,27.4248
1.2896,S1,,0.478189,-0.783860,-0.000751,-0.003096,-0.008274,-0.034097,,
1.2996,S1,,0.478178,-0.783905,-0.000860,-0.003545,-0.009072,-0.037394,,
1.3096,S1,,0.478167,-0.783950,-0.000969,-0.003993,-0.009871,-0.040692,,
1.3196,S1,,0.478156,-0.783995,-0.001078,-0.004442,-0.010670,-0.043989,,
1.3296,S1,,0.478145,-0.784040,-0.001187,-0.004891,-0.011469,-0.047286,-55.9606,27.4176
1.3396,S1,,0.478134,-0.784084,-0.001296,-0.005340,-0.012268,-0.050584,,
1.3496,S1,,0.478124,-0.784129,-0.001405,-0.005789,-0.013066,-0.053881,,
1.3596,S1,,0.478113,-0.784174,-0.001514,-0.006238,-0.013865,-0.057178,,
1.3696,S1,,0.478096,-0.784241,-0.001657,-0.006827,-0.014769,-0.060914,,
1.3796,S1,,0.478074,-0.784334,-0.001840,-0.007584,-0.015799,-0.065174,-55.9479,27.4100
1.3896,S1,,0.478051,-0.784427,-0.002023,-0.008341,-0.016828,-0.069434,,
1.3996,S1,,0.478029,-0.784520,-0.002207,-0.009098,-0.017858,-0.073694,,
1.4096,S1,,0.478006,-0.784613,-0.002390,-0.009855,-0.018888,-0.077955,,
1.4196,S1,,0.477983,-0.784707,-0.002574,-0.010612,-0.019917,-0.082215,,
1.4296,S1,,0.477961,-0.784800,-0.002757,-0.011369,-0.020947,-0.086475,-55.9319,27.4016
1.4396,S1,,0.477938,-0.784893,-0.002941,-0.012126,-0.021977,-0.090735,,
1.4496,S1,,0.477909,-0.785014,-0.003156,-0.013016,-0.023037,-0.095133,,
1.4596,S1,,0.477868,-0.785182,-0.003428,-0.014138,-0.024153,-0.099770,,
1.4696,S1,,0.477827,-0.785351,-0.003699,-0.015261,-0.025268,-0.104406,,
1.4796,S1,,0.477786,-0.785520,-0.003971,-0.016384,-0.026383,-0.109043,-55.9133,27.3942
1.4896,S1,,0.477745,-0.785689,-0.004243,-0.017506,-0.027499,-0.113680,,
1.4996,S1,,0.477704,-0.785858,-0.004514,-0.018629,-0.028614,-0.118317,,
1.5096,S1,,0.477663,-0.786027,-0.004786,-0.019751,-0.029729,-0.122954,,
1.5196,S1,,0.477622,-0.786196,-0.005057,-0.020874,-0.030845,-0.127590,,
1.5296,S1,,0.477574,-0.786394,-0.005352,-0.022093,-0.031907,-0.132020,-55.8934,27.3875
1.5396,S1,,0.477508,-0.786668,-0.005709,-0.023570,-0.032829,-0.135899,,
1.5496,S1,,0.477442,-0.786943,-0.006065,-0.025047,-0.033750,-0.139779,,
1.5596,S1,,0.477375,-0.787217,-0.006421,-0.026524,-0.034672,-0.143659,,
1.5696,S1,,0.477309,-0.787492,-0.006778,-0.028000,-0.035594,-0.147539,,
1.5796,S1,,0.477242,-0.787766,-0.007134,-0.029477,-0.036515,-0.151418,-55.8718,27.3860
1.5896,S1,,0.477176,-0.788041,-0.007491,-0.030954,-0.037437,-0.155298,,
1.5996,S1,,0.477109,-0.788315,-0.007847,-0.032431,-0.038359,-0.159178,,
1.6096,S1,,0.477037,-0.788614,-0.008213,-0.033949,-0.039165,-0.162594,,
1.6196,S1,,0.476939,-0.789018,-0.008622,-0.035651,-0.039457,-0.163944,,
1.6296,S1,,0.476842,-0.789423,-0.009031,-0.037354,-0.039749,-0.165295,-55.8513,27.3893
1.6396,S1,,0.476744,-0.789827,-0.009440,-0.039056,-0.040040,-0.166645,,
1.6496,S1,,0.476646,-0.790232,-0.009849,-0.040759,-0.040332,-0.167995,,
1.6596,S1,,0.476548,-0.790636,-0.010258,-0.042462,-0.040624,-0.169345,,
1.6696,S1,,0.476450,-0.791041,-0.010667,-0.044164,-0.040916,-0.170695,,
1.6796,S1,,0.476353,-0.791445,-0.011076,-0.045867,-0.041208,-0.172045,-55.8323,27.3986
1.6896,S1,,0.476252,-0.791862,-0.011483,-0.047563,-0.041386,-0.172935,,
1.6996,S1,,0.476121,-0.792404,-0.011870,-0.049191,-0.040442,-0.169292,,
1.7096,S1,,0.475991,-0.792946,-0.012258,-0.050820,-0.039498,-0.165648,,
1.7196,S1,,0.475860,-0.793488,-0.012645,-0.052449,-0.038554,-0.162005,,
1.7296,S1,,0.475729,-0.794030,-0.013032,-0.054078,-0.037611,-0.158362,-55.8207,27.4225
1.7396,S1,,0.475599,-0.794572,-0.013420,-0.055707,-0.036667,-0.154718,,
1.7496,S1,,0.475468,-0.795114,-0.013807,-0.057335,-0.035723,-0.151075,,
1.7596,S1,,0.475337,-0.795656,-0.014194,-0.058964,-0.034780,-0.147432,,
1.7696,S1,,0.475207,-0.796198,-0.014581,-0.060592,-0.033833,-0.143776,,
1.7796,S1,,0.475050,-0.796852,-0.014816,-0.061620,-0.030877,-0.131979,-55.8146,27.4547
1.7896,S1,,0.474893,-0.797506,-0.015052,-0.062648,-0.027921,-0.120181,,
1.7996,S1,,0.474736,-0.798160,-0.015287,-0.063675,-0.024965,-0.108384,,
1.8096,S1,,0.474579,-0.798814,-0.015523,-0.064703,-0.022009,-0.096586,,
1.8196,S1,,0.474422,-0.799468,-0.015758,-0.065731,-0.019054,-0.084789,,
1.8296,S1,,0.474265,-0.800122,-0.015993,-0.066759,-0.016098,-0.072991,-55.8235,27.5072
1.8396,S1,,0.474108,-0.800775,-0.016229,-0.067786,-0.013142,-0.061194,,
1.8496,S1,,0.473951,-0.801429,-0.016464,-0.068814,-0.010186,-0.049396,,
1.8596,S1,,0.473788,-0.802116,-0.016438,-0.068798,-0.007581,-0.039064,,
1.8696,S1,,0.473623,-0.802806,-0.016387,-0.068680,-0.005011,-0.028875,,
1.8796,S1,,0.473459,-0.803496,-0.016336,-0.068562,-0.002440,-0.018686,-55.8287,27.5579
1.8896,S1,,0.473295,-0.804186,-0.016285,-0.068444,0.000130,-0.008497,,
1.8996,S1,,0.473131,-0.804876,-0.016233,-0.068325,0.002701,0.001692,,
1.9096,S1,,0.472967,-0.805566,-0.016182,-0.068207,0.005271,0.011881,,
1.9196,S1,,0.472802,-0.806256,-0.016131,-0.068089,0.007842,0.022070,,
1.9296,S1,,0.472638,-0.806946,-0.016080,-0.067971,0.010412,0.032259,-55.8311,27.6072
1.9396,S1,,0.472480,-0.807617,-0.015989,-0.067712,0.010551,0.032515,,
1.9496,S1,,0.472324,-0.808284,-0.015890,-0.067423,0.010156,0.030590,,
1.9596,S1,,0.472167,-0.808951,-0.015791,-0.067133,0.009761,0.028665,,
1.9696,S1,,0.472011,-0.809618,-0.015691,-0.066844,0.009366,0.026739,,
1.9796,S1,,0.471854,-0.810284,-0.015592,-0.066554,0.008971,0.024814,-55.8013,27.6240
1.9896,S1,,0.471698,-0.810951,-0.015493,-0.066265,0.008576,0.022889,,
1.9996,S1,,0.471541,-0.811618,-0.015394,-0.065975,0.008181,0.020964,,
2.0096,S1,,0.471385,-0.812285,-0.015295,-0.065686,0.007785,0.019038,,
2.0196,S1,,0.471232,-0.812942,-0.015250,-0.065640,0.006564,0.013722,,
2.0296,S1,,0.471082,-0.813596,-0.015227,-0.065684,0.005036,0.007146,-55.7660,27.6349
2.0396,S1,,0.470931,-0.814251,-0.015203,-0.065729,0.003508,0.000569,,
2.0496,S1,,0.470780,-0.814905,-0.015179,-0.065773,0.001979,-0.006007,,
2.0596,S1,,0.470629,-0.815559,-0.015155,-0.065818,0.000451,-0.012583,,
2.0696,S1,,0.470478,-0.816214,-0.015131,-0.065862,-0.001077,-0.019159,,
2.0796,S1,,0.470327,-0.816868,-0.015107,-0.065907,-0.002605,-0.025736,-55.7227,27.6371
2.0896,S1,,0.470176,-0.817522,-0.015084,-0.065951,-0.004133,-0.032312,,
2.0996,S1,,0.470022,-0.818197,-0.015176,-0.066488,-0.006623,-0.042823,,
2.1096,S1,,0.469867,-0.818882,-0.015334,-0.067303,-0.009656,-0.055563,,
2.1196,S1,,0.469711,-0.819568,-0.015492,-0.068119,-0.012689,-0.068303,,
2.1296,S1,,0.469556,-0.820254,-0.015650,-0.068935,-0.015723,-0.081043,-55.6665,27.6276
2.1396,S1,,0.469400,-0.820940,-0.015809,-0.069750,-0.018756,-0.093783,,
2.1496,S1,,0.469245,-0.821625,-0.015967,-0.070566,-0.021790,-0.106523,,
2.1596,S1,,0.469089,-0.822311,-0.016125,-0.071381,-0.024823,-0.119263,,
2.1696,S1,,0.468934,-0.822997,-0.016283,-0.072197,-0.027857,-0.132003,,
2.1796,S1,,0.468767,-0.823738,-0.016529,-0.073388,-0.029214,-0.137938,-55.6090,27.6175
2.1896,S1,,0.468590,-0.824525,-0.016848,-0.074891,-0.029187,-0.138252,,
2.1996,S1,,0.468414,-0.825312,-0.017167,-0.076393,-0.029160,-0.138565,,
2.2096,S1,,0.468237,-0.826100,-0.017485,-0.077896,-0.029134,-0.138879,,
2.2196,S1,,0.468060,-0.826887,-0.017804,-0.079398,-0.029107,-0.139193,,
2.2296,S1,,0.467883,-0.827674,-0.018123,-0.080901,-0.029080,-0.139506,-55.5798,27.6401
2.2396,S1,,0.467707,-0.828461,-0.018442,-0.082403,-0.029053,-0.139820,,
2.2496,S1,,0.467530,-0.829248,-0.018761,-0.083906,-0.029026,-0.140133,,
2.2596,S1,,0.467343,-0.830087,-0.019044,-0.085279,-0.028402,-0.138030,,
2.2696,S1,,0.467143,-0.830986,-0.019284,-0.086499,-0.027068,-0.133052,,
2.2796,S1,,0.466943,-0.831885,-0.019525,-0.087718,-0.025735,-0.128074,-55.5560,27.6712
2.2896,S1,,0.466744,-0.832784,-0.019766,-0.088938,-0.024401,-0.123097,,
2.2996,S1,,0.466544,-0.833684,-0.020006,-0.090158,-0.023068,-0.118119,,
2.3096,S1,,0.466344,-0.834583,-0.020247,-0.091377,-0.021734,-0.113142,,
2.3196,S1,,0.466144,-0.835482,-0.020488,-0.092597,-0.020401,-0.108164,,
2.3296,S1,,0.465944,-0.836381,-0.020728,-0.093817,-0.019067,-0.103187,-55.5377,27.7112
2.3396,S1,,0.465739,-0.837310,-0.020920,-0.094851,-0.017613,-0.097723,,
2.3496,S1,,0.465525,-0.838288,-0.021027,-0.095564,-0.015949,-0.091418,,
2.3596,S1,,0.465311,-0.839267,-0.021134,-0.096276,-0.014285,-0.085113,,
2.3696,S1,,0.465097,-0.840246,-0.021241,-0.096989,-0.012620,-0.078808,,
2.3796,S1,,0.464883,-0.841224,-0.021347,-0.097702,-0.010956,-0.072503,-55.5205,27.7564
2.3896,S1,,0.464668,-0.842203,-0.021454,-0.098415,-0.009292,-0.066197,,
2.3996,S1,,0.464454,-0.843182,-0.021561,-0.099128,-0.007628,-0.059892,,
2.4096,S1,,0.464240,-0.844161,-0.021668,-0.099840,-0.005964,-0.053587,,
2.4196,S1,,0.464024,-0.845152,-0.021761,-0.100507,-0.004831,-0.049441,,
2.4296,S1,,0.463805,-0.846177,-0.021818,-0.101054,-0.005099,-0.050980,-55.4975,27.7968
2.4396,S1,,0.463585,-0.847202,-0.021875,-0.101601,-0.005366,-0.052518,,
2.4496,S1,,0.463366,-0.848226,-0.021932,-0.102148,-0.005633,-0.054057,,
2.4596,S1,,0.463146,-0.849251,-0.021989,-0.102694,-0.005900,-0.055595,,
2.4696,S1,,0.462926,-0.850276,-0.022046,-0.103241,-0.006167,-0.057134,,
2.4796,S1,,0.462707,-0.851301,-0.022103,-0.103788,-0.006434,-0.058673,-55.4578,27.8219
2.4896,S1,,0.462487,-0.852326,-0.022160,-0.104334,-0.006701,-0.060211,,
2.4996,S1,,0.462266,-0.853360,-0.022223,-0.104911,-0.007009,-0.061915,,
2.5096,S1,,0.462041,-0.854435,-0.022310,-0.105617,-0.007497,-0.064349,,
2.5196,S1,,0.461816,-0.855510,-0.022398,-0.106324,-0.007985,-0.066783,,
2.5296,S1,,0.461590,-0.856585,-0.022485,-0.107031,-0.008473,-0.069217,-55.4162,27.8460
2.5396,S1,,0.461365,-0.857660,-0.022572,-0.107738,-0.008961,-0.071652,,
2.5496,S1,,0.461140,-0.858735,-0.022660,-0.108445,-0.009449,-0.074086,,
2.5596,S1,,0.460914,-0.859810,-0.022747,-0.109151,-0.009937,-0.076520,,
2.5696,S1,,0.460689,-0.860885,-0.022834,-0.109858,-0.010425,-0.078954,,
2.5796,S1,,0.460463,-0.861966,-0.022923,-0.110572,-0.010829,-0.081068,-55.3734,27.8694
2.5896,S1,,0.460230,-0.863104,-0.023019,-0.111358,-0.010429,-0.080086,,
2.5996,S1,,0.459996,-0.864241,-0.023115,-0.112144,-0.010029,-0.079105,,
2.6096,S1,,0.459763,-0.865379,-0.023211,-0.112930,-0.009629,-0.078124,,
2.6196,S1,,0.459530,-0.866516,-0.023307,-0.113717,-0.009228,-0.077142,,
2.6296,S1,,0.459297,-0.867654,-0.023403,-0.114503,-0.008828,-0.076161,-55.3377,27.9032
2.6396,S1,,0.459063,-0.868791,-0.023500,-0.115289,-0.008428,-0.075180,,
2.6496,S1,,0.458830,-0.869929,-0.023596,-0.116075,-0.008028,-0.074198,,
2.6596,S1,,0.458597,-0.871066,-0.023692,-0.116860,-0.007627,-0.073215,,
2.6696,S1,,0.458357,-0.872263,-0.023745,-0.117528,-0.007046,-0.071560,,
2.6796,S1,,0.458118,-0.873459,-0.023799,-0.118196,-0.006465,-0.069904,-55.3021,27.9378
2.6896,S1,,0.457879,-0.874656,-0.023852,-0.118863,-0.005884,-0.068249,,
2.6996,S1,,0.457639,-0.875852,-0.023906,-0.119531,-0.005304,-0.066594,,
2.7096,S1,,0.457400,-0.877049,-0.023959,-0.120199,-0.004723,-0.064939,,
2.7196,S1,,0.457160,-0.878245,-0.024013,-0.120866,-0.004142,-0.063284,,
2.7296,S1,,0.456921,-0.879442,-0.024066,-0.121534,-0.003561,-0.061628,-55.2667,27.9741
2.7396,S1,,0.456682,-0.880638,-0.024119,-0.122202,-0.002981,-0.059973,,
2.7496,S1,,0.456439,-0.881880,-0.024151,-0.122795,-0.002958,-0.059598,,
2.7596,S1,,0.456197,-0.883127,-0.024181,-0.123382,-0.002988,-0.059347,,
2.7696,S1,,0.455955,-0.884373,-0.024210,-0.123968,-0.003019,-0.059095,,
2.7796,S1,,0.455712,-0.885619,-0.024240,-0.124554,-0.003050,-0.058843,-55.2332,28.0095
2.7896,S1,,0.455470,-0.886866,-0.024269,-0.125140,-0.003080,-0.058592,,
2.7996,S1,,0.455227,-0.888112,-0.024299,-0.125727,-0.003111,-0.058340,,
2.8096,S1,,0.454985,-0.889359,-0.024328,-0.126313,-0.003142,-0.058088,,
2.8196,S1,,0.454743,-0.890605,-0.024357,-0.126899,-0.003172,-0.057837,,
2.8296,S1,,0.454498,-0.891890,-0.024390,-0.127472,-0.003008,-0.057493,-55.1990,28.0442
2.8396,S1,,0.454253,-0.893183,-0.024423,-0.128041,-0.002801,-0.057129,,
2.8496,S1,,0.454008,-0.894477,-0.024456,-0.128610,-0.002593,-0.056765,,
2.8596,S1,,0.453763,-0.895770,-0.024489,-0.129180,-0.002386,-0.056401,,
2.8696,S1,,0.453518,-0.897063,-0.024522,-0.129749,-0.002179,-0.056037,,
2.8796,S1,,0.453273,-0.898356,-0.024556,-0.130319,-0.001972,-0.055673,-55.1606,28.0782
2.8896,S1,,0.453028,-0.899649,-0.024589,-0.130888,-0.001765,-0.055309,,
2.8996,S1,,0.452783,-0.900943,-0.024622,-0.131457,-0.001557,-0.054945,,
2.9096,S1,,0.452538,-0.902268,-0.024600,-0.131978,-0.000452,-0.054012,,
2.9196,S1,,0.452292,-0.903605,-0.024559,-0.132481,0.000985,-0.052868,,
2.9296,S1,,0.452047,-0.904942,-0.024517,-0.132984,0.002422,-0.051725,-55.1096,28.1090
2.9396,S1,,0.451802,-0.906279,-0.024475,-0.133487,0.003859,-0.050581,,
2.9496,S1,,0.451556,-0.907616,-0.024434,-0.133991,0.005296,-0.049437,,
2.9596,S1,,0.451311,-0.908953,-0.024392,-0.134494,0.006732,-0.048294,,
2.9696,S1,,0.451065,-0.910290,-0.024351,-0.134997,0.008169,-0.047150,,
2.9796,S1,,0.450820,-0.911628,-0.024309,-0.135500,0.009606,-0.046007,-55.0480,28.1370
2.9896,S1,,0.450579,-0.912988,-0.024220,-0.135952,0.009855,-0.045258,,
2.9996,S1,,0.450341,-0.914363,-0.024103,-0.136375,0.009436,-0.044733,,
3.0096,S1,,0.450103,-0.915737,-0.023987,-0.136799,0.009016,-0.044207,,
3.0196,S1,,0.449865,-0.917111,-0.023871,-0.137222,0.008597,-0.043682,,
3.0296,S1,,0.449628,-0.918485,-0.023754,-0.137646,0.008177,-0.043156,-55.0251,28.1761
3.0396,S1,,0.449390,-0.919859,-0.023638,-0.138069,0.007758,-0.042630,,
3.0496,S1,,0.449152,-0.921234,-0.023522,-0.138493,0.007338,-0.042105,,
3.0596,S1,,0.448914,-0.922608,-0.023405,-0.138917,0.006919,-0.041579,,
3.0696,S1,,0.448679,-0.924000,-0.023357,-0.139334,0.005891,-0.041257,,
3.0796,S1,,0.448446,-0.925408,-0.023366,-0.139745,0.004365,-0.041102,-55.0122,28.2177
3.0896,S1,,0.448213,-0.926816,-0.023374,-0.140157,0.002838,-0.040947,,
3.0996,S1,,0.447980,-0.928224,-0.023382,-0.140569,0.001312,-0.040793,,
3.1096,S1,,0.447747,-0.929631,-0.023390,-0.140981,-0.000215,-0.040638,,
3.1196,S1,,0.447514,-0.931039,-0.023398,-0.141392,-0.001741,-0.040483,,
3.1296,S1,,0.447281,-0.932447,-0.023406,-0.141804,-0.003268,-0.040328,-55.0158,28.2637
3.1396,S1,,0.447049,-0.933855,-0.023415,-0.142216,-0.004794,-0.040173,,
3.1496,S1,,0.446815,-0.935277,-0.023414,-0.142600,-0.004849,-0.039532,,
3.1596,S1,,0.446580,-0.936716,-0.023403,-0.142953,-0.003165,-0.038317,,
3.1696,S1,,0.446346,-0.938156,-0.023393,-0.143305,-0.001481,-0.037102,,
3.1796,S1,,0.446111,-0.939595,-0.023382,-0.143657,0.000204,-0.035887,-54.9719,28.2956
3.1896,S1,,0.445876,-0.941034,-0.023371,-0.144010,0.001888,-0.034672,,
3.1996,S1,,0.445642,-0.942473,-0.023361,-0.144362,0.003572,-0.033457,,
3.2096,S1,,0.445407,-0.943913,-0.023350,-0.144714,0.005256,-0.032242,,
3.2196,S1,,0.445172,-0.945352,-0.023339,-0.145066,0.006940,-0.031027,,
3.2296,S1,,0.444940,-0.946800,-0.023290,-0.145386,0.008169,-0.029948,-54.9086,28.3214
3.2396,S1,,0.444711,-0.948264,-0.023175,-0.145649,0.008614,-0.029102,,
3.2496,S1,,0.444482,-0.949728,-0.023060,-0.145912,0.009058,-0.028257,,
3.2596,S1,,0.444253,-0.951192,-0.022945,-0.146175,0.009503,-0.027412,,
3.2696,S1,,0.444024,-0.952656,-0.022830,-0.146438,0.009948,-0.026566,,
3.2796,S1,,0.443796,-0.954120,-0.022715,-0.146702,0.010392,-0.025721,-54.8708,28.3541
3.2896,S1,,0.443567,-0.955584,-0.022599,-0.146965,0.010837,-0.024875,,
3.2996,S1,,0.443338,-0.957048,-0.022484,-0.147228,0.011282,-0.024030,,
3.3096,S1,,0.443112,-0.958517,-0.022370,-0.147475,0.011594,-0.023221,,
3.3196,S1,,0.442892,-0.960000,-0.022260,-0.147682,0.011562,-0.022508,,
3.3296,S1,,0.442673,-0.961483,-0.022150,-0.147889,0.011529,-0.021796,-54.8380,28.3875
3.3396,S1,,0.442453,-0.962966,-0.022040,-0.148096,0.011497,-0.021083,,
3.3496,S1,,0.442234,-0.964449,-0.021930,-0.148303,0.011464,-0.020370,,
3.3596,S1,,0.442014,-0.965932,-0.021820,-0.148510,0.011432,-0.019657,,
3.3696,S1,,0.441795,-0.967415,-0.021710,-0.148717,0.011400,-0.018945,,
3.3796,S1,,0.441575,-0.968898,-0.021600,-0.148924,0.011367,-0.018232,-54.8114,28.4217
3.3896,S1,,0.441357,-0.970384,-0.021487,-0.149119,0.011402,-0.017495,,
3.3996,S1,,0.441147,-0.971881,-0.021360,-0.149261,0.011732,-0.016654,,
3.4096,S1,,0.440937,-0.973378,-0.021233,-0.149404,0.012062,-0.015812,,
3.4196,S1,,0.440727,-0.974875,-0.021106,-0.149546,0.012392,-0.014971,,
3.4296,S1,,0.440517,-0.976372,-0.020979,-0.149689,0.012722,-0.014129,-54.7799,28.4535
3.4396,S1,,0.440306,-0.977869,-0.020853,-0.149831,0.013052,-0.013288,,
3.4496,S1,,0.440096,-0.979366,-0.020726,-0.149974,0.013383,-0.012446,,
3.4596,S1,,0.439886,-0.980864,-0.020599,-0.150117,0.013713,-0.011605,,
3.4696,S1,,0.439677,-0.982362,-0.020470,-0.150253,0.014025,-0.010768,,
3.4796,S1,,0.439478,-0.983868,-0.020324,-0.150329,0.014175,-0.009973,-54.7482,28.4842
3.4896,S1,,0.439279,-0.985374,-0.020178,-0.150405,0.014325,-0.009178,,
3.4996,S1,,0.439080,-0.986880,-0.020031,-0.150482,0.014475,-0.008383,,
3.5096,S1,,0.438881,-0.988385,-0.019885,-0.150558,0.014624,-0.007588,,
3.5196,S1,,0.438682,-0.989891,-0.019739,-0.150634,0.014774,-0.006793,,
3.5296,S1,,0.438483,-0.991397,-0.019592,-0.150710,0.014924,-0.005998,-54.7210,28.5150
3.5396,S1,,0.438284,-0.992903,-0.019446,-0.150787,0.015074,-0.005203,,
3.5496,S1,,0.438085,-0.994409,-0.019299,-0.150863,0.015224,-0.004408,,
3.5596,S1,,0.437898,-0.995919,-0.019141,-0.150874,0.015381,-0.003605,,
3.5696,S1,,0.437712,-0.997428,-0.018983,-0.150886,0.015539,-0.002801,,
3.5796,S1,,0.437525,-0.998938,-0.018824,-0.150898,0.015697,-0.001998,-54.6947,28.5447
3.5896,S1,,0.437338,-1.000448,-0.018666,-0.150909,0.015855,-0.001194,,
3.5996,S1,,0.437152,-1.001957,-0.018507,-0.150921,0.016013,-0.000391,,
3.6096,S1,,0.436965,-1.003467,-0.018349,-0.150933,0.016170,0.000412,,
3.6196,S1,,0.436778,-1.004976,-0.018191,-0.150945,0.016328,0.001216,,
3.6296,S1,,0.436592,-1.006486,-0.018032,-0.150956,0.016486,0.002019,-54.6686,28.5734
3.6396,S1,,0.436417,-1.007994,-0.017862,-0.150909,0.016626,0.002819,,
3.6496,S1,,0.436244,-1.009502,-0.017691,-0.150855,0.016765,0.003618,,
3.6596,S1,,0.436070,-1.011009,-0.017521,-0.150802,0.016904,0.004417,,
3.6696,S1,,0.435897,-1.012517,-0.017350,-0.150749,0.017042,0.005216,,
3.6796,S1,,0.435724,-1.014025,-0.017179,-0.150695,0.017181,0.006015,-54.6455,28.6011
3.6896,S1,,0.435550,-1.015533,-0.017008,-0.150642,0.017320,0.006814,,
3.6996,S1,,0.435377,-1.017041,-0.016837,-0.150589,0.017458,0.007613,,
3.7096,S1,,0.435204,-1.018549,-0.016666,-0.150535,0.017597,0.008412,,
3.7196,S1,,0.435042,-1.020051,-0.016487,-0.150429,0.017708,0.009200,,
3.7296,S1,,0.434883,-1.021552,-0.016306,-0.150312,0.017812,0.009986,-54.6229,28.6276
3.7396,S1,,0.434724,-1.023053,-0.016126,-0.150195,0.017917,0.010772,,
3.7496,S1,,0.434565,-1.024554,-0.015945,-0.150077,0.018022,0.011558,,
3.7596,S1,,0.434406,-1.026055,-0.015765,-0.149960,0.018126,0.012343,,
3.7696,S1,,0.434247,-1.027556,-0.015584,-0.149842,0.018231,0.013129,,
3.7796,S1,,0.434087,-1.029056,-0.015403,-0.149725,0.018336,0.013915,-54.6021,28.6531
3.7896,S1,,0.433928,-1.030557,-0.015223,-0.149608,0.018440,0.014701,,
3.7996,S1,,0.433780,-1.032050,-0.015037,-0.149444,0.018525,0.015475,,
3.8096,S1,,0.433636,-1.033538,-0.014849,-0.149264,0.018603,0.016245,,
3.8196,S1,,0.433492,-1.035027,-0.014661,-0.149083,0.018681,0.017016,,
3.8296,S1,,0.433348,-1.036516,-0.014473,-0.148903,0.018759,0.017786,-54.5834,28.6774
3.8396,S1,,0.433203,-1.038005,-0.014285,-0.148722,0.018836,0.018557,,
3.8496,S1,,0.433059,-1.039494,-0.014097,-0.148542,0.018914,0.019327,,
3.8596,S1,,0.432915,-1.040983,-0.013909,-0.148362,0.018992,0.020097,,
3.8696,S1,,0.432771,-1.042472,-0.013720,-0.148181,0.019069,0.020868,,
3.8796,S1,,0.432637,-1.043950,-0.013529,-0.147961,0.019127,0.021625,-54.5653,28.7005
3.8896,S1,,0.432508,-1.045421,-0.013336,-0.147719,0.019173,0.022374,,
3.8996,S1,,0.432379,-1.046893,-0.013143,-0.147477,0.019219,0.023124,,
3.9096,S1,,0.432250,-1.048365,-0.012950,-0.147236,0.019266,0.023874,,
3.9196,S1,,0.432122,-1.049837,-0.012757,-0.146994,0.019312,0.024623,,
3.9296,S1,,0.431993,-1.051309,-0.012564,-0.146752,0.019358,0.025373,-54.5501,28.7224
3.9396,S1,,0.431864,-1.052780,-0.012371,-0.146510,0.019405,0.026122,,
3.9496,S1,,0.431735,-1.054252,-0.012178,-0.146268,0.019451,0.026872,,
3.9596,S1,,0.431615,-1.055712,-0.011983,-0.145993,0.019480,0.027608,,
3.9696,S1,,0.431502,-1.057162,-0.011788,-0.145691,0.019495,0.028332,,
3.9796,S1,,0.431389,-1.058611,-0.011592,-0.145390,0.019511,0.029056,-54.5360,28.7429
3.9896,S1,,0.431276,-1.060061,-0.011397,-0.145088,0.019526,0.029781,,
3.9996,S1,,0.431163,-1.061511,-0.011201,-0.144787,0.019541,0.030505,,
4.0096,S1,,0.431050,-1.062961,-0.011006,-0.144485,0.019557,0.031230,,
4.0196,S1,,0.430937,-1.064411,-0.010810,-0.144184,0.019572,0.031954,,
4.0296,S1,,0.430824,-1.065860,-0.010615,-0.143882,0.019587,0.032678,-54.5229,28.7623
4.0396,S1,,0.430719,-1.067298,-0.010419,-0.143554,0.019588,0.033389,,
4.0496,S1,,0.430621,-1.068721,-0.010224,-0.143195,0.019572,0.034084,,
4.0596,S1,,0.430524,-1.070144,-0.010028,-0.142836,0.019556,0.034779,,
4.0696,S1,,0.430427,-1.071567,-0.009832,-0.142477,0.019540,0.035474,,
4.0796,S1,,0.430330,-1.072990,-0.009637,-0.142118,0.019524,0.036169,-54.5129,28.7802
4.0896,S1,,0.430233,-1.074413,-0.009441,-0.141759,0.019508,0.036864,,
4.0996,S1,,0.430136,-1.075836,-0.009246,-0.141400,0.019492,0.037559,,
4.1096,S1,,0.430038,-1.077259,-0.009050,-0.141041,0.019476,0.038254,,
4.1196,S1,,0.429947,-1.078671,-0.008856,-0.140662,0.019449,0.038936,,
4.1296,S1,,0.429866,-1.080062,-0.008663,-0.140248,0.019402,0.039598,-54.5034,28.7969
4.1396,S1,,0.429784,-1.081454,-0.008470,-0.139834,0.019355,0.040259,,
4.1496,S1,,0.429703,-1.082846,-0.008277,-0.139420,0.019308,0.040920,,
4.1596,S1,,0.429621,-1.084238,-0.008084,-0.139006,0.019261,0.041581,,
4.1696,S1,,0.429540,-1.085629,-0.007891,-0.138592,0.019214,0.042243,,
4.1796,S1,,0.429458,-1.087021,-0.007698,-0.138178,0.019168,0.042904,-54.4960,28.8123
4.1896,S1,,0.429377,-1.088413,-0.007505,-0.137764,0.019121,0.043565,,
4.1996,S1,,0.429300,-1.089795,-0.007314,-0.137336,0.019066,0.044216,,
4.2096,S1,,0.429234,-1.091151,-0.007126,-0.136870,0.018989,0.044840,,
4.2196,S1,,0.429168,-1.092507,-0.006938,-0.136404,0.018913,0.045464,,
4.2296,S1,,0.429102,-1.093863,-0.006750,-0.135938,0.018836,0.046089,-54.4904,28.8263
4.2396,S1,,0.429036,-1.095219,-0.006562,-0.135472,0.018759,0.046713,,
4.2496,S1,,0.428970,-1.096576,-0.006374,-0.135006,0.018683,0.047337,,
4.2596,S1,,0.428904,-1.097932,-0.006186,-0.134540,0.018606,0.047961,,
4.2696,S1,,0.428838,-1.099288,-0.005998,-0.134074,0.018530,0.048585,,
4.2796,S1,,0.428774,-1.100637,-0.005811,-0.133599,0.018448,0.049202,-54.4853,28.8391
4.2896,S1,,0.428723,-1.101953,-0.005631,-0.133084,0.018343,0.049786,,
4.2996,S1,,0.428672,-1.103269,-0.005450,-0.132570,0.018238,0.050371,,
4.3096,S1,,0.428621,-1.104586,-0.005269,-0.132055,0.018133,0.050955,,
4.3196,S1,,0.428570,-1.105902,-0.005089,-0.131540,0.018029,0.051540,,
4.3296,S1,,0.428519,-1.107219,-0.004908,-0.131025,0.017924,0.052125,-54.4832,28.8505
4.3396,S1,,0.428468,-1.108535,-0.004727,-0.130510,0.017819,0.052709,,
4.3496,S1,,0.428417,-1.109852,-0.004547,-0.129995,0.017714,0.053294,,
4.3596,S1,,0.428367,-1.111164,-0.004367,-0.129476,0.017607,0.053874,,
4.3696,S1,,0.428330,-1.112437,-0.004196,-0.128916,0.017477,0.054410,,
4.3796,S1,,0.428293,-1.113710,-0.004025,-0.128356,0.017346,0.054947,-54.4817,28.8607
4.3896,S1,,0.428257,-1.114983,-0.003854,-0.127795,0.017216,0.055484,,
4.3996,S1,,0.428220,-1.116256,-0.003683,-0.127235,0.017086,0.056020,,
4.4096,S1,,0.428183,-1.117529,-0.003512,-0.126675,0.016956,0.056557,,
4.4196,S1,,0.428146,-1.118802,-0.003341,-0.126115,0.016825,0.057094,,
4.4296,S1,,0.428109,-1.120074,-0.003169,-0.125554,0.016695,0.057631,-54.4813,28.8697
4.4396,S1,,0.428072,-1.121347,-0.002998,-0.124994,0.016565,0.058167,,
4.4496,S1,,0.428049,-1.122573,-0.002839,-0.124392,0.016410,0.058667,,
4.4596,S1,,0.428026,-1.123799,-0.002679,-0.123790,0.016255,0.059168,,
4.4696,S1,,0.428002,-1.125025,-0.002520,-0.123188,0.016101,0.059668,,
4.4796,S1,,0.427979,-1.126251,-0.002360,-0.122586,0.015946,0.060169,-54.4831,28.8774
4.4896,S1,,0.427955,-1.127477,-0.002201,-0.121983,0.015791,0.060669,,
4.4996,S1,,0.427932,-1.128702,-0.002041,-0.121381,0.015637,0.061170,,
4.5096,S1,,0.427908,-1.129928,-0.001882,-0.120779,0.015482,0.061670,,
4.5196,S1,,0.427885,-1.131154,-0.001722,-0.120177,0.015327,0.062171,,
4.5296,S1,,0.427873,-1.132334,-0.001575,-0.119540,0.015156,0.062613,-54.4852,28.8840
4.5396,S1,,0.427862,-1.133510,-0.001428,-0.118899,0.014982,0.063050,,
4.5496,S1,,0.427851,-1.134685,-0.001282,-0.118259,0.014809,0.063488,,
4.5596,S1,,0.427839,-1.135861,-0.001136,-0.117618,0.014636,0.063925,,
4.5696,S1,,0.427828,-1.137036,-0.000990,-0.116977,0.014462,0.064362,,
4.5796,S1,,0.427817,-1.138212,-0.000844,-0.116337,0.014289,0.064799,-54.4890,28.8893
4.5896,S1,,0.427806,-1.139388,-0.000697,-0.115696,0.014115,0.065236,,
4.5996,S1,,0.427795,-1.140563,-0.000551,-0.115055,0.013942,0.065674,,
4.6096,S1,,0.427793,-1.141695,-0.000417,-0.114389,0.013757,0.066045,,
4.6196,S1,,0.427794,-1.142817,-0.000285,-0.113717,0.013571,0.066403,,
4.6296,S1,,0.427794,-1.143940,-0.000154,-0.113044,0.013384,0.066760,-54.4934,28.8935
4.6396,S1,,0.427794,-1.145062,-0.000022,-0.112372,0.013197,0.067118,,
4.6496,S1,,0.427794,-1.146185,0.000110,-0.111700,0.013010,0.067475,,
4.6596,S1,,0.427794,-1.147307,0.000241,-0.111028,0.012823,0.067833,,
4.6696,S1,,0.427794,-1.148430,0.000373,-0.110355,0.012636,0.068190,,
4.6796,S1,,0.427795,-1.149552,0.000505,-0.109683,0.012449,0.068548,-54.4982,28.8966
4.6896,S1,,0.427802,-1.150634,0.000624,-0.108986,0.012241,0.068979,,
4.6996,S1,,0.427812,-1.151700,0.000740,-0.108281,0.012025,0.069438,,
4.7096,S1,,0.427822,-1.152767,0.000855,-0.107576,0.011809,0.069897,,
4.7196,S1,,0.427833,-1.153834,0.000970,-0.106870,0.011593,0.070356,,
4.7296,S1,,0.427843,-1.154901,0.001086,-0.106165,0.011378,0.070815,-54.5061,28.8995
4.7396,S1,,0.427853,-1.155967,0.001201,-0.105460,0.011162,0.071273,,
4.7496,S1,,0.427863,-1.157034,0.001316,-0.104754,0.010946,0.071732,,
4.7596,S1,,0.427873,-1.158101,0.001432,-0.104049,0.010730,0.072191,,
4.7696,S1,,0.427889,-1.159130,0.001536,-0.103325,0.010528,0.072434,,
4.7796,S1,,0.427908,-1.160138,0.001634,-0.102591,0.010333,0.072558,-54.5133,28.9010
4.7896,S1,,0.427927,-1.161147,0.001732,-0.101857,0.010138,0.072681,,
4.7996,S1,,0.427946,-1.162155,0.001830,-0.101124,0.009944,0.072805,,
4.8096,S1,,0.427964,-1.163163,0.001929,-0.100390,0.009749,0.072929,,
4.8196,S1,,0.427983,-1.164172,0.002027,-0.099656,0.009554,0.073052,,
4.8296,S1,,0.428002,-1.165180,0.002125,-0.098922,0.009359,0.073176,-54.5195,28.9006
4.8396,S1,,0.428021,-1.166188,0.002223,-0.098188,0.009164,0.073300,,
4.8496,S1,,0.428044,-1.167164,0.002313,-0.097456,0.008975,0.073313,,
4.8596,S1,,0.428070,-1.168113,0.002397,-0.096726,0.008792,0.073237,,
4.8696,S1,,0.428096,-1.169062,0.002480,-0.095996,0.008608,0.073161,,
4.8796,S1,,0.428122,-1.170011,0.002563,-0.095266,0.008424,0.073085,-54.5253,28.8988
4.8896,S1,,0.428148,-1.170960,0.002647,-0.094536,0.008240,0.073009,,
4.8996,S1,,0.428174,-1.171909,0.002730,-0.093806,0.008056,0.072933,,
4.9096,S1,,0.428200,-1.172858,0.002814,-0.093076,0.007872,0.072857,,
4.9196,S1,,0.428227,-1.173807,0.002897,-0.092346,0.007688,0.072780,,
4.9296,S1,,0.428256,-1.174728,0.002971,-0.091594,0.007440,0.073294,-54.5320,28.8966
4.9396,S1,,0.428288,-1.175617,0.003034,-0.090817,0.007116,0.074495,,
4.9496,S1,,0.428320,-1.176506,0.003096,-0.090040,0.006793,0.075696,,
4.9596,S1,,0.428352,-1.177395,0.003159,-0.089262,0.006469,0.076897,,
4.9696,S1,,0.428384,-1.178283,0.003222,-0.088485,0.006145,0.078098,,
4.9796,S1,,0.428416,-1.179172,0.003284,-0.087707,0.005822,0.079299,-54.5510,28.9007
4.9896,S1,,0.428448,-1.180061,0.003347,-0.086930,0.005498,0.080501,,
4.9996,S1,,0.428480,-1.180950,0.003410,-0.086153,0.005175,0.081702,,
5.0096,S1,,0.428514,-1.181814,0.003464,-0.085349,0.004907,0.082363,,
5.0196,S1,,0.428550,-1.182636,0.003503,-0.084502,0.004735,0.082107,,
5.0296,S1,,0.428586,-1.183459,0.003542,-0.083654,0.004563,0.081852,-54.5635,28.9004
5.0396,S1,,0.428623,-1.184281,0.003582,-0.082806,0.004391,0.081596,,
5.0496,S1,,0.428659,-1.185103,0.003621,-0.081959,0.004218,0.081340,,
5.0596,S1,,0.428695,-1.185926,0.003660,-0.081111,0.004046,0.081084,,
5.0696,S1,,0.428731,-1.186748,0.003699,-0.080263,0.003874,0.080828,,
5.0796,S1,,0.428767,-1.187571,0.003738,-0.079416,0.003702,0.080573,-54.5689,28.8953
5.0896,S1,,0.428804,-1.188375,0.003778,-0.078610,0.003594,0.079714,,
5.0996,S1,,0.428844,-1.189134,0.003816,-0.077912,0.003650,0.077303,,
5.1096,S1,,0.428883,-1.189892,0.003855,-0.077214,0.003707,0.074892,,
5.1196,S1,,0.428922,-1.190651,0.003894,-0.076515,0.003764,0.072481,,
5.1296,S1,,0.428961,-1.191409,0.003933,-0.075817,0.003820,0.070070,-54.5575,28.8795
5.1396,S1,,0.429001,-1.192168,0.003972,-0.075119,0.003877,0.067659,,
5.1496,S1,,0.429040,-1.192926,0.004011,-0.074421,0.003934,0.065248,,
5.1596,S1,,0.429079,-1.193685,0.004050,-0.073723,0.003990,0.062837,,
5.1696,S1,,0.429119,-1.194434,0.004088,-0.073044,0.003965,0.061220,,
5.1796,S1,,0.429161,-1.195142,0.004122,-0.072450,0.003587,0.063010,-54.5528,28.8673
5.1896,S1,,0.429204,-1.195850,0.004156,-0.071855,0.003210,0.064801,,
5.1996,S1,,0.429246,-1.196558,0.004190,-0.071260,0.002832,0.066591,,
5.2096,S1,,0.429288,-1.197266,0.004224,-0.070666,0.002454,0.068381,,
5.2196,S1,,0.429331,-1.197975,0.004258,-0.070071,0.002076,0.070171,,
5.2296,S1,,0.429373,-1.198683,0.004293,-0.069477,0.001699,0.071962,-54.5789,28.8731
5.2396,S1,,0.429415,-1.199391,0.004327,-0.068882,0.001321,0.073752,,
5.2496,S1,,0.429458,-1.200093,0.004355,-0.068248,0.000908,0.075888,,
5.2596,S1,,0.429501,-1.200739,0.004333,-0.067256,0.000170,0.081202,,
5.2696,S1,,0.429544,-1.201386,0.004310,-0.066264,-0.000567,0.086516,,
5.2796,S1,,0.429587,-1.202032,0.004287,-0.065271,-0.001305,0.091829,-54.6253,28.8912
5.2896,S1,,0.429630,-1.202678,0.004265,-0.064279,-0.002042,0.097143,,
5.2996,S1,,0.429673,-1.203324,0.004242,-0.063287,-0.002780,0.102456,,
5.3096,S1,,0.429716,-1.203970,0.004220,-0.062294,-0.003517,0.107770,,
5.3196,S1,,0.429759,-1.204617,0.004197,-0.061302,-0.004255,0.113084,,
5.3296,S1,,0.429802,-1.205262,0.004174,-0.060307,-0.004989,0.118367,-54.6838,28.9168
5.3396,S1,,0.429841,-1.205814,0.004106,-0.059018,-0.005281,0.119561,,
5.3496,S1,,0.429881,-1.206366,0.004039,-0.057730,-0.005573,0.120755,,
5.3596,S1,,0.429920,-1.206918,0.003971,-0.056441,-0.005865,0.121949,,
5.3696,S1,,0.429959,-1.207471,0.003903,-0.055152,-0.006157,0.123142,,
5.3796,S1,,0.429998,-1.208023,0.003835,-0.053863,-0.006450,0.124336,-54.7028,28.9193
5.3896,S1,,0.430038,-1.208575,0.003768,-0.052574,-0.006742,0.125530,,
5.3996,S1,,0.430077,-1.209127,0.003700,-0.051285,-0.007034,0.126724,,
5.4096,S1,,0.430116,-1.209679,0.003632,-0.049996,-0.007326,0.127918,,
5.4196,S1,,0.430151,-1.210150,0.003607,-0.049229,-0.006293,0.116618,,
5.4296,S1,,0.430186,-1.210613,0.003586,-0.048510,-0.005139,0.104181,-54.6725,28.8922
5.4396,S1,,0.430221,-1.211076,0.003565,-0.047790,-0.003985,0.091745,,
5.4496,S1,,0.430256,-1.211539,0.003545,-0.047071,-0.002831,0.079308,,
5.4596,S1,,0.430290,-1.212002,0.003524,-0.046352,-0.001678,0.066872,,
5.4696,S1,,0.430325,-1.212465,0.003503,-0.045632,-0.000524,0.054435,,
5.4796,S1,,0.430360,-1.212928,0.003482,-0.044913,0.000630,0.041998,-54.5634,28.8173
5.4896,S1,,0.430395,-1.213391,0.003461,-0.044194,0.001784,0.029562,,
5.4996,S1,,0.430430,-1.213832,0.003491,-0.044049,0.002324,0.023109,,
5.5096,S1,,0.430466,-1.214269,0.003531,-0.044025,0.002734,0.017918,,
5.5196,S1,,0.430502,-1.214706,0.003572,-0.044001,0.003145,0.012727,,
5.5296,S1,,0.430538,-1.215143,0.003613,-0.043978,0.003556,0.007536,-54.5066,28.7740
5.5396,S1,,0.430574,-1.215580,0.003653,-0.043954,0.003966,0.002345,,
5.5496,S1,,0.430610,-1.216017,0.003694,-0.043930,0.004377,-0.002846,,
5.5596,S1,,0.430646,-1.216454,0.003734,-0.043907,0.004788,-0.008037,,
5.5696,S1,,0.430682,-1.216891,0.003775,-0.043883,0.005198,-0.013228,,
5.5796,S1,,0.430721,-1.217334,0.003824,-0.044013,0.005250,-0.014873,-54.4726,28.7442
5.5896,S1,,0.430761,-1.217780,0.003877,-0.044199,0.005173,-0.015241,,
5.5996,S1,,0.430801,-1.218227,0.003929,-0.044385,0.005096,-0.015608,,
5.6096,S1,,0.430841,-1.218673,0.003981,-0.044571,0.005018,-0.015976,,
5.6196,S1,,0.430881,-1.219119,0.004034,-0.044757,0.004941,-0.016343,,
5.6296,S1,,0.430921,-1.219565,0.004086,-0.044943,0.004864,-0.016711,-54.4775,28.7376
5.6396,S1,,0.430961,-1.220011,0.004139,-0.045129,0.004787,-0.017078,,
5.6496,S1,,0.431002,-1.220457,0.004191,-0.045315,0.004710,-0.017445,,
5.6596,S1,,0.431043,-1.220901,0.004193,-0.045071,0.003633,-0.008179,,
5.6696,S1,,0.431085,-1.221343,0.004167,-0.044589,0.002006,0.006406,,
5.6796,S1,,0.431127,-1.221786,0.004140,-0.044107,0.000378,0.020991,-54.5556,28.7758
5.6896,S1,,0.431169,-1.222228,0.004114,-0.043624,-0.001250,0.035576,,
5.6996,S1,,0.431211,-1.222671,0.004088,-0.043142,-0.002877,0.050160,,
5.7096,S1,,0.431253,-1.223113,0.004062,-0.042660,-0.004505,0.064745,,
5.7196,S1,,0.431294,-1.223556,0.004035,-0.042178,-0.006133,0.079330,,
5.7296,S1,,0.431336,-1.223998,0.004009,-0.041696,-0.007760,0.093915,-54.6988,28.8540
5.7396,S1,,0.431375,-1.224399,0.003935,-0.040795,-0.008788,0.102877,,
5.7496,S1,,0.431411,-1.224766,0.003822,-0.039558,-0.009331,0.107304,,
5.7596,S1,,0.431446,-1.225133,0.003710,-0.038320,-0.009874,0.111731,,
5.7696,S1,,0.431482,-1.225501,0.003597,-0.037082,-0.010417,0.116158,,
5.7796,S1,,0.431518,-1.225868,0.003484,-0.035844,-0.010960,0.120586,-54.7543,28.8801
5.7896,S1,,0.431553,-1.226235,0.003372,-0.034606,-0.011503,0.125013,,
5.7996,S1,,0.431589,-1.226602,0.003259,-0.033368,-0.012047,0.129440,,
5.8096,S1,,0.431625,-1.226969,0.003146,-0.032131,-0.012590,0.133867,,
5.8196,S1,,0.431656,-1.227287,0.003026,-0.030851,-0.012837,0.135555,,
5.8296,S1,,0.431682,-1.227547,0.002899,-0.029522,-0.012741,0.134061,-54.7847,28.8915
5.8396,S1,,0.431707,-1.227807,0.002771,-0.028193,-0.012646,0.132568,,
5.8496,S1,,0.431733,-1.228067,0.002643,-0.026865,-0.012550,0.131074,,
5.8596,S1,,0.431758,-1.228327,0.002515,-0.025536,-0.012454,0.129580,,
5.8696,S1,,0.431784,-1.228587,0.002387,-0.024207,-0.012358,0.128087,,
5.8796,S1,,0.431810,-1.228847,0.002259,-0.022879,-0.012263,0.126593,-54.7751,28.8798
5.8896,S1,,0.431835,-1.229107,0.002132,-0.021550,-0.012167,0.125100,,
5.8996,S1,,0.431857,-1.229330,0.002011,-0.020310,-0.011968,0.122685,,
5.9096,S1,,0.431873,-1.229491,0.001904,-0.019222,-0.011597,0.118716,,
5.9196,S1,,0.431889,-1.229652,0.001798,-0.018133,-0.011225,0.114747,,
5.9296,S1,,0.431905,-1.229813,0.001691,-0.017044,-0.010854,0.110778,-54.7491,28.8594
5.9396,S1,,0.431921,-1.229974,0.001584,-0.015955,-0.010482,0.106808,,
5.9496,S1,,0.431937,-1.230135,0.001477,-0.014866,-0.010111,0.102839,,
5.9596,S1,,0.431953,-1.230296,0.001370,-0.013777,-0.009739,0.098870,,
5.9696,S1,,0.431969,-1.230457,0.001263,-0.012688,-0.009368,0.094901,,
5.9796,S1,,0.431983,-1.230597,0.001165,-0.011696,-0.008984,0.090850,-54.7150,28.8348
5.9896,S1,,0.431992,-1.230683,0.001091,-0.010951,-0.008568,0.086591,,
5.9996,S1,,0.432000,-1.230770,0.001017,-0.010205,-0.008152,0.082331,,
6.0096,S1,,0.432009,-1.230856,0.000943,-0.009460,-0.007736,0.078072,,
6.0196,S1,,0.432018,-1.230943,0.000869,-0.008715,-0.007320,0.073812,,
6.0296,S1,,0.432026,-1.231029,0.000795,-0.007970,-0.006904,0.069553,-54.6773,28.8094
6.0396,S1,,0.432035,-1.231116,0.000721,-0.007225,-0.006488,0.065294,,
6.0496,S1,,0.432044,-1.231203,0.000647,-0.006480,-0.006073,0.061034,,
6.0596,S1,,0.432051,-1.231280,0.000579,-0.005795,-0.005672,0.056938,,
6.0696,S1,,0.432055,-1.231320,0.000536,-0.005364,-0.005334,0.053534,,
6.0796,S1,,0.432059,-1.231359,0.000493,-0.004934,-0.004997,0.050129,-54.6428,28.7865
6.0896,S1,,0.432063,-1.231399,0.000450,-0.004503,-0.004659,0.046725,,
6.0996,S1,,0.432067,-1.231438,0.000408,-0.004073,-0.004322,0.043321,,
6.1096,S1,,0.432071,-1.231478,0.000365,-0.003643,-0.003984,0.039916,,
6.1196,S1,,0.432075,-1.231517,0.000322,-0.003212,-0.003647,0.036512,,
6.1296,S1,,0.432079,-1.231557,0.000279,-0.002782,-0.003309,0.033108,-54.6123,28.7666
6.1396,S1,,0.432083,-1.231594,0.000238,-0.002374,-0.002983,0.029825,,
6.1496,S1,,0.432084,-1.231608,0.000218,-0.002170,-0.002766,0.027644,,
6.1596,S1,,0.432086,-1.231623,0.000197,-0.001966,-0.002548,0.025463,,
6.1696,S1,,0.432087,-1.231637,0.000177,-0.001762,-0.002330,0.023281,,
6.1796,S1,,0.432089,-1.231652,0.000156,-0.001559,-0.002112,0.021100,-54.5906,28.7527
6.1896,S1,,0.432090,-1.231666,0.000136,-0.001355,-0.001894,0.018919,,
6.1996,S1,,0.432091,-1.231681,0.000115,-0.001151,-0.001677,0.016737,,
6.2096,S1,,0.432093,-1.231695,0.000095,-0.000947,-0.001459,0.014556,,
6.2196,S1,,0.432094,-1.231710,0.000075,-0.000744,-0.001242,0.012384,,
6.2296,S1,,0.432095,-1.231714,0.000067,-0.000670,-0.001132,0.011293,-54.5728,28.7414
6.2396,S1,,0.432095,-1.231717,0.000060,-0.000597,-0.001023,0.010201,,
6.2496,S1,,0.432096,-1.231721,0.000053,-0.000523,-0.000914,0.009109,,
6.2596,S1,,0.432096,-1.231725,0.000045,-0.000450,-0.000804,0.008017,,
6.2696,S1,,0.432096,-1.231729,0.000038,-0.000376,-0.000695,0.006925,,
6.2796,S1,,0.432097,-1.231733,0.000030,-0.000303,-0.000585,0.005833,-54.5629,28.7351
6.2896,S1,,0.432097,-1.231737,0.000023,-0.000229,-0.000476,0.004741,,
6.2996,S1,,0.432097,-1.231741,0.000016,-0.000156,-0.000366,0.003649,,
6.3096,S1,,0.432098,-1.231742,0.000013,-0.000134,-0.000323,0.003213,,
6.3196,S1,,0.432098,-1.231742,0.000012,-0.000117,-0.000285,0.002836,,
6.3296,S1,,0.432098,-1.231743,0.000010,-0.000100,-0.000247,0.002458,-54.5568,28.7312
6.3396,S1,,0.432098,-1.231743,0.000008,-0.000083,-0.000209,0.002080,,
6.3496,S1,,0.432098,-1.231744,0.000007,-0.000066,-0.000171,0.001703,,
6.3596,S1,,0.432098,-1.231745,0.000005,-0.000049,-0.000133,0.001325,,
6.3696,S1,,0.432098,-1.231745,0.000003,-0.000032,-0.000095,0.000947,,
6.3796,S1,,0.432098,-1.231746,0.000002,-0.000015,-0.000057,0.000570,-54.5533,28.7291
6.3896,S1,,0.432098,-1.231746,0.000001,-0.000011,-0.000046,0.000454,,
6.3996,S1,,0.432098,-1.231746,0.000001,-0.000010,-0.000039,0.000392,,
6.4096,S1,,0.432098,-1.231746,0.000001,-0.000008,-0.000033,0.000331,,
6.4196,S1,,0.432098,-1.231746,0.000001,-0.000007,-0.000027,0.000269,,
6.4296,S1,,0.432098,-1.231746,0.000001,-0.000005,-0.000021,0.000208,-54.5527,28.7287
6.4396,S1,,0.432098,-1.231746,0.000000,-0.000004,-0.000015,0.000146,,
6.4496,S1,,0.432098,-1.231746,0.000000,-0.000002,-0.000009,0.000085,,
6.4596,S1,,0.432098,-1.231746,0.000000,-0.000000,-0.000002,0.000023,,
6.4696,S1,,0.432098,-1.231746,0.000000,-0.000000,-0.000001,0.000006,,
6.4796,S1,,0.432098,-1.231746,0.000000,-0.000000,-0.000000,0.000004,-54.5523,28.7284
6.4896,S1,,0.432098,-1.231746,0.000000,-0.000000,-0.000000,0.000002,,
6.4996,S1,,0.432098,-1.231746,0.000000,-0.000000,-0.000000,0.000001,,
6.5038,S1,,0.432098,-1.231746,0.000000,0.000000,0.000000,0.000000,-54.5523,28.7284
7.5038,S2,,0.432098,-1.231746,0.000000,0.000000,0.000000,0.000000,-54.5523,28.7284
8.5038,S2,,0.432098,-1.231746,0.000000,0.000000,0.000000,0.000000,-54.5523,28.7284
9.5038,S2,,0.432098,-1.231746,0.000000,0.000000,0.000000,0.000000,-54.5523,28.7284
10.5038,S2,,0.432098,-1.231746,0.000000,0.000000,0.000000,0.000000,-54.5523,28.7284
11.5038,S2,,0.432098,-1.231746,0.000000,0.000000,0.000000,0.000000,-54.5523,28.7284
12.5038,S2,,0.432098,-1.231746,0.000000,0.000000,0.000000,0.000000,-54.5523,28.7284
13.5038,S2,,0.432098,-1.231746,0.000000,0.000000,0.000000,0.000000,-54.5523,28.7284
14.5038,S2,,0.432098,-1.231746,0.000000,0.000000,0.000000,0.000000,-54.5523,28.7284
15.5038,S2,,0.432098,-1.231746,0.000000,0.000000,0.000000,0.000000,-54.5523,28.7284
16.5038,S2,,0.432098,-1.231746,0.000000,0.000000,0.000000,0.000000,-54.5523,28.7284
17.5038,S2,,0.432098,-1.231746,0.000000,0.000000,0.000000,0.000000,-54.5523,28.7284
18.5038,S2,,0.432098,-1.231746,0.000000,0.000000,0.000000,0.000000,-54.5523,28.7284
19.5038,S2,,0.432098,-1.231746,0.000000,0.000000,0.000000,0.000000,-54.5523,28.7284
20.5038,S2,,0.432098,-1.231746,0.000000,0.000000,0.000000,0.000000,-54.5523,28.7284
21.5038,S2,,0.432098,-1.231746,0.000000,0.000000,0.000000,0.000000,-54.5523,28.7284
22.5038,S2,,0.432098,-1.231746,0.000000,0.000000,0.000000,0.000000,-54.5523,28.7284
23.5038,S2,,0.432098,-1.231746,0.000000,0.000000,0.000000,0.000000,-54.5523,28.7284
24.5038,S2,,0.432098,-1.231746,0.000000,0.000000,0.000000,0.000000,-54.5523,28.7284
25.5038,S2,,0.432098,-1.231746,0.000000,0.000000,0.000000,0.000000,-54.5523,28.7284
26.5038,S2,,0.432098,-1.231746,0.000000,0.000000,0.000000,0.000000,-54.5523,28.7284
27.5038,S2,,0.432098,-1.231746,0.000000,0.000000,0.000000,0.000000,-54.5523,28.7284
28.5038,S2,,0.432098,-1.231746,0.000000,0.000000,0.000000,0.000000,-54.5523,28.7284
29.5038,S2,,0.432098,-1.231746,0.000000,0.000000,0.000000,0.000000,-54.5523,28.7284
30.5038,S2,,0.432098,-1.231746,0.000000,0.000000,0.000000,0.000000,-54.5523,28.7284
31.5038,S2,,0.432098,-1.231746,0.000000,0.000000,0.000000,0.000000,-54.5523,28.7284
32.5038,S2,,0.432098,-1.231746,0.000000,0.000000,0.000000,0.000000,-54.5523,28.7284
33.5038,S2,,0.432098,-1.231746,0.000000,0.000000,0.000000,0.000000,-54.5523,28.7284
34.5038,S2,,0.432098,-1.231746,0.000000,0.000000,0.000000,0.000000,-54.5523,28.7284
35.5038,S2,,0.432098,-1.231746,0.000000,0.000000,0.000000,0.000000,-54.5523,28.7284
36.5038,S2,,0.432098,-1.231746,0.000000,0.000000,0.000000,0.000000,-54.5523,28.7284
37.5038,S2,,0.432098,-1.231746,0.000000,0.000000,0.000000,0.000000,-54.5523,28.7284
38.5038,S2,,0.432098,-1.231746,0.000000,0.000000,0.000000,0.000000,-54.5523,28.7284
39.5038,S2,,0.432098,-1.231746,0.000000,0.000000,0.000000,0.000000,-54.5523,28.7284
40.5038,S2,,0.432098,-1.231746,0.000000,0.000000,0.000000,0.000000,-54.5523,28.7284
41.5038,S2,,0.432098,-1.231746,0.000000,0.000000,0.000000,0.000000,-54.5523,28.7284
42.5038,S2,,0.432098,-1.231746,0.000000,0.000000,0.000000,0.000000,-54.5523,28.7284
43.5038,S2,,0.432098,-1.231746,0.000000,0.000000,0.000000,0.000000,-54.5523,28.7284
44.5038,S2,,0.432098,-1.231746,0.000000,0.000000,0.000000,0.000000,-54.5523,28.7284
45.5038,S2,,0.432098,-1.231746,0.000000,0.000000,0.000000,0.000000,-54.5523,28.7284
46.5038,S2,,0.432098,-1.231746,0.000000,0.000000,0.000000,0.000000,-54.5523,28.7284
47.5038,S2,,0.432098,-1.231746,0.000000,0.000000,0.000000,0.000000,-54.5523,28.7284
48.5038,S2,,0.432098,-1.231746,0.000000,0.000000,0.000000,0.000000,-54.5523,28.7284
49.5038,S2,,0.432098,-1.231746,0.000000,0.000000,0.000000,0.000000,-54.5523,28.7284
50.5038,S2,,0.432098,-1.231746,0.000000,0.000000,0.000000,0.000000,-54.5523,28.7284
51.5038,S2,,0.432098,-1.231746,0.000000,0.000000,0.000000,0.000000,-54.5523,28.7284
52.5038,S2,,0.432098,-1.231746,0.000000,0.000000,0.000000,0.000000,-54.5523,28.7284
53.5038,S2,,0.432098,-1.231746,0.000000,0.000000,0.000000,0.000000,-54.5523,28.7284
54.5038,S2,,0.432098,-1.231746,0.000000,0.000000,0.000000,0.000000,-54.5523,28.7284
55.5038,S2,,0.432098,-1.231746,0.000000,0.000000,0.000000,0.000000,-54.5523,28.7284
56.5038,S2,,0.432098,-1.231746,0.000000,0.000000,0.000000,0.000000,-54.5523,28.7284
57.5038,S2,,0.432098,-1.231746,0.000000,0.000000,0.000000,0.000000,-54.5523,28.7284
58.5038,S2,,0.432098,-1.231746,0.000000,0.000000,0.000000,0.000000,-54.5523,28.7284
59.5038,S2,,0.432098,-1.231746,0.000000,0.000000,0.000000,0.000000,-54.5523,28.7284
60.5038,S2,,0.432098,-1.231746,0.000000,0.000000,0.000000,0.000000,-54.5523,28.7284
61.5038,S2,,0.432098,-1.231746,0.000000,0.000000,0.000000,0.000000,-54.5523,28.7284
62.5038,S2,,0.432098,-1.231746,0.000000,0.000000,0.000000,0.000000,-54.5523,28.7284
63.5038,S2,,0.432098,-1.231746,0.000000,0.000000,0.000000,0.000000,-54.5523,28.7284
64.5038,S2,,0.432098,-1.231746,0.000000,0.000000,0.000000,0.000000,-54.5523,28.7284
65.5038,S2,,0.432098,-1.231746,0.000000,0.000000,0.000000,0.000000,-54.5523,28.7284
66.5038,S2,,0.432098,-1.231746,0.000000,0.000000,0.000000,0.000000,-54.5523,28.7284
66.5138,S3,spent,0.432098,-1.231746,-0.000001,-0.000001,-0.000110,-0.000133,,
66.5238,S3,spent,0.432098,-1.231746,-0.000002,-0.000003,-0.000221,-0.000267,,
66.5338,S3,spent,0.432098,-1.231746,-0.000003,-0.000004,-0.000331,-0.000400,,
66.5438,S3,spent,0.432098,-1.231746,-0.000004,-0.000005,-0.000441,-0.000533,,
66.5538,S3,spent,0.432098,-1.231746,-0.000014,-0.000017,-0.000978,-0.001181,-104.9046,63.8344
66.5638,S3,spent,0.432097,-1.231747,-0.000044,-0.000053,-0.002437,-0.002944,,
66.5738,S3,spent,0.432097,-1.231748,-0.000073,-0.000089,-0.003897,-0.004707,,
66.5838,S3,spent,0.432096,-1.231748,-0.000103,-0.000124,-0.005356,-0.006470,,
66.5938,S3,spent,0.432096,-1.231749,-0.000133,-0.000160,-0.006816,-0.008233,,
66.6038,S3,spent,0.432093,-1.231752,-0.000256,-0.000309,-0.010733,-0.012966,-104.9294,63.8209
66.6138,S3,spent,0.432088,-1.231758,-0.000435,-0.000525,-0.016088,-0.019434,,
66.6238,S3,spent,0.432084,-1.231764,-0.000613,-0.000740,-0.021443,-0.025902,,
66.6338,S3,spent,0.432079,-1.231769,-0.000791,-0.000956,-0.026797,-0.032370,,
66.6438,S3,spent,0.432074,-1.231775,-0.000970,-0.001171,-0.032152,-0.038838,,
66.6538,S3,spent,0.432054,-1.231799,-0.001518,-0.001834,-0.043422,-0.052451,-105.0104,63.7756
66.6638,S3,spent,0.432033,-1.231825,-0.002087,-0.002521,-0.055026,-0.066466,,
66.6738,S3,spent,0.432012,-1.231850,-0.002656,-0.003208,-0.066629,-0.080481,,
66.6838,S3,spent,0.431991,-1.231875,-0.003225,-0.003895,-0.078233,-0.094495,,
66.6938,S3,spent,0.431959,-1.231914,-0.003978,-0.004805,-0.091589,-0.110626,,
66.7038,S3,spent,0.431896,-1.231990,-0.005251,-0.006343,-0.109874,-0.132705,-105.1677,63.6835
66.7138,S3,spent,0.431833,-1.232066,-0.006524,-0.007881,-0.128160,-0.154785,,
66.7238,S3,spent,0.431770,-1.232142,-0.007798,-0.009418,-0.146445,-0.176864,,
66.7338,S3,spent,0.431707,-1.232218,-0.009071,-0.010956,-0.164731,-0.198944,,
66.7438,S3,spent,0.431597,-1.232351,-0.010900,-0.013165,-0.185124,-0.223561,,
66.7538,S3,spent,0.431453,-1.232525,-0.013135,-0.015864,-0.207058,-0.250031,-105.3777,63.5482
66.7638,S3,spent,0.431309,-1.232700,-0.015370,-0.018563,-0.228991,-0.276501,,
66.7738,S3,spent,0.431164,-1.232874,-0.017605,-0.021262,-0.250925,-0.302970,,
66.7838,S3,spent,0.431020,-1.233048,-0.019841,-0.023961,-0.272858,-0.329440,,
66.7938,S3,spent,0.430761,-1.233361,-0.022948,-0.027712,-0.291339,-0.351709,,
66.8038,S3,spent,0.430488,-1.233690,-0.026158,-0.031587,-0.309407,-0.373477,-105.5517,63.4043
66.8138,S3,spent,0.430216,-1.234020,-0.029369,-0.035463,-0.327475,-0.395245,,
66.8238,S3,spent,0.429943,-1.234349,-0.032580,-0.039339,-0.345543,-0.417013,,
66.8338,S3,spent,0.429636,-1.234720,-0.035901,-0.043346,-0.360255,-0.434715,,
66.8438,S3,spent,0.429197,-1.235249,-0.039638,-0.047854,-0.362266,-0.437029,,
66.8538,S3,spent,0.428759,-1.235778,-0.043375,-0.052362,-0.364276,-0.439344,-105.5303,63.3239
66.8638,S3,spent,0.428321,-1.236307,-0.047113,-0.056870,-0.366286,-0.441659,,
66.8738,S3,spent,0.427882,-1.236836,-0.050850,-0.061377,-0.368297,-0.443974,,
66.8838,S3,spent,0.427356,-1.237471,-0.054277,-0.065507,-0.353427,-0.425854,,
66.8938,S3,spent,0.426751,-1.238202,-0.057424,-0.069294,-0.323260,-0.389216,,
66.9038,S3,spent,0.426146,-1.238932,-0.060570,-0.073081,-0.293093,-0.352578,-105.1011,63.4184
66.9138,S3,spent,0.425540,-1.239663,-0.063717,-0.076868,-0.262926,-0.315940,,
66.9238,S3,spent,0.424935,-1.240393,-0.066864,-0.080655,-0.232758,-0.279302,,
66.9338,S3,spent,0.424247,-1.241222,-0.067930,-0.081919,-0.172342,-0.206037,,
66.9438,S3,spent,0.423544,-1.242070,-0.068600,-0.082703,-0.106170,-0.125804,,
66.9538,S3,spent,0.422841,-1.242917,-0.069270,-0.083487,-0.039998,-0.045570,-104.1448,63.7736
66.9638,S3,spent,0.422138,-1.243765,-0.069941,-0.084271,0.026174,0.034663,,
66.9738,S3,spent,0.421438,-1.244609,-0.070383,-0.084777,0.081418,0.101703,,
66.9838,S3,spent,0.420752,-1.245434,-0.069588,-0.083777,0.077417,0.097214,,
66.9938,S3,spent,0.420066,-1.246259,-0.068794,-0.082776,0.073416,0.092725,,
67.0038,S3,spent,0.419380,-1.247084,-0.067999,-0.081775,0.069415,0.088237,-103.5472,63.9316
67.0138,S3,spent,0.418695,-1.247909,-0.067204,-0.080775,0.065413,0.083748,,
67.0238,S3,spent,0.418021,-1.248719,-0.066711,-0.080129,0.051913,0.067827,,
67.0338,S3,spent,0.417361,-1.249510,-0.066555,-0.079882,0.027757,0.039081,,
67.0438,S3,spent,0.416702,-1.250301,-0.066399,-0.079635,0.003601,0.010334,,
67.0538,S3,spent,0.416042,-1.251093,-0.066243,-0.079388,-0.020555,-0.018412,-103.4698,63.8051
67.0638,S3,spent,0.415382,-1.251884,-0.066087,-0.079140,-0.044711,-0.047158,,
67.0738,S3,spent,0.414700,-1.252700,-0.067264,-0.080486,-0.088219,-0.099213,,
67.0838,S3,spent,0.414013,-1.253521,-0.068803,-0.082263,-0.136969,-0.157580,,
67.0938,S3,spent,0.413325,-1.254343,-0.070341,-0.084039,-0.185720,-0.215948,,
67.1038,S3,spent,0.412637,-1.255165,-0.071879,-0.085816,-0.234470,-0.274316,-103.6972,63.4955
67.1138,S3,spent,0.411939,-1.256000,-0.073523,-0.087719,-0.276975,-0.325164,,
67.1238,S3,spent,0.411143,-1.256947,-0.076094,-0.090723,-0.264768,-0.310123,,
67.1338,S3,spent,0.410348,-1.257895,-0.078665,-0.093728,-0.252561,-0.295083,,
67.1438,S3,spent,0.409553,-1.258843,-0.081236,-0.096732,-0.240354,-0.280042,,
67.1538,S3,spent,0.408757,-1.259790,-0.083806,-0.099736,-0.228147,-0.265002,-103.3170,63.5008
67.1638,S3,spent,0.407919,-1.260787,-0.086019,-0.102303,-0.211572,-0.244715,,
67.1738,S3,spent,0.407022,-1.261853,-0.087732,-0.104259,-0.188916,-0.217123,,
67.1838,S3,spent,0.406125,-1.262919,-0.089445,-0.106215,-0.166260,-0.189531,,
67.1938,S3,spent,0.405227,-1.263984,-0.091158,-0.108172,-0.143604,-0.161939,,
67.2038,S3,spent,0.404330,-1.265050,-0.092871,-0.110128,-0.120948,-0.134347,-102.6311,63.6549
67.2138,S3,spent,0.403393,-1.266160,-0.093812,-0.111144,-0.105145,-0.115047,,
67.2238,S3,spent,0.402442,-1.267285,-0.094473,-0.111820,-0.091830,-0.098759,,
67.2338,S3,spent,0.401491,-1.268410,-0.095133,-0.112495,-0.078516,-0.082471,,
67.2438,S3,spent,0.400540,-1.269535,-0.095794,-0.113170,-0.065201,-0.066184,,
67.2538,S3,spent,0.399587,-1.270662,-0.096451,-0.113841,-0.052698,-0.050877,-102.0145,63.7543
67.2638,S3,spent,0.398610,-1.271813,-0.097045,-0.114426,-0.055890,-0.054542,,
67.2738,S3,spent,0.397632,-1.272964,-0.097638,-0.115010,-0.059083,-0.058206,,
67.2838,S3,spent,0.396655,-1.274116,-0.098232,-0.115594,-0.062276,-0.061871,,
67.2938,S3,spent,0.395677,-1.275267,-0.098825,-0.116179,-0.065468,-0.065536,,
67.3038,S3,spent,0.394688,-1.276429,-0.099475,-0.116829,-0.067755,-0.068143,-101.5892,63.7286
67.3138,S3,spent,0.393679,-1.277613,-0.100223,-0.117594,-0.068463,-0.068907,,
67.3238,S3,spent,0.392669,-1.278796,-0.100972,-0.118358,-0.069171,-0.069671,,
67.3338,S3,spent,0.391660,-1.279979,-0.101720,-0.119123,-0.069878,-0.070435,,
67.3438,S3,spent,0.390651,-1.281162,-0.102469,-0.119888,-0.070586,-0.071199,,
67.3538,S3,spent,0.389620,-1.282367,-0.103079,-0.120484,-0.065998,-0.065662,-101.1033,63.7267
67.3638,S3,spent,0.388579,-1.283582,-0.103623,-0.121002,-0.058922,-0.057163,,
67.3738,S3,spent,0.387538,-1.284797,-0.104168,-0.121519,-0.051845,-0.048665,,
67.3838,S3,spent,0.386497,-1.286012,-0.104712,-0.122037,-0.044769,-0.040166,,
67.3938,S3,spent,0.385455,-1.287227,-0.105256,-0.122554,-0.037692,-0.031667,,
67.4038,S3,spent,0.384397,-1.288456,-0.105470,-0.122677,-0.031585,-0.024407,-100.5201,63.7745
67.4138,S3,spent,0.383338,-1.289686,-0.105683,-0.122798,-0.025482,-0.017151,,
67.4238,S3,spent,0.382279,-1.290916,-0.105896,-0.122919,-0.019379,-0.009895,,
67.4338,S3,spent,0.381220,-1.292146,-0.106108,-0.123040,-0.013276,-0.002639,,
67.4438,S3,spent,0.380160,-1.293375,-0.106260,-0.123090,-0.008089,0.003503,,
67.4538,S3,spent,0.379097,-1.294605,-0.106277,-0.122980,-0.004930,0.007182,-99.9479,63.8111
67.4638,S3,spent,0.378033,-1.295834,-0.106294,-0.122870,-0.001770,0.010861,,
67.4738,S3,spent,0.376970,-1.297063,-0.106311,-0.122760,0.001389,0.014541,,
67.4838,S3,spent,0.375906,-1.298293,-0.106328,-0.122650,0.004549,0.018220,,
67.4938,S3,spent,0.374844,-1.299516,-0.106244,-0.122424,0.008680,0.022918,,
67.5038,S3,spent,0.373784,-1.300736,-0.106100,-0.122130,0.013388,0.028222,-99.3928,63.8344
67.5138,S3,spent,0.372723,-1.301956,-0.105956,-0.121836,0.018097,0.033526,,
67.5238,S3,spent,0.371662,-1.303177,-0.105812,-0.121542,0.022806,0.038830,,
67.5338,S3,spent,0.370601,-1.304397,-0.105668,-0.121247,0.027515,0.044134,,
67.5438,S3,spent,0.369553,-1.305597,-0.105230,-0.120625,0.034856,0.052281,,
67.5538,S3,spent,0.368506,-1.306795,-0.104775,-0.119984,0.042358,0.060602,-98.8104,63.8722
67.5638,S3,spent,0.367459,-1.307994,-0.104319,-0.119342,0.049860,0.068923,,
67.5738,S3,spent,0.366411,-1.309193,-0.103864,-0.118700,0.057361,0.077244,,
67.5838,S3,spent,0.365372,-1.310382,-0.103328,-0.117970,0.063713,0.084278,,
67.5938,S3,spent,0.364353,-1.311542,-0.102564,-0.116988,0.066761,0.087614,,
67.6038,S3,spent,0.363335,-1.312702,-0.101800,-0.116006,0.069810,0.090950,-98.2416,63.9086
67.6138,S3,spent,0.362317,-1.313862,-0.101036,-0.115023,0.072858,0.094286,,
67.6238,S3,spent,0.361299,-1.315022,-0.100272,-0.114041,0.075906,0.097622,,
67.6338,S3,spent,0.360301,-1.316156,-0.099564,-0.113122,0.074807,0.096357,,
67.6438,S3,spent,0.359318,-1.317271,-0.098897,-0.112249,0.070627,0.091675,,
67.6538,S3,spent,0.358335,-1.318386,-0.098231,-0.111377,0.066447,0.086992,-97.7714,63.9026
67.6638,S3,spent,0.357352,-1.319501,-0.097565,-0.110504,0.062267,0.082309,,
67.6738,S3,spent,0.356369,-1.320616,-0.096899,-0.109632,0.058086,0.077627,,
67.6838,S3,spent,0.355410,-1.321698,-0.096338,-0.108881,0.061376,0.081045,,
67.6938,S3,spent,0.354455,-1.322776,-0.095790,-0.108145,0.065596,0.085472,,
67.7038,S3,spent,0.353499,-1.323855,-0.095242,-0.107409,0.069815,0.089899,-97.2960,63.9045
67.7138,S3,spent,0.352543,-1.324933,-0.094694,-0.106673,0.074034,0.094326,,
67.7238,S3,spent,0.351596,-1.326001,-0.093963,-0.105739,0.082914,0.103839,,
67.7338,S3,spent,0.350683,-1.327027,-0.092519,-0.104033,0.109879,0.133088,,
67.7438,S3,spent,0.349769,-1.328053,-0.091075,-0.102327,0.136844,0.162338,,
67.7538,S3,spent,0.348855,-1.329079,-0.089631,-0.100621,0.163809,0.191588,-96.5928,64.0333
67.7638,S3,spent,0.347942,-1.330106,-0.088187,-0.098915,0.190774,0.220838,,
67.7738,S3,spent,0.347077,-1.331076,-0.086207,-0.096629,0.212557,0.244391,,
67.7838,S3,spent,0.346256,-1.331994,-0.083733,-0.093810,0.229564,0.262696,,
67.7938,S3,spent,0.345436,-1.332912,-0.081259,-0.090990,0.246570,0.281002,,
67.8038,S3,spent,0.344616,-1.333831,-0.078785,-0.088170,0.263577,0.299307,-95.9148,64.1735
67.8138,S3,spent,0.343796,-1.334749,-0.076311,-0.085350,0.280584,0.317612,,
67.8238,S3,spent,0.343075,-1.335554,-0.074164,-0.082900,0.248820,0.282532,,
67.8338,S3,spent,0.342374,-1.336338,-0.072081,-0.080524,0.207491,0.236982,,
67.8438,S3,spent,0.341673,-1.337121,-0.069998,-0.078147,0.166162,0.191432,,
67.8538,S3,spent,0.340972,-1.337904,-0.067915,-0.075770,0.124833,0.145882,-95.9329,63.9742
67.8638,S3,spent,0.340278,-1.338679,-0.066137,-0.073728,0.085126,0.102105,,
67.8738,S3,spent,0.339624,-1.339406,-0.066061,-0.073564,0.054495,0.068249,,
67.8838,S3,spent,0.338969,-1.340134,-0.065986,-0.073399,0.023864,0.034393,,
67.8938,S3,spent,0.338315,-1.340861,-0.065911,-0.073234,-0.006767,0.000537,,
67.9038,S3,spent,0.337661,-1.341589,-0.065835,-0.073070,-0.037398,-0.033319,-96.0407,63.7360
67.9138,S3,spent,0.336997,-1.342325,-0.066159,-0.073349,-0.056934,-0.055032,,
67.9238,S3,spent,0.336322,-1.343072,-0.066937,-0.074134,-0.063815,-0.062896,,
67.9338,S3,spent,0.335647,-1.343819,-0.067715,-0.074919,-0.070696,-0.070759,,
67.9438,S3,spent,0.334972,-1.344566,-0.068493,-0.075704,-0.077577,-0.078623,,
67.9538,S3,spent,0.334297,-1.345313,-0.069271,-0.076489,-0.084458,-0.086486,-95.8334,63.6609
67.9638,S3,spent,0.333603,-1.346079,-0.069190,-0.076346,-0.036955,-0.034830,,
67.9738,S3,spent,0.332902,-1.346851,-0.068870,-0.075945,0.025642,0.033346,,
67.9838,S3,spent,0.332202,-1.347623,-0.068551,-0.075545,0.088239,0.101522,,
67.9938,S3,spent,0.331502,-1.348394,-0.068231,-0.075144,0.150836,0.169697,,
68.0038,S3,spent,0.330810,-1.349157,-0.067637,-0.074445,0.210840,0.235040,-94.7099,64.0881
68.0138,S3,spent,0.330197,-1.349831,-0.064528,-0.071006,0.247070,0.274406,,
68.0238,S3,spent,0.329584,-1.350505,-0.061420,-0.067567,0.283299,0.313771,,
68.0338,S3,spent,0.328971,-1.351180,-0.058311,-0.064128,0.319529,0.353137,,
68.0438,S3,spent,0.328357,-1.351854,-0.055202,-0.060690,0.355759,0.392502,,
68.0538,S3,spent,0.327814,-1.352451,-0.051786,-0.056920,0.376559,0.415006,-93.9828,64.3326
68.0638,S3,spent,0.327371,-1.352938,-0.047935,-0.052681,0.375510,0.413632,,
68.0738,S3,spent,0.326928,-1.353425,-0.044085,-0.048443,0.374461,0.412258,,
68.0838,S3,spent,0.326484,-1.353913,-0.040234,-0.044204,0.373411,0.410885,,
68.0938,S3,spent,0.326041,-1.354400,-0.036384,-0.039966,0.372362,0.409511,,
68.1038,S3,spent,0.325722,-1.354750,-0.032928,-0.036166,0.358047,0.393661,-93.8286,64.3060
68.1138,S3,spent,0.325450,-1.355049,-0.029618,-0.032529,0.338813,0.372442,,
68.1238,S3,spent,0.325178,-1.355348,-0.026308,-0.028891,0.319578,0.351223,,
68.1338,S3,spent,0.324905,-1.355647,-0.022999,-0.025254,0.300343,0.330004,,
68.1438,S3,spent,0.324639,-1.355939,-0.019736,-0.021668,0.280924,0.308585,,
68.1538,S3,spent,0.324498,-1.356094,-0.017467,-0.019176,0.257602,0.282946,-93.9721,64.1561
68.1638,S3,spent,0.324357,-1.356249,-0.015198,-0.016685,0.234281,0.257306,,
68.1738,S3,spent,0.324216,-1.356404,-0.012929,-0.014193,0.210959,0.231666,,
68.1838,S3,spent,0.324075,-1.356558,-0.010660,-0.011701,0.187637,0.206026,,
68.1938,S3,spent,0.323964,-1.356681,-0.008756,-0.009611,0.165866,0.182099,,
68.2038,S3,spent,0.323905,-1.356746,-0.007501,-0.008233,0.146844,0.161210,-94.2031,63.9900
68.2138,S3,spent,0.323845,-1.356811,-0.006245,-0.006855,0.127823,0.140321,,
68.2238,S3,spent,0.323786,-1.356876,-0.004990,-0.005477,0.108801,0.119432,,
68.2338,S3,spent,0.323727,-1.356941,-0.003734,-0.004098,0.089779,0.098543,,
68.2438,S3,spent,0.323695,-1.356975,-0.002966,-0.003255,0.075768,0.083159,,
68.2538,S3,spent,0.323677,-1.356996,-0.002432,-0.002668,0.064155,0.070413,-94.3963,63.8658
68.2638,S3,spent,0.323658,-1.357016,-0.001897,-0.002082,0.052543,0.057666,,
68.2738,S3,spent,0.323639,-1.357037,-0.001362,-0.001495,0.040930,0.044919,,
68.2838,S3,spent,0.323621,-1.357057,-0.000827,-0.000908,0.029318,0.032173,,
68.2938,S3,spent,0.323617,-1.357061,-0.000670,-0.000736,0.024258,0.026621,,
68.3038,S3,spent,0.323613,-1.357066,-0.000516,-0.000567,0.019254,0.021129,-94.5071,63.7984
68.3138,S3,spent,0.323609,-1.357070,-0.000362,-0.000398,0.014249,0.015637,,
68.3238,S3,spent,0.323606,-1.357074,-0.000208,-0.000229,0.009244,0.010144,,
68.3338,S3,spent,0.323603,-1.357077,-0.000095,-0.000105,0.005416,0.005943,,
68.3438,S3,spent,0.323603,-1.357077,-0.000074,-0.000081,0.004239,0.004651,,
68.3538,S3,spent,0.323602,-1.357077,-0.000053,-0.000058,0.003061,0.003359,-94.5482,63.7740
68.3638,S3,spent,0.323602,-1.357078,-0.000031,-0.000034,0.001884,0.002067,,
68.3738,S3,spent,0.323602,-1.357078,-0.000010,-0.000011,0.000707,0.000776,,
68.3838,S3,spent,0.323602,-1.357078,-0.000002,-0.000002,0.000220,0.000241,,
68.3938,S3,spent,0.323602,-1.357078,-0.000001,-0.000001,0.000151,0.000166,,
68.4038,S3,spent,0.323602,-1.357078,-0.000001,-0.000001,0.000082,0.000090,-94.5559,63.7696
68.4138,S3,spent,0.323602,-1.357078,-0.000000,-0.000000,0.000013,0.000014,,
68.4156,S3,spent,0.323602,-1.357078,0.000000,0.000000,0.000000,0.000000,-94.5561,63.7695
68.4256,S3,spent,0.323602,-1.357078,-0.000000,0.000000,-0.000002,0.000012,,
68.4356,S3,spent,0.323602,-1.357078,-0.000000,0.000000,-0.000003,0.000025,,
68.4456,S3,spent,0.323602,-1.357078,-0.000000,0.000001,-0.000005,0.000037,,
68.4556,S3,spent,0.323602,-1.357078,-0.000000,0.000001,-0.000006,0.000049,,
68.4656,S3,spent,0.323602,-1.357078,-0.000000,0.000001,-0.000008,0.000062,-94.5564,63.7696
68.4756,S3,spent,0.323602,-1.357078,-0.000000,0.000001,-0.000009,0.000074,,
68.4856,S3,spent,0.323602,-1.357078,-0.000000,0.000001,-0.000011,0.000086,,
68.4956,S3,spent,0.323602,-1.357078,-0.000000,0.000002,-0.000012,0.000099,,
68.5056,S3,spent,0.323602,-1.357078,-0.000001,0.000006,-0.000026,0.000216,,
68.5156,S3,spent,0.323602,-1.357078,-0.000001,0.000012,-0.000047,0.000387,-94.5577,63.7705
68.5256,S3,spent,0.323602,-1.357078,-0.000002,0.000018,-0.000068,0.000558,,
68.5356,S3,spent,0.323602,-1.357077,-0.000003,0.000024,-0.000089,0.000729,,
68.5456,S3,spent,0.323601,-1.357077,-0.000004,0.000030,-0.000110,0.000900,,
68.5556,S3,spent,0.323601,-1.357077,-0.000004,0.000036,-0.000131,0.001072,,
68.5656,S3,spent,0.323601,-1.357077,-0.000005,0.000042,-0.000151,0.001243,-94.5610,63.7729
68.5756,S3,spent,0.323601,-1.357077,-0.000006,0.000048,-0.000172,0.001414,,
68.5856,S3,spent,0.323601,-1.357076,-0.000008,0.000065,-0.000213,0.001747,,
68.5956,S3,spent,0.323601,-1.357074,-0.000013,0.000103,-0.000294,0.002415,,
68.6056,S3,spent,0.323601,-1.357073,-0.000017,0.000141,-0.000376,0.003083,,
68.6156,S3,spent,0.323601,-1.357071,-0.000022,0.000180,-0.000457,0.003752,-94.5708,63.7800
68.6256,S3,spent,0.323601,-1.357069,-0.000027,0.000218,-0.000538,0.004420,,
68.6356,S3,spent,0.323600,-1.357067,-0.000031,0.000256,-0.000620,0.005089,,
68.6456,S3,spent,0.323600,-1.357066,-0.000036,0.000294,-0.000701,0.005757,,
68.6556,S3,spent,0.323600,-1.357064,-0.000041,0.000333,-0.000782,0.006426,,
68.6656,S3,spent,0.323600,-1.357062,-0.000045,0.000371,-0.000864,0.007094,-94.5839,63.7894
68.6756,S3,spent,0.323599,-1.357054,-0.000061,0.000499,-0.001052,0.008649,,
68.6856,S3,spent,0.323598,-1.357046,-0.000076,0.000628,-0.001242,0.010215,,
68.6956,S3,spent,0.323597,-1.357038,-0.000092,0.000756,-0.001432,0.011781,,
68.7056,S3,spent,0.323596,-1.357030,-0.000108,0.000885,-0.001622,0.013347,,
68.7156,S3,spent,0.323595,-1.357021,-0.000123,0.001014,-0.001813,0.014913,-94.6143,63.8116
68.7256,S3,spent,0.323594,-1.357013,-0.000139,0.001143,-0.002003,0.016479,,
68.7356,S3,spent,0.323593,-1.357005,-0.000155,0.001272,-0.002193,0.018045,,
68.7456,S3,spent,0.323592,-1.356997,-0.000170,0.001400,-0.002383,0.019611,,
68.7556,S3,spent,0.323589,-1.356977,-0.000200,0.001645,-0.002663,0.021932,,
68.7656,S3,spent,0.323586,-1.356952,-0.000237,0.001952,-0.002992,0.024660,-94.6522,63.8394
68.7756,S3,spent,0.323583,-1.356926,-0.000275,0.002259,-0.003321,0.027387,,
68.7856,S3,spent,0.323580,-1.356900,-0.000312,0.002566,-0.003650,0.030115,,
68.7956,S3,spent,0.323577,-1.356875,-0.000349,0.002873,-0.003979,0.032842,,
68.8056,S3,spent,0.323574,-1.356849,-0.000386,0.003180,-0.004308,0.035569,,
68.8156,S3,spent,0.323571,-1.356823,-0.000423,0.003487,-0.004637,0.038297,-94.7051,63.8786
68.8256,S3,spent,0.323567,-1.356798,-0.000461,0.003794,-0.004966,0.041024,,
68.8356,S3,spent,0.323563,-1.356761,-0.000508,0.004187,-0.005333,0.044078,,
68.8456,S3,spent,0.323555,-1.356698,-0.000578,0.004767,-0.005782,0.047849,,
68.8556,S3,spent,0.323548,-1.356636,-0.000648,0.005348,-0.006231,0.051619,,
68.8656,S3,spent,0.323540,-1.356574,-0.000718,0.005928,-0.006681,0.055389,-94.7710,63.9282
68.8756,S3,spent,0.323533,-1.356512,-0.000788,0.006509,-0.007130,0.059159,,
68.8856,S3,spent,0.323525,-1.356450,-0.000858,0.007089,-0.007579,0.062930,,
68.8956,S3,spent,0.323518,-1.356388,-0.000928,0.007670,-0.008029,0.066700,,
68.9056,S3,spent,0.323510,-1.356326,-0.000998,0.008251,-0.008478,0.070470,,
68.9156,S3,spent,0.323503,-1.356264,-0.001068,0.008831,-0.008927,0.074241,-94.8435,63.9832
68.9256,S3,spent,0.323488,-1.356141,-0.001177,0.009738,-0.009394,0.078273,,
68.9356,S3,spent,0.323473,-1.356017,-0.001286,0.010652,-0.009861,0.082312,,
68.9456,S3,spent,0.323458,-1.355893,-0.001395,0.011566,-0.010328,0.086350,,
68.9556,S3,spent,0.323443,-1.355769,-0.001505,0.012481,-0.010796,0.090389,,
68.9656,S3,spent,0.323428,-1.355644,-0.001614,0.013395,-0.011263,0.094428,-94.9198,64.0441
68.9756,S3,spent,0.323413,-1.355520,-0.001723,0.014309,-0.011730,0.098467,,
68.9856,S3,spent,0.323398,-1.355396,-0.001833,0.015224,-0.012197,0.102506,,
68.9956,S3,spent,0.323383,-1.355272,-0.001942,0.016138,-0.012665,0.106544,,
69.0056,S3,spent,0.323361,-1.355091,-0.002072,0.017239,-0.013003,0.109668,,
69.0156,S3,spent,0.323336,-1.354877,-0.002214,0.018446,-0.013267,0.112275,-94.9863,64.0994
69.0256,S3,spent,0.323310,-1.354664,-0.002356,0.019653,-0.013532,0.114881,,
69.0356,S3,spent,0.323285,-1.354450,-0.002498,0.020860,-0.013797,0.117488,,
69.0456,S3,spent,0.323259,-1.354237,-0.002640,0.022067,-0.014062,0.120094,,
69.0556,S3,spent,0.323234,-1.354023,-0.002782,0.023274,-0.014327,0.122701,,
69.0656,S3,spent,0.323208,-1.353810,-0.002923,0.024481,-0.014591,0.125307,-95.0324,64.1431
69.0756,S3,spent,0.323182,-1.353596,-0.003065,0.025688,-0.014856,0.127914,,
69.0856,S3,spent,0.323153,-1.353351,-0.003207,0.026914,-0.014949,0.129226,,
69.0956,S3,spent,0.323115,-1.353032,-0.003351,0.028184,-0.014643,0.127537,,
69.1056,S3,spent,0.323078,-1.352713,-0.003494,0.029453,-0.014337,0.125848,,
69.1156,S3,spent,0.323040,-1.352394,-0.003637,0.030723,-0.014031,0.124159,-95.0208,64.1494
69.1256,S3,spent,0.323002,-1.352074,-0.003781,0.031992,-0.013725,0.122470,,
69.1356,S3,spent,0.322964,-1.351755,-0.003924,0.033262,-0.013420,0.120780,,
69.1456,S3,spent,0.322926,-1.351436,-0.004067,0.034532,-0.013114,0.119091,,
69.1556,S3,spent,0.322889,-1.351117,-0.004210,0.035801,-0.012808,0.117402,,
69.1656,S3,spent,0.322851,-1.350798,-0.004354,0.037071,-0.012502,0.115713,-94.9794,64.1362
69.1756,S3,spent,0.322804,-1.350390,-0.004432,0.037896,-0.011127,0.105838,,
69.1856,S3,spent,0.322756,-1.349980,-0.004508,0.038705,-0.009712,0.095656,,
69.1956,S3,spent,0.322708,-1.349569,-0.004584,0.039514,-0.008297,0.085474,,
69.2056,S3,spent,0.322661,-1.349158,-0.004660,0.040322,-0.006883,0.075292,,
69.2156,S3,spent,0.322613,-1.348747,-0.004736,0.041131,-0.005468,0.065110,-94.7687,64.0081
69.2256,S3,spent,0.322566,-1.348337,-0.004811,0.041940,-0.004053,0.054929,,
69.2356,S3,spent,0.322518,-1.347926,-0.004887,0.042749,-0.002638,0.044747,,
69.2456,S3,spent,0.322471,-1.347515,-0.004963,0.043557,-0.001224,0.034565,,
69.2556,S3,spent,0.322423,-1.347088,-0.004960,0.043797,-0.000157,0.027121,,
69.2656,S3,spent,0.322374,-1.346651,-0.004910,0.043699,0.000702,0.021309,-94.5844,63.8994
69.2756,S3,spent,0.322326,-1.346214,-0.004860,0.043600,0.001561,0.015497,,
69.2856,S3,spent,0.322278,-1.345776,-0.004810,0.043501,0.002420,0.009685,,
69.2956,S3,spent,0.322230,-1.345339,-0.004760,0.043402,0.003279,0.003873,,
69.3056,S3,spent,0.322181,-1.344902,-0.004710,0.043303,0.004138,-0.001939,,
69.3156,S3,spent,0.322133,-1.344465,-0.004660,0.043204,0.004998,-0.007751,-94.4580,63.8322
69.3256,S3,spent,0.322085,-1.344028,-0.004610,0.043105,0.005857,-0.013563,,
69.3356,S3,spent,0.322038,-1.343594,-0.004558,0.043011,0.006381,-0.016778,,
69.3456,S3,spent,0.321995,-1.343169,-0.004501,0.042932,0.006081,-0.013611,,
69.3556,S3,spent,0.321952,-1.342744,-0.004445,0.042853,0.005782,-0.010443,,
69.3656,S3,spent,0.321909,-1.342318,-0.004388,0.042774,0.005483,-0.007276,-94.4497,63.8467
69.3756,S3,spent,0.321865,-1.341893,-0.004332,0.042695,0.005184,-0.004109,,
69.3856,S3,spent,0.321822,-1.341468,-0.004275,0.042616,0.004884,-0.000942,,
69.3956,S3,spent,0.321779,-1.341043,-0.004218,0.042536,0.004585,0.002226,,
69.4056,S3,spent,0.321736,-1.340618,-0.004162,0.042457,0.004286,0.005393,,
69.4156,S3,spent,0.321692,-1.340192,-0.004105,0.042378,0.003987,0.008560,-94.5028,63.9034
69.4256,S3,spent,0.321652,-1.339757,-0.004102,0.042776,0.002929,0.017528,,
69.4356,S3,spent,0.321612,-1.339321,-0.004101,0.043199,0.001833,0.026789,,
69.4456,S3,spent,0.321571,-1.338885,-0.004100,0.043621,0.000737,0.036050,,
69.4556,S3,spent,0.321531,-1.338449,-0.004099,0.044044,-0.000359,0.045311,,
69.4656,S3,spent,0.321491,-1.338013,-0.004099,0.044466,-0.001455,0.054572,-94.6779,64.0435
69.4756,S3,spent,0.321450,-1.337577,-0.004098,0.044889,-0.002551,0.063833,,
69.4856,S3,spent,0.321410,-1.337141,-0.004097,0.045311,-0.003647,0.073094,,
69.4956,S3,spent,0.321369,-1.336705,-0.004097,0.045734,-0.004743,0.082355,,
69.5056,S3,spent,0.321327,-1.336225,-0.004151,0.046626,-0.005403,0.088415,,
69.5156,S3,spent,0.321282,-1.335719,-0.004240,0.047813,-0.005791,0.092466,-94.8204,64.1610
69.5256,S3,spent,0.321237,-1.335212,-0.004329,0.049000,-0.006179,0.096518,,
69.5356,S3,spent,0.321193,-1.334706,-0.004418,0.050187,-0.006566,0.100569,,
69.5456,S3,spent,0.321148,-1.334199,-0.004508,0.051375,-0.006954,0.104621,,
69.5556,S3,spent,0.321104,-1.333692,-0.004597,0.052562,-0.007342,0.108672,,
69.5656,S3,spent,0.321059,-1.333186,-0.004686,0.053749,-0.007730,0.112724,-94.8920,64.2300
69.5756,S3,spent,0.321015,-1.332679,-0.004775,0.054936,-0.008117,0.116775,,
69.5856,S3,spent,0.320969,-1.332146,-0.004855,0.056084,-0.008201,0.118570,,
69.5956,S3,spent,0.320917,-1.331542,-0.004912,0.057133,-0.007492,0.114482,,
69.6056,S3,spent,0.320866,-1.330938,-0.004970,0.058181,-0.006784,0.110394,,
69.6156,S3,spent,0.320815,-1.330334,-0.005027,0.059229,-0.006075,0.106305,-94.8556,64.2261
69.6256,S3,spent,0.320764,-1.329730,-0.005085,0.060277,-0.005366,0.102217,,
69.6356,S3,spent,0.320713,-1.329126,-0.005142,0.061325,-0.004657,0.098128,,
69.6456,S3,spent,0.320661,-1.328522,-0.005199,0.062373,-0.003949,0.094040,,
69.6556,S3,spent,0.320610,-1.327918,-0.005257,0.063421,-0.003240,0.089952,,
69.6656,S3,spent,0.320559,-1.327314,-0.005314,0.064469,-0.002531,0.085863,-94.7619,64.1837
69.6756,S3,spent,0.320506,-1.326644,-0.005305,0.065121,-0.001856,0.082090,,
69.6856,S3,spent,0.320453,-1.325970,-0.005292,0.065747,-0.001182,0.078338,,
69.6956,S3,spent,0.320400,-1.325296,-0.005279,0.066373,-0.000509,0.074585,,
69.7056,S3,spent,0.320347,-1.324622,-0.005267,0.066999,0.000164,0.070832,,
69.7156,S3,spent,0.320294,-1.323948,-0.005254,0.067625,0.000837,0.067080,-94.6744,64.1469
69.7256,S3,spent,0.320241,-1.323274,-0.005241,0.068251,0.001511,0.063327,,
69.7356,S3,spent,0.320188,-1.322600,-0.005228,0.068877,0.002184,0.059574,,
69.7456,S3,spent,0.320134,-1.321926,-0.005215,0.069503,0.002857,0.055822,,
69.7556,S3,spent,0.320083,-1.321223,-0.005192,0.070124,0.003076,0.055509,,
69.7656,S3,spent,0.320032,-1.320501,-0.005163,0.070741,0.002995,0.057466,-94.6234,64.1350
69.7756,S3,spent,0.319981,-1.319779,-0.005135,0.071359,0.002914,0.059423,,
69.7856,S3,spent,0.319930,-1.319057,-0.005106,0.071976,0.002833,0.061380,,
69.7956,S3,spent,0.319879,-1.318335,-0.005077,0.072593,0.002752,0.063337,,
69.8056,S3,spent,0.319829,-1.317612,-0.005048,0.073210,0.002671,0.065294,,
69.8156,S3,spent,0.319778,-1.316890,-0.005019,0.073828,0.002590,0.067251,-94.6509,64.1762
69.8256,S3,spent,0.319727,-1.316168,-0.004990,0.074445,0.002509,0.069208,,
69.8356,S3,spent,0.319677,-1.315430,-0.004963,0.075108,0.002460,0.070933,,
69.8456,S3,spent,0.319628,-1.314649,-0.004942,0.075896,0.002498,0.072012,,
69.8556,S3,spent,0.319579,-1.313868,-0.004921,0.076684,0.002536,0.073092,,
69.8656,S3,spent,0.319530,-1.313087,-0.004900,0.077472,0.002574,0.074172,-94.6675,64.2090
69.8756,S3,spent,0.319481,-1.312306,-0.004879,0.078260,0.002612,0.075252,,
69.8856,S3,spent,0.319432,-1.311525,-0.004857,0.079048,0.002650,0.076332,,
69.8956,S3,spent,0.319384,-1.310743,-0.004836,0.079836,0.002688,0.077412,,
69.9056,S3,spent,0.319335,-1.309962,-0.004815,0.080624,0.002726,0.078492,,
69.9156,S3,spent,0.319286,-1.309181,-0.004794,0.081412,0.002764,0.079571,-94.6776,64.2369
69.9256,S3,spent,0.319239,-1.308339,-0.004754,0.082169,0.003068,0.078643,,
69.9356,S3,spent,0.319193,-1.307492,-0.004714,0.082924,0.003392,0.077559,,
69.9456,S3,spent,0.319147,-1.306646,-0.004673,0.083678,0.003717,0.076474,,
69.9556,S3,spent,0.319100,-1.305799,-0.004632,0.084433,0.004041,0.075390,,
69.9656,S3,spent,0.319054,-1.304952,-0.004591,0.085187,0.004366,0.074305,-94.6459,64.2355
69.9756,S3,spent,0.319007,-1.304105,-0.004550,0.085941,0.004690,0.073221,,
69.9856,S3,spent,0.318961,-1.303258,-0.004510,0.086696,0.005015,0.072137,,
69.9956,S3,spent,0.318914,-1.302412,-0.004469,0.087450,0.005339,0.071052,,
70.0056,S3,spent,0.318871,-1.301530,-0.004414,0.088166,0.005592,0.070482,,
70.0156,S3,spent,0.318829,-1.300623,-0.004350,0.088854,0.005795,0.070268,-94.6188,64.2365
70.0256,S3,spent,0.318787,-1.299717,-0.004285,0.089542,0.005997,0.070055,,
70.0356,S3,spent,0.318745,-1.298811,-0.004221,0.090230,0.006200,0.069841,,
70.0456,S3,spent,0.318703,-1.297904,-0.004156,0.090918,0.006403,0.069628,,
70.0556,S3,spent,0.318661,-1.296998,-0.004092,0.091607,0.006606,0.069414,,
70.0656,S3,spent,0.318619,-1.296092,-0.004028,0.092295,0.006808,0.069200,-94.6045,64.2448
70.0756,S3,spent,0.318577,-1.295185,-0.003963,0.092983,0.007011,0.068987,,
70.0856,S3,spent,0.318537,-1.294265,-0.003895,0.093672,0.007206,0.068816,,
70.0956,S3,spent,0.318501,-1.293301,-0.003817,0.094362,0.007376,0.068771,,
70.1056,S3,spent,0.318465,-1.292337,-0.003739,0.095052,0.007546,0.068727,,
70.1156,S3,spent,0.318429,-1.291373,-0.003660,0.095743,0.007717,0.068683,-94.5935,64.2535
70.1256,S3,spent,0.318393,-1.290410,-0.003582,0.096433,0.007887,0.068638,,
70.1356,S3,spent,0.318357,-1.289446,-0.003504,0.097123,0.008057,0.068594,,
70.1456,S3,spent,0.318321,-1.288482,-0.003425,0.097814,0.008227,0.068549,,
70.1556,S3,spent,0.318285,-1.287518,-0.003347,0.098504,0.008398,0.068505,,
70.1656,S3,spent,0.318249,-1.286555,-0.003269,0.099195,0.008568,0.068460,-94.5834,64.2616
70.1756,S3,spent,0.318219,-1.285539,-0.003176,0.099863,0.008774,0.068054,,
70.1856,S3,spent,0.318191,-1.284518,-0.003081,0.100530,0.008982,0.067614,,
70.1956,S3,spent,0.318162,-1.283498,-0.002987,0.101197,0.009191,0.067174,,
70.2056,S3,spent,0.318133,-1.282477,-0.002892,0.101864,0.009400,0.066734,,
70.2156,S3,spent,0.318104,-1.281456,-0.002797,0.102531,0.009609,0.066294,-94.5681,64.2634
70.2256,S3,spent,0.318075,-1.280436,-0.002703,0.103197,0.009818,0.065854,,
70.2356,S3,spent,0.318047,-1.279415,-0.002608,0.103864,0.010027,0.065415,,
70.2456,S3,spent,0.318018,-1.278395,-0.002514,0.104531,0.010236,0.064975,,
70.2556,S3,spent,0.317994,-1.277343,-0.002410,0.105178,0.010429,0.064575,,
70.2656,S3,spent,0.317974,-1.276268,-0.002299,0.105810,0.010610,0.064205,-94.5529,64.2638
70.2756,S3,spent,0.317954,-1.275193,-0.002188,0.106442,0.010792,0.063835,,
70.2856,S3,spent,0.317933,-1.274119,-0.002077,0.107074,0.010974,0.063466,,
70.2956,S3,spent,0.317913,-1.273044,-0.001966,0.107706,0.011155,0.063096,,
70.3056,S3,spent,0.317893,-1.271969,-0.001855,0.108338,0.011337,0.062726,,
70.3156,S3,spent,0.317873,-1.270895,-0.001744,0.108970,0.011519,0.062356,-94.5403,64.2632
70.3256,S3,spent,0.317852,-1.269820,-0.001633,0.109602,0.011700,0.061986,,
70.3356,S3,spent,0.317835,-1.268733,-0.001518,0.110226,0.011878,0.061605,,
70.3456,S3,spent,0.317824,-1.267607,-0.001393,0.110827,0.012044,0.061188,,
70.3556,S3,spent,0.317814,-1.266481,-0.001267,0.111427,0.012211,0.060772,,
70.3656,S3,spent,0.317804,-1.265355,-0.001142,0.112028,0.012377,0.060355,-94.5287,64.2605
70.3756,S3,spent,0.317793,-1.264229,-0.001017,0.112628,0.012543,0.059939,,
70.3856,S3,spent,0.317783,-1.263103,-0.000891,0.113229,0.012709,0.059522,,
70.3956,S3,spent,0.317772,-1.261977,-0.000766,0.113829,0.012876,0.059106,,
70.4056,S3,spent,0.317762,-1.260850,-0.000641,0.114430,0.013042,0.058689,,
70.4156,S3,spent,0.317752,-1.259724,-0.000515,0.115030,0.013208,0.058273,-94.5167,64.2556
70.4256,S3,spent,0.317751,-1.258554,-0.000378,0.115596,0.013360,0.057794,,
70.4356,S3,spent,0.317752,-1.257380,-0.000239,0.116159,0.013511,0.057308,,
70.4456,S3,spent,0.317753,-1.256205,-0.000101,0.116721,0.013661,0.056823,,
70.4556,S3,spent,0.317753,-1.255031,0.000038,0.117283,0.013812,0.056338,,
70.4656,S3,spent,0.317754,-1.253856,0.000177,0.117846,0.013963,0.055852,-94.5070,64.2479
70.4756,S3,spent,0.317755,-1.252681,0.000315,0.118408,0.014113,0.055367,,
70.4856,S3,spent,0.317755,-1.251507,0.000454,0.118970,0.014264,0.054882,,
70.4956,S3,spent,0.317756,-1.250332,0.000593,0.119533,0.014414,0.054396,,
70.5056,S3,spent,0.317763,-1.249132,0.000738,0.120071,0.014552,0.053892,,
70.5156,S3,spent,0.317776,-1.247912,0.000888,0.120592,0.014679,0.053374,-94.4971,64.2380
70.5256,S3,spent,0.317789,-1.246692,0.001039,0.121112,0.014807,0.052856,,
70.5356,S3,spent,0.317802,-1.245473,0.001189,0.121633,0.014934,0.052337,,
70.5456,S3,spent,0.317814,-1.244253,0.001339,0.122153,0.015061,0.051819,,
70.5556,S3,spent,0.317827,-1.243033,0.001489,0.122674,0.015189,0.051301,,
70.5656,S3,spent,0.317840,-1.241813,0.001640,0.123195,0.015316,0.050782,-94.4889,64.2255
70.5756,S3,spent,0.317853,-1.240594,0.001790,0.123715,0.015444,0.050264,,
70.5856,S3,spent,0.317868,-1.239364,0.001942,0.124225,0.015566,0.049735,,
70.5956,S3,spent,0.317894,-1.238103,0.002102,0.124701,0.015669,0.049171,,
70.6056,S3,spent,0.317920,-1.236842,0.002262,0.125176,0.015773,0.048607,,
70.6156,S3,spent,0.317945,-1.235580,0.002422,0.125652,0.015877,0.048043,-94.4822,64.2103
70.6256,S3,spent,0.317971,-1.234319,0.002582,0.126127,0.015980,0.047479,,
70.6356,S3,spent,0.317997,-1.233058,0.002742,0.126602,0.016084,0.046915,,
70.6456,S3,spent,0.318022,-1.231796,0.002902,0.127078,0.016188,0.046351,,
70.6556,S3,spent,0.318048,-1.230535,0.003062,0.127553,0.016291,0.045787,,
70.6656,S3,spent,0.318074,-1.229274,0.003222,0.128029,0.016395,0.045222,-94.4752,64.1925
70.6756,S3,spent,0.318111,-1.227979,0.003388,0.128461,0.016475,0.044625,,
70.6856,S3,spent,0.318151,-1.226680,0.003556,0.128887,0.016552,0.044023,,
70.6956,S3,spent,0.318190,-1.225381,0.003723,0.129314,0.016629,0.043421,,
70.7056,S3,spent,0.318229,-1.224082,0.003891,0.129741,0.016706,0.042819,,
70.7156,S3,spent,0.318269,-1.222783,0.004058,0.130168,0.016783,0.042217,-94.4720,64.1718
70.7256,S3,spent,0.318308,-1.221484,0.004226,0.130595,0.016861,0.041615,,
70.7356,S3,spent,0.318347,-1.220185,0.004393,0.131021,0.016938,0.041013,,
70.7456,S3,spent,0.318387,-1.218886,0.004561,0.131448,0.017015,0.040411,,
70.7556,S3,spent,0.318434,-1.217569,0.004731,0.131846,0.017076,0.039790,,
70.7656,S3,spent,0.318487,-1.216237,0.004904,0.132221,0.017125,0.039153,-94.4686,64.1485
70.7756,S3,spent,0.318541,-1.214904,0.005077,0.132596,0.017175,0.038516,,
70.7856,S3,spent,0.318594,-1.213572,0.005249,0.132971,0.017224,0.037879,,
70.7956,S3,spent,0.318648,-1.212239,0.005422,0.133347,0.017273,0.037242,,
70.8056,S3,spent,0.318701,-1.210907,0.005595,0.133722,0.017322,0.036605,,
70.8156,S3,spent,0.318755,-1.209575,0.005767,0.134097,0.017371,0.035968,-94.4672,64.1223
70.8256,S3,spent,0.318809,-1.208242,0.005940,0.134472,0.017420,0.035331,,
70.8356,S3,spent,0.318865,-1.206904,0.006114,0.134835,0.017463,0.034687,,
70.8456,S3,spent,0.318933,-1.205542,0.006289,0.135156,0.017483,0.034019,,
70.8556,S3,spent,0.319001,-1.204181,0.006465,0.135477,0.017503,0.033350,,
70.8656,S3,spent,0.319069,-1.202819,0.006640,0.135797,0.017523,0.032682,-94.4678,64.0932
70.8756,S3,spent,0.319137,-1.201458,0.006816,0.136118,0.017543,0.032013,,
70.8856,S3,spent,0.319206,-1.200096,0.006992,0.136438,0.017563,0.031345,,
70.8956,S3,spent,0.319274,-1.198735,0.007167,0.136759,0.017583,0.030676,,
70.9056,S3,spent,0.319342,-1.197374,0.007343,0.137080,0.017603,0.030008,,
70.9156,S3,spent,0.319410,-1.196012,0.007519,0.137400,0.017623,0.029339,-94.4682,64.0614
70.9256,S3,spent,0.319491,-1.194629,0.007695,0.137671,0.017617,0.028647,,
70.9356,S3,spent,0.319573,-1.193244,0.007871,0.137935,0.017608,0.027951,,
70.9456,S3,spent,0.319656,-1.191858,0.008047,0.138199,0.017598,0.027255,,
70.9556,S3,spent,0.319739,-1.190472,0.008223,0.138462,0.017589,0.026560,,
70.9656,S3,spent,0.319822,-1.189086,0.008399,0.138726,0.017579,0.025864,-94.4730,64.0266
70.9756,S3,spent,0.319904,-1.187700,0.008575,0.138990,0.017570,0.025168,,
70.9856,S3,spent,0.319987,-1.186315,0.008751,0.139254,0.017560,0.024472,,
70.9956,S3,spent,0.320070,-1.184929,0.008927,0.139517,0.017551,0.023776,,
71.0056,S3,spent,0.320161,-1.183532,0.009102,0.139749,0.017525,0.023068,,
71.0156,S3,spent,0.320258,-1.182127,0.009276,0.139954,0.017486,0.022349,-94.4775,63.9892
71.0256,S3,spent,0.320355,-1.180722,0.009450,0.140159,0.017447,0.021630,,
71.0356,S3,spent,0.320453,-1.179316,0.009624,0.140363,0.017408,0.020911,,
71.0456,S3,spent,0.320550,-1.177911,0.009798,0.140568,0.017369,0.020192,,
71.0556,S3,spent,0.320647,-1.176506,0.009972,0.140773,0.017331,0.019474,,
71.0656,S3,spent,0.320745,-1.175100,0.010146,0.140978,0.017292,0.018755,-94.4844,63.9489
71.0756,S3,spent,0.320842,-1.173695,0.010320,0.141182,0.017253,0.018036,,
71.0856,S3,spent,0.320942,-1.172287,0.010493,0.141375,0.017208,0.017313,,
71.0956,S3,spent,0.321054,-1.170867,0.010663,0.141519,0.017140,0.016576,,
71.1056,S3,spent,0.321166,-1.169447,0.010833,0.141663,0.017073,0.015839,,
71.1156,S3,spent,0.321277,-1.168027,0.011002,0.141807,0.017005,0.015101,-94.4933,63.9060
71.1256,S3,spent,0.321389,-1.166607,0.011172,0.141951,0.016937,0.014364,,
71.1356,S3,spent,0.321501,-1.165187,0.011341,0.142095,0.016870,0.013627,,
71.1456,S3,spent,0.321613,-1.163768,0.011511,0.142239,0.016802,0.012889,,
71.1556,S3,spent,0.321724,-1.162348,0.011681,0.142383,0.016734,0.012152,,
71.1656,S3,spent,0.321836,-1.160928,0.011850,0.142527,0.016667,0.011415,-94.5021,63.8604
71.1756,S3,spent,0.321960,-1.159500,0.012014,0.142617,0.016575,0.010666,,
71.1856,S3,spent,0.322085,-1.158070,0.012177,0.142699,0.016480,0.009914,,
71.1956,S3,spent,0.322211,-1.156641,0.012339,0.142781,0.016384,0.009163,,
71.2056,S3,spent,0.322336,-1.155212,0.012502,0.142863,0.016289,0.008412,,
71.2156,S3,spent,0.322462,-1.153782,0.012665,0.142945,0.016193,0.007661,-94.5154,63.8124
71.2256,S3,spent,0.322587,-1.152353,0.012828,0.143027,0.016098,0.006910,,
71.2356,S3,spent,0.322713,-1.150924,0.012991,0.143109,0.016003,0.006159,,
71.2456,S3,spent,0.322839,-1.149495,0.013153,0.143191,0.015907,0.005408,,
71.2556,S3,spent,0.322971,-1.148063,0.013311,0.143239,0.015798,0.004652,,
71.2656,S3,spent,0.323110,-1.146629,0.013465,0.143258,0.015677,0.003891,-94.5283,63.7618
71.2756,S3,spent,0.323249,-1.145196,0.013619,0.143277,0.015555,0.003131,,
71.2856,S3,spent,0.323388,-1.143762,0.013773,0.143296,0.015434,0.002371,,
71.2956,S3,spent,0.323526,-1.142329,0.013926,0.143315,0.015312,0.001611,,
71.3056,S3,spent,0.323665,-1.140895,0.014080,0.143334,0.015190,0.000850,,
71.3156,S3,spent,0.323804,-1.139462,0.014234,0.143353,0.015069,0.000090,-94.5436,63.7089
71.3256,S3,spent,0.323943,-1.138028,0.014388,0.143372,0.014947,-0.000670,,
71.3356,S3,spent,0.324084,-1.136595,0.014539,0.143378,0.014821,-0.001431,,
71.3456,S3,spent,0.324235,-1.135163,0.014682,0.143333,0.014675,-0.002196,,
71.3556,S3,spent,0.324386,-1.133730,0.014824,0.143289,0.014530,-0.002960,,
71.3656,S3,spent,0.324537,-1.132298,0.014967,0.143244,0.014384,-0.003724,-94.5608,63.6538
71.3756,S3,spent,0.324688,-1.130865,0.015109,0.143199,0.014238,-0.004488,,
71.3856,S3,spent,0.324839,-1.129433,0.015252,0.143155,0.014092,-0.005253,,
71.3956,S3,spent,0.324991,-1.128000,0.015395,0.143110,0.013947,-0.006017,,
71.4056,S3,spent,0.325142,-1.126568,0.015537,0.143065,0.013801,-0.006781,,
71.4156,S3,spent,0.325293,-1.125135,0.015680,0.143021,0.013655,-0.007546,-94.5779,63.5964
71.4256,S3,spent,0.325454,-1.123708,0.015811,0.142921,0.013491,-0.008309,,
71.4356,S3,spent,0.325616,-1.122282,0.015941,0.142813,0.013323,-0.009073,,
71.4456,S3,spent,0.325779,-1.120856,0.016070,0.142705,0.013155,-0.009836,,
71.4556,S3,spent,0.325941,-1.119430,0.016200,0.142596,0.012988,-0.010600,,
71.4656,S3,spent,0.326104,-1.118004,0.016329,0.142488,0.012820,-0.011363,-94.5989,63.5373
71.4756,S3,spent,0.326266,-1.116578,0.016459,0.142379,0.012652,-0.012127,,
71.4856,S3,spent,0.326429,-1.115152,0.016588,0.142271,0.012485,-0.012890,,
71.4956,S3,spent,0.326591,-1.113726,0.016718,0.142163,0.012317,-0.013654,,
71.5056,S3,spent,0.326759,-1.112306,0.016839,0.142021,0.012139,-0.014415,,
71.5156,S3,spent,0.326932,-1.110892,0.016954,0.141849,0.011952,-0.015173,-94.6197,63.4761
71.5256,S3,spent,0.327104,-1.109477,0.017069,0.141677,0.011764,-0.015932,,
71.5356,S3,spent,0.327277,-1.108063,0.017183,0.141506,0.011577,-0.016690,,
71.5456,S3,spent,0.327450,-1.106648,0.017298,0.141334,0.011390,-0.017449,,
71.5556,S3,spent,0.327622,-1.105234,0.017413,0.141162,0.011202,-0.018207,,
71.5656,S3,spent,0.327795,-1.103820,0.017527,0.140990,0.011015,-0.018966,-94.6424,63.4134
71.5756,S3,spent,0.327968,-1.102405,0.017642,0.140818,0.010828,-0.019724,,
71.5856,S3,spent,0.328142,-1.100994,0.017754,0.140635,0.010638,-0.020480,,
71.5956,S3,spent,0.328324,-1.099597,0.017852,0.140400,0.010435,-0.021223,,
71.6056,S3,spent,0.328505,-1.098199,0.017951,0.140166,0.010233,-0.021967,,
71.6156,S3,spent,0.328687,-1.096802,0.018049,0.139931,0.010031,-0.022710,-94.6666,63.3492
71.6256,S3,spent,0.328868,-1.095404,0.018147,0.139697,0.009829,-0.023453,,
71.6356,S3,spent,0.329050,-1.094007,0.018246,0.139462,0.009626,-0.024196,,
71.6456,S3,spent,0.329232,-1.092609,0.018344,0.139228,0.009424,-0.024940,,
71.6556,S3,spent,0.329413,-1.091212,0.018443,0.138993,0.009222,-0.025683,,
71.6656,S3,spent,0.329595,-1.089815,0.018541,0.138758,0.009019,-0.026426,-94.6907,63.2833
71.6756,S3,spent,0.329783,-1.088436,0.018625,0.138472,0.008803,-0.027163,,
71.6856,S3,spent,0.329972,-1.087061,0.018706,0.138176,0.008584,-0.027899,,
71.6956,S3,spent,0.330161,-1.085685,0.018787,0.137880,0.008366,-0.028635,,
71.7056,S3,spent,0.330350,-1.084310,0.018867,0.137584,0.008147,-0.029371,,
71.7156,S3,spent,0.330539,-1.082935,0.018948,0.137288,0.007928,-0.030107,-94.7180,63.2168
71.7256,S3,spent,0.330728,-1.081559,0.019029,0.136992,0.007709,-0.030843,,
71.7356,S3,spent,0.330917,-1.080184,0.019110,0.136695,0.007490,-0.031579,,
71.7456,S3,spent,0.331106,-1.078809,0.019191,0.136399,0.007272,-0.032315,,
71.7556,S3,spent,0.331298,-1.077447,0.019262,0.136072,0.007048,-0.033038,,
71.7656,S3,spent,0.331493,-1.076099,0.019324,0.135716,0.006821,-0.033749,-94.7448,63.1489
71.7756,S3,spent,0.331688,-1.074751,0.019387,0.135359,0.006593,-0.034459,,
71.7856,S3,spent,0.331883,-1.073403,0.019449,0.135002,0.006366,-0.035169,,
71.7956,S3,spent,0.332078,-1.072055,0.019511,0.134645,0.006139,-0.035879,,
71.8056,S3,spent,0.332273,-1.070707,0.019573,0.134288,0.005911,-0.036589,,
71.8156,S3,spent,0.332468,-1.069359,0.019635,0.133931,0.005684,-0.037300,-94.7732,63.0804
71.8256,S3,spent,0.332663,-1.068011,0.019697,0.133574,0.005456,-0.038010,,
71.8356,S3,spent,0.332859,-1.066668,0.019756,0.133208,0.005230,-0.038709,,
71.8456,S3,spent,0.333059,-1.065352,0.019799,0.132795,0.005008,-0.039355,,
71.8556,S3,spent,0.333258,-1.064036,0.019843,0.132382,0.004787,-0.040000,,
71.8656,S3,spent,0.333458,-1.062720,0.019886,0.131969,0.004566,-0.040645,-94.8026,63.0115
71.8756,S3,spent,0.333657,-1.061404,0.019930,0.131556,0.004345,-0.041291,,
71.8856,S3,spent,0.333856,-1.060088,0.019973,0.131142,0.004124,-0.041936,,
71.8956,S3,spent,0.334056,-1.058773,0.020017,0.130729,0.003903,-0.042582,,
71.9056,S3,spent,0.334255,-1.057457,0.020061,0.130316,0.003681,-0.043227,,
71.9156,S3,spent,0.334455,-1.056141,0.020104,0.129903,0.003460,-0.043873,-94.8318,62.9417
71.9256,S3,spent,0.334656,-1.054855,0.020131,0.129443,0.003201,-0.044594,,
71.9356,S3,spent,0.334859,-1.053576,0.020154,0.128974,0.002934,-0.045331,,
71.9456,S3,spent,0.335061,-1.052297,0.020178,0.128504,0.002667,-0.046068,,
71.9556,S3,spent,0.335263,-1.051018,0.020202,0.128035,0.002400,-0.046805,,
71.9656,S3,spent,0.335465,-1.049739,0.020225,0.127565,0.002134,-0.047542,-94.8627,62.8717
71.9756,S3,spent,0.335668,-1.048459,0.020249,0.127096,0.001867,-0.048278,,
71.9856,S3,spent,0.335870,-1.047180,0.020272,0.126626,0.001600,-0.049015,,
71.9956,S3,spent,0.336072,-1.045901,0.020296,0.126157,0.001333,-0.049752,,
72.0056,S3,spent,0.336275,-1.044642,0.020308,0.125657,0.001078,-0.050435,,
72.0156,S3,spent,0.336478,-1.043405,0.020309,0.125126,0.000836,-0.051062,-94.8930,62.8012
72.0256,S3,spent,0.336681,-1.042167,0.020309,0.124595,0.000594,-0.051689,,
72.0356,S3,spent,0.336885,-1.040930,0.020310,0.124064,0.000352,-0.052316,,
72.0456,S3,spent,0.337088,-1.039693,0.020311,0.123533,0.000110,-0.052944,,
72.0556,S3,spent,0.337291,-1.038455,0.020312,0.123001,-0.000132,-0.053571,,
72.0656,S3,spent,0.337494,-1.037218,0.020312,0.122470,-0.000374,-0.054198,-94.9244,62.7314
72.0756,S3,spent,0.337698,-1.035980,0.020313,0.121939,-0.000616,-0.054825,,
72.0856,S3,spent,0.337901,-1.034750,0.020312,0.121404,-0.000837,-0.055388,,
72.0956,S3,spent,0.338104,-1.033558,0.020299,0.120841,-0.000949,-0.055603,,
72.1056,S3,spent,0.338306,-1.032367,0.020286,0.120279,-0.001060,-0.055818,,
72.1156,S3,spent,0.338509,-1.031175,0.020274,0.119717,-0.001172,-0.056033,-94.9574,62.6639
72.1256,S3,spent,0.338712,-1.029984,0.020261,0.119155,-0.001283,-0.056248,,
72.1356,S3,spent,0.338914,-1.028792,0.020248,0.118593,-0.001395,-0.056463,,
72.1456,S3,spent,0.339117,-1.027600,0.020236,0.118031,-0.001506,-0.056678,,
72.1556,S3,spent,0.339320,-1.026409,0.020223,0.117469,-0.001618,-0.056893,,
72.1656,S3,spent,0.339522,-1.025217,0.020211,0.116906,-0.001730,-0.057108,-94.9907,62.5971
72.1756,S3,spent,0.339724,-1.024065,0.020185,0.116315,-0.002062,-0.057945,,
72.1856,S3,spent,0.339925,-1.022921,0.020157,0.115718,-0.002444,-0.058919,,
72.1956,S3,spent,0.340126,-1.021777,0.020128,0.115121,-0.002825,-0.059892,,
72.2056,S3,spent,0.340327,-1.020634,0.020100,0.114524,-0.003206,-0.060866,,
72.2156,S3,spent,0.340528,-1.019490,0.020072,0.113926,-0.003588,-0.061839,-95.0213,62.5266
72.2256,S3,spent,0.340729,-1.018346,0.020044,0.113329,-0.003969,-0.062813,,
72.2356,S3,spent,0.340930,-1.017202,0.020015,0.112732,-0.004351,-0.063786,,
72.2456,S3,spent,0.341132,-1.016059,0.019987,0.112134,-0.004732,-0.064760,,
72.2556,S3,spent,0.341331,-1.014941,0.019937,0.111481,-0.005189,-0.065944,,
72.2656,S3,spent,0.341528,-1.013852,0.019865,0.110767,-0.005728,-0.067353,-95.0503,62.4549
72.2756,S3,spent,0.341725,-1.012763,0.019792,0.110053,-0.006267,-0.068763,,
72.2856,S3,spent,0.341922,-1.011673,0.019720,0.109339,-0.006807,-0.070173,,
72.2956,S3,spent,0.342119,-1.010584,0.019647,0.108625,-0.007346,-0.071582,,
72.3056,S3,spent,0.342316,-1.009495,0.019574,0.107910,-0.007885,-0.072992,,
72.3156,S3,spent,0.342513,-1.008405,0.019502,0.107196,-0.008424,-0.074402,-95.0777,62.3822
72.3256,S3,spent,0.342710,-1.007316,0.019429,0.106482,-0.008963,-0.075811,,
72.3356,S3,spent,0.342906,-1.006236,0.019354,0.105763,-0.009367,-0.076826,,
72.3456,S3,spent,0.343095,-1.005209,0.019264,0.105012,-0.008977,-0.075510,,
72.3556,S3,spent,0.343285,-1.004183,0.019174,0.104261,-0.008587,-0.074194,,
72.3656,S3,spent,0.343475,-1.003156,0.019083,0.103510,-0.008197,-0.072879,-95.1129,62.3232
72.3756,S3,spent,0.343664,-1.002130,0.018993,0.102759,-0.007807,-0.071563,,
72.3856,S3,spent,0.343854,-1.001104,0.018903,0.102008,-0.007417,-0.070247,,
72.3956,S3,spent,0.344043,-1.000077,0.018813,0.101257,-0.007028,-0.068931,,
72.4056,S3,spent,0.344233,-0.999051,0.018723,0.100506,-0.006638,-0.067615,,
72.4156,S3,spent,0.344423,-0.998024,0.018633,0.099755,-0.006248,-0.066300,-95.1523,62.2717
72.4256,S3,spent,0.344608,-0.997042,0.018587,0.099147,-0.005696,-0.064501,,
72.4356,S3,spent,0.344792,-0.996071,0.018552,0.098573,-0.005106,-0.062587,,
72.4456,S3,spent,0.344977,-0.995100,0.018517,0.097999,-0.004517,-0.060674,,
72.4556,S3,spent,0.345161,-0.994129,0.018483,0.097425,-0.003927,-0.058760,,
72.4656,S3,spent,0.345346,-0.993158,0.018448,0.096851,-0.003337,-0.056846,-95.1948,62.2266
72.4756,S3,spent,0.345530,-0.992187,0.018413,0.096277,-0.002747,-0.054933,,
72.4856,S3,spent,0.345714,-0.991216,0.018378,0.095703,-0.002157,-0.053019,,
72.4956,S3,spent,0.345899,-0.990245,0.018343,0.095129,-0.001567,-0.051105,,
72.5056,S3,spent,0.346082,-0.989294,0.018312,0.094566,-0.001724,-0.051687,,
72.5156,S3,spent,0.346265,-0.988367,0.018285,0.094016,-0.002721,-0.055080,-95.2269,62.1702
72.5256,S3,spent,0.346448,-0.987440,0.018258,0.093466,-0.003719,-0.058473,,
72.5356,S3,spent,0.346630,-0.986512,0.018231,0.092916,-0.004717,-0.061867,,
72.5456,S3,spent,0.346813,-0.985585,0.018204,0.092366,-0.005714,-0.065260,,
72.5556,S3,spent,0.346996,-0.984657,0.018177,0.091816,-0.006712,-0.068653,,
72.5656,S3,spent,0.347179,-0.983730,0.018150,0.091266,-0.007709,-0.072046,-95.2349,62.0875
72.5756,S3,spent,0.347361,-0.982803,0.018123,0.090716,-0.008707,-0.075440,,
72.5856,S3,spent,0.347543,-0.981884,0.018076,0.090102,-0.009794,-0.079123,,
72.5956,S3,spent,0.347718,-0.981021,0.017905,0.089066,-0.011468,-0.084703,,
72.6056,S3,spent,0.347893,-0.980159,0.017735,0.088029,-0.013142,-0.090283,,
72.6156,S3,spent,0.348067,-0.979297,0.017564,0.086993,-0.014816,-0.095863,-95.2337,61.9971
72.6256,S3,spent,0.348242,-0.978434,0.017393,0.085957,-0.016490,-0.101443,,
72.6356,S3,spent,0.348417,-0.977572,0.017222,0.084920,-0.018164,-0.107022,,
72.6456,S3,spent,0.348592,-0.976709,0.017051,0.083884,-0.019837,-0.112602,,
72.6556,S3,spent,0.348767,-0.975847,0.016880,0.082848,-0.021511,-0.118182,,
72.6656,S3,spent,0.348942,-0.974985,0.016709,0.081811,-0.023185,-0.123762,-95.2269,61.9022
72.6756,S3,spent,0.349101,-0.974204,0.016451,0.080495,-0.024283,-0.127255,,
72.6856,S3,spent,0.349257,-0.973444,0.016172,0.079106,-0.025232,-0.130212,,
72.6956,S3,spent,0.349412,-0.972684,0.015893,0.077717,-0.026181,-0.133169,,
72.7056,S3,spent,0.349568,-0.971924,0.015613,0.076328,-0.027131,-0.136126,,
72.7156,S3,spent,0.349724,-0.971165,0.015334,0.074939,-0.028080,-0.139083,-95.2356,61.8321
72.7256,S3,spent,0.349879,-0.970405,0.015054,0.073551,-0.029030,-0.142040,,
72.7356,S3,spent,0.350035,-0.969645,0.014775,0.072162,-0.029979,-0.144997,,
72.7456,S3,spent,0.350191,-0.968885,0.014495,0.070773,-0.030929,-0.147954,,
72.7556,S3,spent,0.350336,-0.968175,0.014250,0.069558,-0.030190,-0.144027,,
72.7656,S3,spent,0.350469,-0.967525,0.014045,0.068548,-0.027456,-0.131958,-95.2809,61.7986
72.7756,S3,spent,0.350602,-0.966875,0.013840,0.067538,-0.024722,-0.119890,,
72.7856,S3,spent,0.350735,-0.966224,0.013635,0.066528,-0.021987,-0.107821,,
72.7956,S3,spent,0.350868,-0.965574,0.013430,0.065518,-0.019253,-0.095753,,
72.8056,S3,spent,0.351002,-0.964924,0.013224,0.064508,-0.016518,-0.083684,,
72.8156,S3,spent,0.351135,-0.964273,0.013019,0.063498,-0.013784,-0.071616,-95.4145,61.8513
72.8256,S3,spent,0.351268,-0.963623,0.012814,0.062489,-0.011049,-0.059547,,
72.8356,S3,spent,0.351400,-0.962978,0.012633,0.061583,-0.008446,-0.048057,,
72.8456,S3,spent,0.351525,-0.962372,0.012624,0.061438,-0.006795,-0.040775,,
72.8556,S3,spent,0.351650,-0.961767,0.012616,0.061292,-0.005145,-0.033492,,
72.8656,S3,spent,0.351775,-0.961161,0.012608,0.061146,-0.003494,-0.026209,-95.5196,61.8815
72.8756,S3,spent,0.351900,-0.960555,0.012599,0.061001,-0.001843,-0.018927,,
72.8856,S3,spent,0.352025,-0.959949,0.012591,0.060855,-0.000192,-0.011644,,
72.8956,S3,spent,0.352150,-0.959344,0.012582,0.060709,0.001459,-0.004361,,
72.9056,S3,spent,0.352275,-0.958738,0.012574,0.060564,0.003109,0.002921,,
72.9156,S3,spent,0.352400,-0.958132,0.012566,0.060418,0.004760,0.010204,-95.6075,61.8980
72.9256,S3,spent,0.352528,-0.957521,0.012626,0.060577,0.005517,0.013602,,
72.9356,S3,spent,0.352657,-0.956908,0.012705,0.060821,0.006027,0.015926,,
72.9456,S3,spent,0.352785,-0.956296,0.012784,0.061064,0.006537,0.018250,,
72.9556,S3,spent,0.352914,-0.955683,0.012863,0.061308,0.007047,0.020574,,
72.9656,S3,spent,0.353043,-0.955070,0.012942,0.061552,0.007557,0.022898,-95.6532,61.8767
72.9756,S3,spent,0.353171,-0.954458,0.013021,0.061795,0.008067,0.025222,,
72.9856,S3,spent,0.353300,-0.953845,0.013100,0.062039,0.008577,0.027546,,
72.9956,S3,spent,0.353429,-0.953232,0.013179,0.062282,0.009087,0.029871,,
73.0056,S3,spent,0.353560,-0.952609,0.013248,0.062485,0.008513,0.027393,,
73.0156,S3,spent,0.353696,-0.951974,0.013305,0.062636,0.006592,0.018954,-95.6683,61.8285
73.0256,S3,spent,0.353832,-0.951339,0.013362,0.062787,0.004671,0.010516,,
73.0356,S3,spent,0.353967,-0.950704,0.013418,0.062939,0.002750,0.002077,,
73.0456,S3,spent,0.354103,-0.950069,0.013475,0.063090,0.000829,-0.006362,,
73.0556,S3,spent,0.354239,-0.949434,0.013532,0.063242,-0.001092,-0.014800,,
73.0656,S3,spent,0.354374,-0.948799,0.013588,0.063393,-0.003013,-0.023239,-95.6134,61.7198
73.0756,S3,spent,0.354510,-0.948164,0.013645,0.063544,-0.004934,-0.031678,,
73.0856,S3,spent,0.354645,-0.947532,0.013674,0.063576,-0.006934,-0.040460,,
73.0956,S3,spent,0.354775,-0.946928,0.013482,0.062630,-0.009573,-0.052053,,
73.1056,S3,spent,0.354906,-0.946324,0.013290,0.061684,-0.012212,-0.063647,,
73.1156,S3,spent,0.355036,-0.945720,0.013097,0.060737,-0.014851,-0.075241,-95.5396,61.5975
73.1256,S3,spent,0.355167,-0.945116,0.012905,0.059791,-0.017490,-0.086835,,
73.1356,S3,spent,0.355297,-0.944512,0.012713,0.058845,-0.020129,-0.098429,,
73.1456,S3,spent,0.355428,-0.943908,0.012520,0.057898,-0.022769,-0.110023,,
73.1556,S3,spent,0.355558,-0.943304,0.012328,0.056952,-0.025408,-0.121617,,
73.1656,S3,spent,0.355689,-0.942700,0.012136,0.056006,-0.028047,-0.133211,-95.4543,61.4670
73.1756,S3,spent,0.355801,-0.942179,0.011838,0.054600,-0.029257,-0.138414,,
73.1856,S3,spent,0.355909,-0.941684,0.011508,0.053059,-0.030045,-0.141724,,
73.1956,S3,spent,0.356017,-0.941188,0.011179,0.051517,-0.030833,-0.145034,,
73.2056,S3,spent,0.356124,-0.940693,0.010849,0.049976,-0.031620,-0.148345,,
73.2156,S3,spent,0.356232,-0.940197,0.010520,0.048435,-0.032408,-0.151655,-95.4392,61.4048
73.2256,S3,spent,0.356340,-0.939702,0.010191,0.046893,-0.033195,-0.154965,,
73.2356,S3,spent,0.356447,-0.939206,0.009861,0.045352,-0.033983,-0.158275,,
73.2456,S3,spent,0.356555,-0.938711,0.009532,0.043811,-0.034770,-0.161585,,
73.2556,S3,spent,0.356650,-0.938273,0.009196,0.042247,-0.035080,-0.162767,,
73.2656,S3,spent,0.356729,-0.937911,0.008852,0.040655,-0.034768,-0.161175,-95.4392,61.3592
73.2756,S3,spent,0.356808,-0.937549,0.008507,0.039062,-0.034456,-0.159584,,
73.2856,S3,spent,0.356887,-0.937187,0.008162,0.037470,-0.034144,-0.157992,,
73.2956,S3,spent,0.356966,-0.936825,0.007818,0.035878,-0.033832,-0.156400,,
73.3056,S3,spent,0.357045,-0.936463,0.007473,0.034285,-0.033520,-0.154809,,
73.3156,S3,spent,0.357124,-0.936101,0.007129,0.032693,-0.033208,-0.153217,-95.4685,61.3468
73.3256,S3,spent,0.357202,-0.935739,0.006784,0.031101,-0.032896,-0.151625,,
73.3356,S3,spent,0.357279,-0.935389,0.006445,0.029532,-0.032533,-0.149808,,
73.3456,S3,spent,0.357331,-0.935150,0.006151,0.028185,-0.031694,-0.145891,,
73.3556,S3,spent,0.357383,-0.934912,0.005858,0.026837,-0.030856,-0.141974,,
73.3656,S3,spent,0.357435,-0.934674,0.005565,0.025490,-0.030018,-0.138057,-95.5084,61.3506
73.3756,S3,spent,0.357487,-0.934436,0.005272,0.024142,-0.029179,-0.134140,,
73.3856,S3,spent,0.357539,-0.934198,0.004978,0.022794,-0.028341,-0.130223,,
73.3956,S3,spent,0.357591,-0.933960,0.004685,0.021447,-0.027503,-0.126306,,
73.4056,S3,spent,0.357643,-0.933721,0.004392,0.020099,-0.026664,-0.122389,,
73.4156,S3,spent,0.357695,-0.933483,0.004099,0.018752,-0.025826,-0.118472,-95.5549,61.3643
73.4256,S3,spent,0.357731,-0.933319,0.003864,0.017677,-0.024891,-0.114151,,
73.4356,S3,spent,0.357761,-0.933179,0.003648,0.016688,-0.023926,-0.109701,,
73.4456,S3,spent,0.357792,-0.933038,0.003432,0.015699,-0.022960,-0.105251,,
73.4556,S3,spent,0.357823,-0.932898,0.003216,0.014710,-0.021995,-0.100801,,
73.4656,S3,spent,0.357854,-0.932758,0.003001,0.013721,-0.021030,-0.096351,-95.6026,61.3883
73.4756,S3,spent,0.357884,-0.932617,0.002785,0.012732,-0.020064,-0.091901,,
73.4856,S3,spent,0.357915,-0.932477,0.002569,0.011743,-0.019099,-0.087451,,
73.4956,S3,spent,0.357946,-0.932336,0.002353,0.010754,-0.018134,-0.083001,,
73.5056,S3,spent,0.357970,-0.932224,0.002170,0.009915,-0.017217,-0.078784,,
73.5156,S3,spent,0.357986,-0.932151,0.002031,0.009279,-0.016367,-0.074886,-95.6482,61.4128
73.5256,S3,spent,0.358002,-0.932078,0.001892,0.008643,-0.015517,-0.070988,,
73.5356,S3,spent,0.358018,-0.932005,0.001753,0.008008,-0.014667,-0.067091,,
73.5456,S3,spent,0.358034,-0.931932,0.001614,0.007372,-0.013817,-0.063193,,
73.5556,S3,spent,0.358050,-0.931859,0.001475,0.006737,-0.012967,-0.059295,,
73.5656,S3,spent,0.358066,-0.931786,0.001336,0.006101,-0.012117,-0.055397,-95.6881,61.4376
73.5756,S3,spent,0.358082,-0.931713,0.001197,0.005466,-0.011267,-0.051499,,
73.5856,S3,spent,0.358097,-0.931643,0.001063,0.004854,-0.010436,-0.047690,,
73.5956,S3,spent,0.358105,-0.931610,0.000986,0.004501,-0.009814,-0.044843,,
73.6056,S3,spent,0.358112,-0.931578,0.000909,0.004149,-0.009191,-0.041996,,
73.6156,S3,spent,0.358119,-0.931545,0.000831,0.003796,-0.008569,-0.039148,-95.7209,61.4592
73.6256,S3,spent,0.358126,-0.931513,0.000754,0.003443,-0.007946,-0.036301,,
73.6356,S3,spent,0.358133,-0.931481,0.000677,0.003091,-0.007323,-0.033453,,
73.6456,S3,spent,0.358140,-0.931448,0.000600,0.002738,-0.006701,-0.030606,,
73.6556,S3,spent,0.358147,-0.931416,0.000523,0.002385,-0.006078,-0.027759,,
73.6656,S3,spent,0.358154,-0.931383,0.000445,0.002033,-0.005456,-0.024911,-95.7493,61.4788
73.6756,S3,spent,0.358158,-0.931366,0.000399,0.001822,-0.005014,-0.022894,,
73.6856,S3,spent,0.358161,-0.931354,0.000364,0.001660,-0.004634,-0.021158,,
73.6956,S3,spent,0.358163,-0.931343,0.000328,0.001498,-0.004254,-0.019422,,
73.7056,S3,spent,0.358166,-0.931331,0.000293,0.001335,-0.003874,-0.017686,,
73.7156,S3,spent,0.358168,-0.931319,0.000257,0.001173,-0.003494,-0.015950,-95.7669,61.4916
73.7256,S3,spent,0.358171,-0.931308,0.000221,0.001011,-0.003114,-0.014214,,
73.7356,S3,spent,0.358173,-0.931296,0.000186,0.000848,-0.002734,-0.012478,,
73.7456,S3,spent,0.358176,-0.931284,0.000150,0.000686,-0.002354,-0.010742,,
73.7556,S3,spent,0.358178,-0.931276,0.000124,0.000567,-0.002054,-0.009373,,
73.7656,S3,spent,0.358178,-0.931273,0.000112,0.000510,-0.001870,-0.008532,-95.7814,61.5024
73.7756,S3,spent,0.358179,-0.931270,0.000099,0.000453,-0.001686,-0.007692,,
73.7856,S3,spent,0.358180,-0.931267,0.000087,0.000396,-0.001501,-0.006851,,
73.7956,S3,spent,0.358180,-0.931264,0.000074,0.000339,-0.001317,-0.006011,,
73.8056,S3,spent,0.358181,-0.931261,0.000062,0.000282,-0.001133,-0.005170,,
73.8156,S3,spent,0.358182,-0.931258,0.000049,0.000225,-0.000949,-0.004330,-95.7896,61.5086
73.8256,S3,spent,0.358182,-0.931255,0.000037,0.000168,-0.000765,-0.003489,,
73.8356,S3,spent,0.358183,-0.931252,0.000025,0.000114,-0.000590,-0.002689,,
73.8456,S3,spent,0.358183,-0.931252,0.000022,0.000101,-0.000528,-0.002408,,
73.8556,S3,spent,0.358183,-0.931251,0.000019,0.000089,-0.000466,-0.002127,,
73.8656,S3,spent,0.358183,-0.931251,0.000017,0.000076,-0.000404,-0.001845,-95.7944,61.5123
73.8756,S3,spent,0.358183,-0.931250,0.000014,0.000063,-0.000343,-0.001564,,
73.8856,S3,spent,0.358184,-0.931250,0.000011,0.000050,-0.000281,-0.001282,,
73.8956,S3,spent,0.358184,-0.931249,0.000008,0.000038,-0.000219,-0.001001,,
73.9056,S3,spent,0.358184,-0.931249,0.000005,0.000025,-0.000158,-0.000719,,
73.9156,S3,spent,0.358184,-0.931249,0.000003,0.000012,-0.000096,-0.000438,-95.7971,61.5144
73.9256,S3,spent,0.358184,-0.931248,0.000002,0.000008,-0.000073,-0.000332,,
73.9356,S3,spent,0.358184,-0.931248,0.000002,0.000007,-0.000063,-0.000289,,
73.9456,S3,spent,0.358184,-0.931248,0.000001,0.000006,-0.000054,-0.000245,,
73.9556,S3,spent,0.358184,-0.931248,0.000001,0.000005,-0.000044,-0.000202,,
73.9656,S3,spent,0.358184,-0.931248,0.000001,0.000004,-0.000035,-0.000159,-95.7976,61.5148
73.9756,S3,spent,0.358184,-0.931248,0.000001,0.000003,-0.000025,-0.000116,,
73.9856,S3,spent,0.358184,-0.931248,0.000000,0.000002,-0.000016,-0.000073,,
73.9956,S3,spent,0.358184,-0.931248,0.000000,0.000001,-0.000007,-0.000030,,
74.0056,S3,spent,0.358184,-0.931248,0.000000,0.000000,-0.000001,-0.000004,,
74.0156,S3,spent,0.358184,-0.931248,0.000000,0.000000,-0.000001,-0.000002,-95.7979,61.5151
74.0256,S3,spent,0.358184,-0.931248,0.000000,0.000000,-0.000000,-0.000001,,
74.0356,S3,spent,0.358184,-0.931248,0.000000,0.000000,-0.000000,-0.000000,,
74.0403,S3,spent,0.358184,-0.931248,0.000000,0.000000,0.000000,0.000000,-95.7979,61.5151
74.0503,S3,spent,0.358184,-0.931247,0.000184,0.000398,0.055064,0.119187,,
74.0603,S3,spent,0.358191,-0.931232,0.001455,0.003148,0.215823,0.467153,,
74.0703,S3,spent,0.358220,-0.931169,0.004809,0.010410,0.468978,1.015113,,
74.0803,S3,spent,0.358297,-0.931003,0.011069,0.023960,0.792366,1.715094,,
74.0903,S3,spent,0.358453,-0.930665,0.020788,0.044997,1.154958,2.499931,-98.8227,63.3668
74.1003,S3,spent,0.358711,-0.930107,0.030918,0.066922,1.062174,2.299098,,
74.1103,S3,spent,0.359075,-0.929319,0.042014,0.090940,1.150706,2.490727,,
74.1203,S3,spent,0.359554,-0.928283,0.053785,0.116420,1.195278,2.587204,,
74.1303,S3,spent,0.360152,-0.926989,0.065733,0.142280,1.183792,2.562342,,
74.1403,S3,spent,0.360867,-0.925440,0.077232,0.167170,1.103346,2.388215,-99.5371,63.2613
74.1503,S3,spent,0.361692,-0.923654,0.087593,0.189596,1.164866,2.521376,,
74.1603,S3,spent,0.362623,-0.921640,0.098107,0.212354,0.912403,1.974916,,
74.1703,S3,spent,0.363649,-0.919419,0.107485,0.232654,0.915080,1.980708,,
74.1803,S3,spent,0.364760,-0.917015,0.114577,0.248004,0.966592,2.092208,,
74.1903,S3,spent,0.365943,-0.914453,0.121791,0.263619,1.147591,2.483985,-101.1015,63.2374
74.2003,S3,spent,0.367212,-0.911707,0.131738,0.285149,1.141129,2.469996,,
74.2103,S3,spent,0.368583,-0.908739,0.142077,0.307529,0.943573,2.042384,,
74.2203,S3,spent,0.370050,-0.905565,0.150969,0.326775,1.090496,2.360401,,
74.2303,S3,spent,0.371598,-0.902214,0.159690,0.345652,1.275618,2.761102,,
74.2403,S3,spent,0.373253,-0.898631,0.170920,0.369959,1.153088,2.495883,-103.3887,63.1331
74.2503,S3,spent,0.375016,-0.894814,0.181687,0.393266,1.018833,2.205285,,
74.2603,S3,spent,0.376886,-0.890767,0.192294,0.416224,1.060234,2.294899,,
74.2703,S3,spent,0.378859,-0.886496,0.201474,0.436094,0.244871,0.530029,,
74.2803,S3,spent,0.380883,-0.882117,0.202578,0.438484,-0.032476,-0.070296,,
74.2903,S3,spent,0.382908,-0.877732,0.202594,0.438519,0.040688,0.088070,-102.2080,61.4874
74.3003,S3,spent,0.384934,-0.873348,0.202575,0.438477,0.032265,0.069838,,
74.3103,S3,spent,0.386960,-0.868962,0.202607,0.438547,-0.006264,-0.013558,,
74.3203,S3,spent,0.388986,-0.864577,0.202610,0.438553,-0.003557,-0.007699,,
74.3303,S3,spent,0.391012,-0.860191,0.202611,0.438556,-0.000918,-0.001986,,
74.3403,S3,spent,0.393038,-0.855806,0.202593,0.438516,-0.000450,-0.000975,-102.6147,61.1265
74.3503,S3,spent,0.395064,-0.851421,0.202593,0.438517,-0.001139,-0.002466,,
74.3603,S3,spent,0.397090,-0.847036,0.202594,0.438519,-0.001821,-0.003943,,
74.3703,S3,spent,0.399116,-0.842651,0.202597,0.438525,0.000672,0.001455,,
74.3803,S3,spent,0.401142,-0.838265,0.202597,0.438524,-0.000741,-0.001604,,
74.3903,S3,spent,0.403168,-0.833880,0.202597,0.438525,-0.000555,-0.001200,-103.1259,60.7996
74.4003,S3,spent,0.405194,-0.829495,0.202597,0.438525,-0.000350,-0.000757,,
74.4103,S3,spent,0.407220,-0.825109,0.202596,0.438524,0.000051,0.000110,,
74.4203,S3,spent,0.409246,-0.820724,0.202596,0.438524,0.000004,0.000008,,
74.4303,S3,spent,0.411272,-0.816339,0.202596,0.438524,-0.000046,-0.000099,,
74.4403,S3,spent,0.413298,-0.811954,0.202597,0.438524,0.000024,0.000052,-103.6219,60.4556
74.4503,S3,spent,0.415323,-0.807569,0.202596,0.438524,0.000040,0.000087,,
74.4603,S3,spent,0.417349,-0.803183,0.202596,0.438524,0.000052,0.000112,,
74.4703,S3,spent,0.419375,-0.798798,0.202596,0.438524,0.000010,0.000023,,
74.4803,S3,spent,0.421401,-0.794413,0.202596,0.438524,0.000011,0.000024,,
74.4903,S3,spent,0.423427,-0.790028,0.202596,0.438524,0.000005,0.000010,-104.0992,60.0927
74.5003,S3,spent,0.425453,-0.785642,0.202596,0.438524,0.000004,0.000009,,
74.5103,S3,spent,0.427479,-0.781257,0.202596,0.438524,0.000002,0.000003,,
74.5203,S3,spent,0.429505,-0.776872,0.202596,0.438524,0.000001,0.000003,,
74.5303,S3,spent,0.431531,-0.772487,0.202596,0.438524,-0.000001,-0.000002,,
74.5403,S3,spent,0.433557,-0.768101,0.202596,0.438524,-0.000011,-0.000023,-104.5602,59.7106
74.5503,S3,spent,0.435583,-0.763716,0.202596,0.438524,-0.000017,-0.000037,,
74.5603,S3,spent,0.437609,-0.759331,0.202596,0.438524,0.000012,0.000026,,
74.5703,S3,spent,0.439635,-0.754946,0.202596,0.438524,-0.000031,-0.000067,,
74.5803,S3,spent,0.441661,-0.750560,0.202596,0.438524,-0.000019,-0.000042,,
74.5903,S3,spent,0.443687,-0.746175,0.202597,0.438524,-0.000003,-0.000007,-105.0056,59.3084
74.6003,S3,spent,0.445713,-0.741790,0.202596,0.438524,-0.000032,-0.000069,,
74.6103,S3,spent,0.447739,-0.737405,0.202596,0.438524,-0.000082,-0.000176,,
74.6203,S3,spent,0.449765,-0.733019,0.202596,0.438524,-0.000129,-0.000279,,
74.6303,S3,spent,0.451791,-0.728634,0.202597,0.438524,0.000272,0.000588,,
74.6403,S3,spent,0.453817,-0.724249,0.202597,0.438524,-0.000745,-0.001612,-105.4329,58.8856
74.6503,S3,spent,0.455843,-0.719864,0.202597,0.438525,-0.000562,-0.001217,,
74.6603,S3,spent,0.457869,-0.715478,0.202597,0.438526,-0.000381,-0.000824,,
74.6703,S3,spent,0.459895,-0.711093,0.202593,0.438516,0.000735,0.001590,,
74.6803,S3,spent,0.461921,-0.706708,0.202592,0.438516,0.000055,0.000118,,
74.6903,S3,spent,0.463947,-0.702323,0.202593,0.438516,-0.000627,-0.001356,-105.8486,58.4409
74.7003,S3,spent,0.465973,-0.697938,0.202608,0.438550,0.004951,0.010717,,
74.7103,S3,spent,0.467999,-0.693552,0.202604,0.438541,0.007600,0.016451,,
74.7203,S3,spent,0.470025,-0.689167,0.202599,0.438529,0.010395,0.022501,,
74.7303,S3,spent,0.472051,-0.684781,0.202600,0.438533,-0.009997,-0.021638,,
74.7403,S3,spent,0.474076,-0.680397,0.202565,0.438456,0.027566,0.059667,-106.3628,57.9505
74.7503,S3,spent,0.476102,-0.676012,0.202553,0.438431,0.017860,0.038658,,
74.7603,S3,spent,0.478126,-0.671631,0.201716,0.436618,-0.256226,-0.554605,,
74.7703,S3,spent,0.480108,-0.667341,0.193298,0.418397,-1.014741,-2.196428,,
74.7803,S3,spent,0.481988,-0.663272,0.182656,0.395363,-0.983509,-2.128826,,
74.7903,S3,spent,0.483762,-0.659433,0.172020,0.372341,-1.122175,-2.428971,-100.6790,58.4901
74.8003,S3,spent,0.485428,-0.655826,0.160909,0.348290,-1.244538,-2.693827,,
74.8103,S3,spent,0.486984,-0.652457,0.151834,0.328647,-0.379641,-0.821741,,
74.8203,S3,spent,0.488459,-0.649264,0.143010,0.309547,-0.985975,-2.134164,,
74.8303,S3,spent,0.489841,-0.646275,0.132831,0.287515,-1.119112,-2.422341,,
74.8403,S3,spent,0.491119,-0.643507,0.122880,0.265976,-1.104027,-2.389689,-99.3120,58.0194
74.8503,S3,spent,0.492310,-0.640930,0.115453,0.249900,-0.843316,-1.825374,,
74.8603,S3,spent,0.493427,-0.638512,0.108342,0.234509,-0.856756,-1.854465,,
74.8703,S3,spent,0.494462,-0.636271,0.098973,0.214230,-0.879511,-1.903720,,
74.8803,S3,spent,0.495403,-0.634235,0.088711,0.192016,-1.146949,-2.482594,,
74.8903,S3,spent,0.496238,-0.632427,0.078293,0.169468,-1.091383,-2.362321,-98.5006,57.7037
74.9003,S3,spent,0.496965,-0.630854,0.066876,0.144754,-1.179233,-2.552474,,
74.9103,S3,spent,0.497574,-0.629536,0.054942,0.118924,-1.196817,-2.590535,,
74.9203,S3,spent,0.498064,-0.628475,0.043130,0.093356,-1.157124,-2.504619,,
74.9303,S3,spent,0.498439,-0.627664,0.031950,0.069157,-1.072341,-2.321104,,
74.9403,S3,spent,0.498706,-0.627084,0.021796,0.047178,-0.953737,-2.064384,-98.5088,57.3172
74.9503,S3,spent,0.498872,-0.626726,0.011852,0.025654,-0.826295,-1.788533,,
74.9603,S3,spent,0.498955,-0.626546,0.005277,0.011422,-0.497618,-1.077104,,
74.9703,S3,spent,0.498988,-0.626476,0.001673,0.003622,-0.236559,-0.512038,,
74.9803,S3,spent,0.498996,-0.626458,0.000243,0.000525,-0.066141,-0.143164,,
74.9903,S3,spent,0.498997,-0.626457,0.000000,0.000000,-0.000519,-0.001122,-102.4493,55.8289
74.9913,S3,spent,0.498997,-0.626457,0.000000,0.000000,-0.000000,-0.000000,-102.4515,55.8281
75.0013,S3,spent,0.498997,-0.626457,-0.000000,-0.000000,-0.000002,-0.000006,,
75.0113,S3,spent,0.498997,-0.626457,-0.000000,-0.000000,-0.000004,-0.000013,,
75.0213,S3,spent,0.498997,-0.626457,-0.000000,-0.000000,-0.000006,-0.000019,,
75.0313,S3,spent,0.498996,-0.626457,-0.000000,-0.000000,-0.000008,-0.000026,,
75.0413,S3,spent,0.498996,-0.626457,-0.000000,-0.000000,-0.000010,-0.000032,-102.4514,55.8280
75.0513,S3,spent,0.498996,-0.626457,-0.000000,-0.000001,-0.000012,-0.000039,,
75.0613,S3,spent,0.498996,-0.626457,-0.000000,-0.000001,-0.000014,-0.000045,,
75.0713,S3,spent,0.498996,-0.626457,-0.000001,-0.000003,-0.000039,-0.000129,,
75.0813,S3,spent,0.498996,-0.626457,-0.000002,-0.000006,-0.000067,-0.000220,,
75.0913,S3,spent,0.498996,-0.626457,-0.000003,-0.000009,-0.000095,-0.000312,-102.4511,55.8278
75.1013,S3,spent,0.498996,-0.626457,-0.000003,-0.000011,-0.000123,-0.000403,,
75.1113,S3,spent,0.498996,-0.626457,-0.000004,-0.000014,-0.000151,-0.000495,,
75.1213,S3,spent,0.498996,-0.626457,-0.000005,-0.000017,-0.000178,-0.000587,,
75.1313,S3,spent,0.498996,-0.626457,-0.000006,-0.000020,-0.000206,-0.000678,,
75.1413,S3,spent,0.498996,-0.626458,-0.000010,-0.000034,-0.000301,-0.000991,-102.4504,55.8272
75.1513,S3,spent,0.498996,-0.626458,-0.000016,-0.000052,-0.000413,-0.001360,,
75.1613,S3,spent,0.498996,-0.626459,-0.000021,-0.000070,-0.000525,-0.001728,,
75.1713,S3,spent,0.498996,-0.626460,-0.000027,-0.000087,-0.000637,-0.002096,,
75.1813,S3,spent,0.498995,-0.626460,-0.000032,-0.000105,-0.000750,-0.002465,,
75.1913,S3,spent,0.498995,-0.626461,-0.000037,-0.000123,-0.000862,-0.002833,-102.4482,55.8256
75.2013,S3,spent,0.498995,-0.626462,-0.000043,-0.000140,-0.000974,-0.003202,,
75.2113,S3,spent,0.498994,-0.626464,-0.000057,-0.000189,-0.001200,-0.003948,,
75.2213,S3,spent,0.498993,-0.626467,-0.000076,-0.000250,-0.001476,-0.004855,,
75.2313,S3,spent,0.498992,-0.626471,-0.000095,-0.000311,-0.001752,-0.005763,,
75.2413,S3,spent,0.498991,-0.626474,-0.000113,-0.000373,-0.002028,-0.006670,-102.4438,55.8224
75.2513,S3,spent,0.498990,-0.626477,-0.000132,-0.000434,-0.002304,-0.007578,,
75.2613,S3,spent,0.498989,-0.626480,-0.000151,-0.000495,-0.002580,-0.008485,,
75.2713,S3,spent,0.498988,-0.626484,-0.000169,-0.000556,-0.002856,-0.009393,,
75.2813,S3,spent,0.498986,-0.626491,-0.000205,-0.000673,-0.003280,-0.010789,,
75.2913,S3,spent,0.498983,-0.626502,-0.000251,-0.000826,-0.003803,-0.012509,-102.4368,55.8177
75.3013,S3,spent,0.498980,-0.626512,-0.000298,-0.000979,-0.004326,-0.014230,,
75.3113,S3,spent,0.498976,-0.626523,-0.000344,-0.001132,-0.004849,-0.015950,,
75.3213,S3,spent,0.498973,-0.626533,-0.000391,-0.001285,-0.005372,-0.017671,,
75.3313,S3,spent,0.498970,-0.626544,-0.000437,-0.001438,-0.005895,-0.019392,,
75.3413,S3,spent,0.498967,-0.626554,-0.000484,-0.001591,-0.006418,-0.021112,-102.4265,55.8111
75.3513,S3,spent,0.498961,-0.626573,-0.000554,-0.001823,-0.007097,-0.023348,,
75.3613,S3,spent,0.498953,-0.626600,-0.000649,-0.002134,-0.007933,-0.026098,,
75.3713,S3,spent,0.498945,-0.626626,-0.000743,-0.002445,-0.008768,-0.028847,,
75.3813,S3,spent,0.498937,-0.626653,-0.000838,-0.002756,-0.009603,-0.031597,,
75.3913,S3,spent,0.498929,-0.626679,-0.000932,-0.003067,-0.010439,-0.034346,-102.4100,55.8018
75.4013,S3,spent,0.498921,-0.626706,-0.001027,-0.003377,-0.011274,-0.037096,,
75.4113,S3,spent,0.498913,-0.626732,-0.001121,-0.003688,-0.012109,-0.039845,,
75.4213,S3,spent,0.498901,-0.626771,-0.001244,-0.004093,-0.013079,-0.043040,,
75.4313,S3,spent,0.498884,-0.626827,-0.001410,-0.004639,-0.014251,-0.046899,,
75.4413,S3,spent,0.498867,-0.626884,-0.001576,-0.005184,-0.015423,-0.050758,-102.3889,55.7914
75.4513,S3,spent,0.498849,-0.626940,-0.001741,-0.005730,-0.016594,-0.054618,,
75.4613,S3,spent,0.498832,-0.626997,-0.001907,-0.006275,-0.017766,-0.058477,,
75.4713,S3,spent,0.498815,-0.627053,-0.002073,-0.006821,-0.018937,-0.062336,,
75.4813,S3,spent,0.498798,-0.627110,-0.002239,-0.007366,-0.020109,-0.066196,,
75.4913,S3,spent,0.498776,-0.627181,-0.002433,-0.008005,-0.021369,-0.070349,-102.3631,55.7801
75.5013,S3,spent,0.498744,-0.627287,-0.002693,-0.008861,-0.022835,-0.075184,,
75.5113,S3,spent,0.498712,-0.627393,-0.002952,-0.009716,-0.024301,-0.080019,,
75.5213,S3,spent,0.498680,-0.627499,-0.003212,-0.010572,-0.025767,-0.084854,,
75.5313,S3,spent,0.498648,-0.627604,-0.003472,-0.011428,-0.027233,-0.089688,,
75.5413,S3,spent,0.498615,-0.627710,-0.003732,-0.012283,-0.028699,-0.094523,-102.3290,55.7695
75.5513,S3,spent,0.498583,-0.627816,-0.003992,-0.013139,-0.030165,-0.099358,,
75.5613,S3,spent,0.498547,-0.627937,-0.004274,-0.014069,-0.031664,-0.104304,,
75.5713,S3,spent,0.498492,-0.628116,-0.004645,-0.015291,-0.033292,-0.109688,,
75.5813,S3,spent,0.498438,-0.628295,-0.005016,-0.016512,-0.034921,-0.115071,,
75.5913,S3,spent,0.498383,-0.628475,-0.005386,-0.017734,-0.036550,-0.120455,-102.2899,55.7622
75.6013,S3,spent,0.498329,-0.628654,-0.005757,-0.018956,-0.038179,-0.125839,,
75.6113,S3,spent,0.498274,-0.628833,-0.006128,-0.020178,-0.039808,-0.131223,,
75.6213,S3,spent,0.498220,-0.629013,-0.006499,-0.021400,-0.041437,-0.136607,,
75.6313,S3,spent,0.498162,-0.629202,-0.006881,-0.022661,-0.043057,-0.141966,,
75.6413,S3,spent,0.498077,-0.629482,-0.007367,-0.024262,-0.044607,-0.147112,-102.2468,55.7594
75.6513,S3,spent,0.497993,-0.629762,-0.007852,-0.025864,-0.046157,-0.152257,,
75.6613,S3,spent,0.497908,-0.630041,-0.008338,-0.027466,-0.047707,-0.157402,,
75.6713,S3,spent,0.497823,-0.630321,-0.008823,-0.029067,-0.049256,-0.162547,,
75.6813,S3,spent,0.497738,-0.630601,-0.009308,-0.030669,-0.050806,-0.167692,,
75.6913,S3,spent,0.497653,-0.630880,-0.009794,-0.032270,-0.052356,-0.172837,-102.1994,55.7655
75.7013,S3,spent,0.497568,-0.631160,-0.010279,-0.033873,-0.053905,-0.177980,,
75.7113,S3,spent,0.497445,-0.631565,-0.010862,-0.035797,-0.055007,-0.181684,,
75.7213,S3,spent,0.497322,-0.631971,-0.011444,-0.037721,-0.056108,-0.185387,,
75.7313,S3,spent,0.497199,-0.632376,-0.012026,-0.039645,-0.057210,-0.189091,,
75.7413,S3,spent,0.497076,-0.632782,-0.012608,-0.041569,-0.058312,-0.192795,-102.1518,55.7872
75.7513,S3,spent,0.496953,-0.633187,-0.013190,-0.043493,-0.059413,-0.196498,,
75.7613,S3,spent,0.496830,-0.633593,-0.013772,-0.045417,-0.060515,-0.200202,,
75.7713,S3,spent,0.496707,-0.633998,-0.014354,-0.047341,-0.061617,-0.203906,,
75.7813,S3,spent,0.496545,-0.634533,-0.014980,-0.049414,-0.061857,-0.204819,,
75.7913,S3,spent,0.496379,-0.635082,-0.015609,-0.051502,-0.062004,-0.205428,-102.1068,55.8236
75.8013,S3,spent,0.496212,-0.635631,-0.016239,-0.053591,-0.062151,-0.206037,,
75.8113,S3,spent,0.496046,-0.636181,-0.016869,-0.055679,-0.062297,-0.206646,,
75.8213,S3,spent,0.495879,-0.636730,-0.017499,-0.057767,-0.062444,-0.207256,,
75.8313,S3,spent,0.495713,-0.637279,-0.018129,-0.059856,-0.062591,-0.207865,,
75.8413,S3,spent,0.495546,-0.637828,-0.018759,-0.061944,-0.062738,-0.208474,-102.0665,55.8779
75.8513,S3,spent,0.495345,-0.638494,-0.019355,-0.063930,-0.061599,-0.204905,,
75.8613,S3,spent,0.495135,-0.639189,-0.019942,-0.065891,-0.060142,-0.200305,,
75.8713,S3,spent,0.494924,-0.639885,-0.020530,-0.067851,-0.058686,-0.195705,,
75.8813,S3,spent,0.494714,-0.640580,-0.021118,-0.069812,-0.057230,-0.191105,,
75.8913,S3,spent,0.494504,-0.641275,-0.021705,-0.071772,-0.055773,-0.186505,-102.0444,55.9696
75.9013,S3,spent,0.494293,-0.641970,-0.022293,-0.073733,-0.054317,-0.181905,,
75.9113,S3,spent,0.494083,-0.642665,-0.022881,-0.075693,-0.052861,-0.177304,,
75.9213,S3,spent,0.493847,-0.643445,-0.023340,-0.077242,-0.049727,-0.167247,,
75.9313,S3,spent,0.493601,-0.644262,-0.023744,-0.078617,-0.045883,-0.154874,,
75.9413,S3,spent,0.493354,-0.645079,-0.024149,-0.079991,-0.042038,-0.142502,-102.0417,56.0890
75.9513,S3,spent,0.493108,-0.645896,-0.024553,-0.081366,-0.038193,-0.130129,,
75.9613,S3,spent,0.492861,-0.646712,-0.024958,-0.082740,-0.034348,-0.117756,,
75.9713,S3,spent,0.492615,-0.647529,-0.025362,-0.084115,-0.030503,-0.105384,,
75.9813,S3,spent,0.492368,-0.648346,-0.025767,-0.085489,-0.026659,-0.093011,,
75.9913,S3,spent,0.492112,-0.649198,-0.025945,-0.086134,-0.021719,-0.077080,-102.0585,56.2350
76.0013,S3,spent,0.491849,-0.650073,-0.025974,-0.086298,-0.016057,-0.058801,,
76.0113,S3,spent,0.491586,-0.650947,-0.026004,-0.086461,-0.010395,-0.040521,,
76.0213,S3,spent,0.491323,-0.651822,-0.026033,-0.086625,-0.004733,-0.022241,,
76.0313,S3,spent,0.491060,-0.652697,-0.026062,-0.086788,0.000929,-0.003961,,
76.0413,S3,spent,0.490797,-0.653572,-0.026092,-0.086952,0.006591,0.014319,-102.1007,56.4114
76.0513,S3,spent,0.490534,-0.654447,-0.026121,-0.087115,0.012253,0.032599,,
76.0613,S3,spent,0.490274,-0.655313,-0.026059,-0.086987,0.015026,0.041431,,
76.0713,S3,spent,0.490018,-0.656170,-0.025905,-0.086569,0.014937,0.040908,,
76.0813,S3,spent,0.489762,-0.657027,-0.025752,-0.086151,0.014849,0.040384,,
76.0913,S3,spent,0.489507,-0.657884,-0.025598,-0.085733,0.014760,0.039860,-102.0703,56.5250
76.1013,S3,spent,0.489251,-0.658741,-0.025445,-0.085316,0.014671,0.039337,,
76.1113,S3,spent,0.488995,-0.659598,-0.025291,-0.084898,0.014583,0.038813,,
76.1213,S3,spent,0.488739,-0.660454,-0.025138,-0.084480,0.014494,0.038290,,
76.1313,S3,spent,0.488487,-0.661301,-0.025003,-0.084130,0.013934,0.036219,,
76.1413,S3,spent,0.488241,-0.662133,-0.024895,-0.083879,0.012677,0.031851,-102.0033,56.6053
76.1513,S3,spent,0.487995,-0.662964,-0.024788,-0.083628,0.011419,0.027484,,
76.1613,S3,spent,0.487749,-0.663796,-0.024680,-0.083377,0.010161,0.023116,,
76.1713,S3,spent,0.487502,-0.664627,-0.024572,-0.083126,0.008903,0.018749,,
76.1813,S3,spent,0.487256,-0.665459,-0.024464,-0.082875,0.007645,0.014382,,
76.1913,S3,spent,0.487010,-0.666291,-0.024357,-0.082624,0.006387,0.010014,-101.9221,56.6700
76.2013,S3,spent,0.486765,-0.667121,-0.024292,-0.082519,0.004668,0.004132,,
76.2113,S3,spent,0.486522,-0.667950,-0.024325,-0.082749,0.001885,-0.005241,,
76.2213,S3,spent,0.486279,-0.668779,-0.024359,-0.082979,-0.000898,-0.014614,,
76.2313,S3,spent,0.486037,-0.669608,-0.024393,-0.083209,-0.003681,-0.023986,,
76.2413,S3,spent,0.485794,-0.670436,-0.024426,-0.083439,-0.006464,-0.033359,-101.8175,56.7131
76.2513,S3,spent,0.485551,-0.671265,-0.024460,-0.083669,-0.009247,-0.042732,,
76.2613,S3,spent,0.485308,-0.672094,-0.024493,-0.083899,-0.012029,-0.052104,,
76.2713,S3,spent,0.485063,-0.672932,-0.024580,-0.084307,-0.015195,-0.062733,,
76.2813,S3,spent,0.484809,-0.673805,-0.024876,-0.085415,-0.019866,-0.078294,,
76.2913,S3,spent,0.484556,-0.674679,-0.025172,-0.086523,-0.024537,-0.093855,-101.6924,56.7406
76.3013,S3,spent,0.484302,-0.675552,-0.025468,-0.087631,-0.029208,-0.109416,,
76.3113,S3,spent,0.484048,-0.676426,-0.025764,-0.088739,-0.033878,-0.124977,,
76.3213,S3,spent,0.483794,-0.677300,-0.026060,-0.089847,-0.038549,-0.140538,,
76.3313,S3,spent,0.483541,-0.678173,-0.026356,-0.090955,-0.043220,-0.156100,,
76.3413,S3,spent,0.483284,-0.679058,-0.026674,-0.092136,-0.047406,-0.170079,-101.5477,56.7542
76.3513,S3,spent,0.482999,-0.680043,-0.027181,-0.093954,-0.047373,-0.170296,,
76.3613,S3,spent,0.482715,-0.681028,-0.027687,-0.095772,-0.047340,-0.170514,,
76.3713,S3,spent,0.482430,-0.682013,-0.028193,-0.097589,-0.047308,-0.170732,,
76.3813,S3,spent,0.482146,-0.682997,-0.028700,-0.099407,-0.047275,-0.170950,,
76.3913,S3,spent,0.481861,-0.683982,-0.029206,-0.101225,-0.047242,-0.171167,-101.4808,56.8514
76.4013,S3,spent,0.481577,-0.684967,-0.029713,-0.103042,-0.047210,-0.171385,,
76.4113,S3,spent,0.481292,-0.685952,-0.030219,-0.104859,-0.047171,-0.171585,,
76.4213,S3,spent,0.480975,-0.687057,-0.030634,-0.106401,-0.045442,-0.166277,,
76.4313,S3,spent,0.480657,-0.688163,-0.031049,-0.107944,-0.043712,-0.160970,,
76.4413,S3,spent,0.480339,-0.689268,-0.031464,-0.109486,-0.041983,-0.155662,-101.4277,56.9716
76.4513,S3,spent,0.480022,-0.690374,-0.031879,-0.111028,-0.040254,-0.150355,,
76.4613,S3,spent,0.479704,-0.691479,-0.032294,-0.112571,-0.038524,-0.145047,,
76.4713,S3,spent,0.479387,-0.692585,-0.032708,-0.114113,-0.036795,-0.139740,,
76.4813,S3,spent,0.479069,-0.693690,-0.033123,-0.115655,-0.035065,-0.134432,,
76.4913,S3,spent,0.478729,-0.694881,-0.033402,-0.116774,-0.032599,-0.126732,-101.3853,57.1114
76.5013,S3,spent,0.478387,-0.696080,-0.033665,-0.117847,-0.030054,-0.118775,,
76.5113,S3,spent,0.478045,-0.697280,-0.033929,-0.118921,-0.027510,-0.110819,,
76.5213,S3,spent,0.477703,-0.698479,-0.034193,-0.119994,-0.024965,-0.102863,,
76.5313,S3,spent,0.477361,-0.699679,-0.034457,-0.121067,-0.022420,-0.094906,,
76.5413,S3,spent,0.477019,-0.700878,-0.034720,-0.122141,-0.019876,-0.086950,-101.3504,57.2697
76.5513,S3,spent,0.476677,-0.702078,-0.034984,-0.123214,-0.017331,-0.078994,,
76.5613,S3,spent,0.476325,-0.703323,-0.035129,-0.123920,-0.016242,-0.075805,,
76.5713,S3,spent,0.475970,-0.704580,-0.035245,-0.124535,-0.015509,-0.073781,,
76.5813,S3,spent,0.475615,-0.705836,-0.035361,-0.125151,-0.014777,-0.071757,,
76.5913,S3,spent,0.475261,-0.707093,-0.035476,-0.125767,-0.014044,-0.069733,-101.2877,57.4093
76.6013,S3,spent,0.474906,-0.708350,-0.035592,-0.126383,-0.013311,-0.067709,,
76.6113,S3,spent,0.474551,-0.709606,-0.035708,-0.126999,-0.012578,-0.065685,,
76.6213,S3,spent,0.474197,-0.710863,-0.035824,-0.127615,-0.011846,-0.063661,,
76.6313,S3,spent,0.473836,-0.712151,-0.035953,-0.128291,-0.012011,-0.064576,,
76.6413,S3,spent,0.473473,-0.713453,-0.036087,-0.128993,-0.012553,-0.066728,-101.2071,57.5365
76.6513,S3,spent,0.473110,-0.714755,-0.036221,-0.129695,-0.013096,-0.068881,,
76.6613,S3,spent,0.472747,-0.716057,-0.036355,-0.130397,-0.013639,-0.071033,,
76.6713,S3,spent,0.472384,-0.717359,-0.036489,-0.131099,-0.014182,-0.073185,,
76.6813,S3,spent,0.472020,-0.718661,-0.036623,-0.131801,-0.014725,-0.075337,,
76.6913,S3,spent,0.471657,-0.719963,-0.036757,-0.132503,-0.015267,-0.077489,-101.1093,57.6514
76.7013,S3,spent,0.471287,-0.721299,-0.036919,-0.133315,-0.015887,-0.079893,,
76.7113,S3,spent,0.470913,-0.722657,-0.037101,-0.134199,-0.016556,-0.082463,,
76.7213,S3,spent,0.470539,-0.724015,-0.037282,-0.135083,-0.017226,-0.085033,,
76.7313,S3,spent,0.470165,-0.725373,-0.037464,-0.135967,-0.017895,-0.087602,,
76.7413,S3,spent,0.469791,-0.726731,-0.037645,-0.136851,-0.018564,-0.090172,-101.0073,57.7682
76.7513,S3,spent,0.469416,-0.728089,-0.037827,-0.137735,-0.019234,-0.092741,,
76.7613,S3,spent,0.469042,-0.729447,-0.038008,-0.138619,-0.019903,-0.095311,,
76.7713,S3,spent,0.468661,-0.730838,-0.038190,-0.139517,-0.019934,-0.095793,,
76.7813,S3,spent,0.468274,-0.732262,-0.038371,-0.140429,-0.019335,-0.094222,,
76.7913,S3,spent,0.467886,-0.733685,-0.038553,-0.141341,-0.018737,-0.092651,-100.9146,57.8980
76.8013,S3,spent,0.467498,-0.735109,-0.038735,-0.142253,-0.018139,-0.091080,,
76.8113,S3,spent,0.467110,-0.736532,-0.038916,-0.143165,-0.017540,-0.089508,,
76.8213,S3,spent,0.466723,-0.737956,-0.039098,-0.144077,-0.016942,-0.087937,,
76.8313,S3,spent,0.466335,-0.739380,-0.039280,-0.144989,-0.016344,-0.086366,,
76.8413,S3,spent,0.465943,-0.740828,-0.039443,-0.145851,-0.015705,-0.084659,-100.8316,58.0415
76.8513,S3,spent,0.465544,-0.742312,-0.039579,-0.146640,-0.015005,-0.082752,,
76.8613,S3,spent,0.465145,-0.743796,-0.039714,-0.147428,-0.014306,-0.080844,,
76.8713,S3,spent,0.464746,-0.745280,-0.039850,-0.148217,-0.013606,-0.078937,,
76.8813,S3,spent,0.464347,-0.746764,-0.039985,-0.149006,-0.012907,-0.077030,,
76.8913,S3,spent,0.463948,-0.748248,-0.040121,-0.149794,-0.012207,-0.075122,-100.7483,58.1911
76.9013,S3,spent,0.463549,-0.749732,-0.040257,-0.150583,-0.011508,-0.073215,,
76.9113,S3,spent,0.463147,-0.751232,-0.040380,-0.151340,-0.010926,-0.071692,,
76.9213,S3,spent,0.462740,-0.752768,-0.040477,-0.152028,-0.010615,-0.071049,,
76.9313,S3,spent,0.462333,-0.754304,-0.040574,-0.152716,-0.010304,-0.070405,,
76.9413,S3,spent,0.461926,-0.755840,-0.040670,-0.153403,-0.009992,-0.069761,-100.6586,58.3381
76.9513,S3,spent,0.461519,-0.757376,-0.040767,-0.154091,-0.009681,-0.069118,,
76.9613,S3,spent,0.461112,-0.758912,-0.040863,-0.154778,-0.009369,-0.068474,,
76.9713,S3,spent,0.460705,-0.760448,-0.040960,-0.155466,-0.009058,-0.067831,,
76.9813,S3,spent,0.460297,-0.761994,-0.041053,-0.156148,-0.008767,-0.067252,,
76.9913,S3,spent,0.459884,-0.763577,-0.041134,-0.156809,-0.008558,-0.066927,-100.5645,58.4837
77.0013,S3,spent,0.459470,-0.765161,-0.041214,-0.157471,-0.008348,-0.066601,,
77.0113,S3,spent,0.459057,-0.766745,-0.041295,-0.158132,-0.008138,-0.066276,,
77.0213,S3,spent,0.458644,-0.768328,-0.041375,-0.158794,-0.007928,-0.065951,,
77.0313,S3,spent,0.458230,-0.769912,-0.041456,-0.159455,-0.007718,-0.065625,,
77.0413,S3,spent,0.457817,-0.771496,-0.041536,-0.160116,-0.007508,-0.065300,-100.4678,58.6300
77.0513,S3,spent,0.457403,-0.773085,-0.041615,-0.160774,-0.007284,-0.064924,,
77.0613,S3,spent,0.456985,-0.774714,-0.041677,-0.161399,-0.006933,-0.064117,,
77.0713,S3,spent,0.456566,-0.776344,-0.041738,-0.162024,-0.006583,-0.063309,,
77.0813,S3,spent,0.456148,-0.777973,-0.041800,-0.162649,-0.006232,-0.062502,,
77.0913,S3,spent,0.455729,-0.779603,-0.041862,-0.163274,-0.005882,-0.061695,-100.3727,58.7806
77.1013,S3,spent,0.455311,-0.781233,-0.041924,-0.163899,-0.005532,-0.060888,,
77.1113,S3,spent,0.454893,-0.782862,-0.041986,-0.164524,-0.005181,-0.060080,,
77.1213,S3,spent,0.454474,-0.784492,-0.042047,-0.165148,-0.004831,-0.059272,,
77.1313,S3,spent,0.454052,-0.786164,-0.042082,-0.165707,-0.004437,-0.058298,,
77.1413,S3,spent,0.453630,-0.787836,-0.042116,-0.166265,-0.004044,-0.057324,-100.2773,58.9327
77.1513,S3,spent,0.453208,-0.789507,-0.042151,-0.166824,-0.003651,-0.056350,,
77.1613,S3,spent,0.452787,-0.791179,-0.042185,-0.167382,-0.003258,-0.055376,,
77.1713,S3,spent,0.452365,-0.792851,-0.042219,-0.167941,-0.002865,-0.054402,,
77.1813,S3,spent,0.451943,-0.794522,-0.042254,-0.168499,-0.002472,-0.053428,,
77.1913,S3,spent,0.451521,-0.796194,-0.042288,-0.169058,-0.002079,-0.052454,-100.1816,59.0860
77.2013,S3,spent,0.451098,-0.797899,-0.042299,-0.169558,-0.001731,-0.051613,,
77.2113,S3,spent,0.450675,-0.799608,-0.042307,-0.170052,-0.001388,-0.050787,,
77.2213,S3,spent,0.450251,-0.801317,-0.042315,-0.170546,-0.001045,-0.049961,,
77.2313,S3,spent,0.449828,-0.803026,-0.042323,-0.171040,-0.000703,-0.049134,,
77.2413,S3,spent,0.449404,-0.804735,-0.042331,-0.171535,-0.000360,-0.048308,-100.0853,59.2401
77.2513,S3,spent,0.448981,-0.806444,-0.042340,-0.172029,-0.000017,-0.047481,,
77.2613,S3,spent,0.448558,-0.808153,-0.042348,-0.172523,0.000326,-0.046655,,
77.2713,S3,spent,0.448135,-0.809889,-0.042337,-0.172969,0.000666,-0.045806,,
77.2813,S3,spent,0.447712,-0.811631,-0.042321,-0.173405,0.001006,-0.044951,,
77.2913,S3,spent,0.447289,-0.813373,-0.042305,-0.173840,0.001346,-0.044096,-99.9887,59.3942
77.3013,S3,spent,0.446865,-0.815115,-0.042289,-0.174275,0.001686,-0.043241,,
77.3113,S3,spent,0.446442,-0.816857,-0.042273,-0.174710,0.002026,-0.042386,,
77.3213,S3,spent,0.446019,-0.818599,-0.042257,-0.175145,0.002365,-0.041531,,
77.3313,S3,spent,0.445596,-0.820341,-0.042241,-0.175580,0.002705,-0.040676,,
77.3413,S3,spent,0.445175,-0.822103,-0.042208,-0.175970,0.003050,-0.039769,-99.8916,59.5480
77.3513,S3,spent,0.444753,-0.823874,-0.042167,-0.176342,0.003397,-0.038841,,
77.3613,S3,spent,0.444332,-0.825644,-0.042127,-0.176713,0.003744,-0.037912,,
77.3713,S3,spent,0.443911,-0.827415,-0.042087,-0.177085,0.004090,-0.036984,,
77.3813,S3,spent,0.443490,-0.829186,-0.042046,-0.177456,0.004437,-0.036055,,
77.3913,S3,spent,0.443069,-0.830956,-0.042006,-0.177827,0.004784,-0.035127,-99.7959,59.7026
77.4013,S3,spent,0.442648,-0.832727,-0.041965,-0.178199,0.005131,-0.034198,,
77.4113,S3,spent,0.442229,-0.834512,-0.041910,-0.178530,0.005472,-0.033266,,
77.4213,S3,spent,0.441812,-0.836307,-0.041846,-0.178835,0.005810,-0.032332,,
77.4313,S3,spent,0.441395,-0.838102,-0.041781,-0.179140,0.006148,-0.031397,,
77.4413,S3,spent,0.440977,-0.839896,-0.041716,-0.179445,0.006486,-0.030463,-99.7009,59.8567
77.4513,S3,spent,0.440560,-0.841691,-0.041651,-0.179750,0.006824,-0.029528,,
77.4613,S3,spent,0.440143,-0.843486,-0.041587,-0.180055,0.007161,-0.028594,,
77.4713,S3,spent,0.439725,-0.845280,-0.041522,-0.180360,0.007499,-0.027659,,
77.4813,S3,spent,0.439311,-0.847085,-0.041445,-0.180632,0.007831,-0.026722,,
77.4913,S3,spent,0.438899,-0.848899,-0.041357,-0.180871,0.008156,-0.025782,-99.6058,60.0095
77.5013,S3,spent,0.438487,-0.850713,-0.041269,-0.181109,0.008482,-0.024843,,
77.5113,S3,spent,0.438075,-0.852527,-0.041180,-0.181348,0.008808,-0.023903,,
77.5213,S3,spent,0.437663,-0.854341,-0.041092,-0.181587,0.009133,-0.022963,,
77.5313,S3,spent,0.437251,-0.856155,-0.041004,-0.181825,0.009459,-0.022024,,
77.5413,S3,spent,0.436839,-0.857969,-0.040915,-0.182064,0.009784,-0.021084,-99.5114,60.1613
77.5513,S3,spent,0.436430,-0.859789,-0.040818,-0.182275,0.010102,-0.020135,,
77.5613,S3,spent,0.436025,-0.861617,-0.040707,-0.182447,0.010410,-0.019173,,
77.5713,S3,spent,0.435621,-0.863446,-0.040596,-0.182618,0.010717,-0.018211,,
77.5813,S3,spent,0.435216,-0.865274,-0.040486,-0.182789,0.011024,-0.017250,,
77.5913,S3,spent,0.434811,-0.867103,-0.040375,-0.182960,0.011332,-0.016288,-99.4197,60.3124
77.6013,S3,spent,0.434406,-0.868931,-0.040264,-0.183131,0.011639,-0.015326,,
77.6113,S3,spent,0.434001,-0.870760,-0.040153,-0.183302,0.011946,-0.014364,,
77.6213,S3,spent,0.433599,-0.872591,-0.040036,-0.183453,0.012251,-0.013400,,
77.6313,S3,spent,0.433203,-0.874430,-0.039904,-0.183555,0.012551,-0.012432,,
77.6413,S3,spent,0.432807,-0.876268,-0.039772,-0.183658,0.012851,-0.011464,-99.3284,60.4615
77.6513,S3,spent,0.432411,-0.878106,-0.039639,-0.183760,0.013150,-0.010497,,
77.6613,S3,spent,0.432014,-0.879944,-0.039507,-0.183863,0.013450,-0.009529,,
77.6713,S3,spent,0.431618,-0.881783,-0.039375,-0.183966,0.013750,-0.008561,,
77.6813,S3,spent,0.431222,-0.883621,-0.039243,-0.184068,0.014049,-0.007593,,
77.6913,S3,spent,0.430828,-0.885460,-0.039106,-0.184157,0.014346,-0.006625,-99.2376,60.6085
77.7013,S3,spent,0.430442,-0.887303,-0.038953,-0.184191,0.014628,-0.005657,,
77.7113,S3,spent,0.430056,-0.889146,-0.038800,-0.184224,0.014910,-0.004689,,
77.7213,S3,spent,0.429670,-0.890989,-0.038647,-0.184258,0.015192,-0.003721,,
77.7313,S3,spent,0.429284,-0.892833,-0.038493,-0.184292,0.015474,-0.002753,,
77.7413,S3,spent,0.428898,-0.894676,-0.038340,-0.184326,0.015756,-0.001785,-99.1502,60.7538
77.7513,S3,spent,0.428511,-0.896519,-0.038187,-0.184360,0.016039,-0.000817,,
77.7613,S3,spent,0.428127,-0.898362,-0.038032,-0.184386,0.016313,0.000149,,
77.7713,S3,spent,0.427752,-0.900205,-0.037862,-0.184352,0.016518,0.001102,,
77.7813,S3,spent,0.427378,-0.902048,-0.037691,-0.184318,0.016723,0.002055,,
77.7913,S3,spent,0.427003,-0.903891,-0.037521,-0.184283,0.016929,0.003008,-99.0652,60.8967
77.8013,S3,spent,0.426628,-0.905734,-0.037351,-0.184249,0.017134,0.003960,,
77.8113,S3,spent,0.426254,-0.907577,-0.037180,-0.184215,0.017339,0.004913,,
77.8213,S3,spent,0.425879,-0.909420,-0.037010,-0.184180,0.017545,0.005866,,
77.8313,S3,spent,0.425505,-0.911263,-0.036840,-0.184146,0.017751,0.006819,,
77.8413,S3,spent,0.425143,-0.913102,-0.036651,-0.184043,0.018095,0.007808,-98.9809,61.0368
77.8513,S3,spent,0.424781,-0.914940,-0.036463,-0.183940,0.018439,0.008797,,
77.8613,S3,spent,0.424419,-0.916778,-0.036275,-0.183837,0.018783,0.009786,,
77.8713,S3,spent,0.424057,-0.918616,-0.036087,-0.183734,0.019128,0.010775,,
77.8813,S3,spent,0.423695,-0.920455,-0.035899,-0.183632,0.019472,0.011765,,
77.8913,S3,spent,0.423334,-0.922293,-0.035711,-0.183529,0.019816,0.012754,-98.8953,61.1732
77.9013,S3,spent,0.422972,-0.924131,-0.035523,-0.183426,0.020160,0.013743,,
77.9113,S3,spent,0.422623,-0.925960,-0.035313,-0.183259,0.020297,0.014677,,
77.9213,S3,spent,0.422275,-0.927789,-0.035100,-0.183086,0.020413,0.015605,,
77.9313,S3,spent,0.421928,-0.929617,-0.034887,-0.182913,0.020529,0.016534,,
77.9413,S3,spent,0.421580,-0.931446,-0.034674,-0.182740,0.020644,0.017462,-98.8178,61.3077
77.9513,S3,spent,0.421233,-0.933274,-0.034461,-0.182567,0.020760,0.018391,,
77.9613,S3,spent,0.420885,-0.935102,-0.034248,-0.182394,0.020876,0.019319,,
77.9713,S3,spent,0.420537,-0.936931,-0.034035,-0.182221,0.020992,0.020248,,
77.9813,S3,spent,0.420202,-0.938748,-0.033839,-0.182001,0.020589,0.021040,,
77.9913,S3,spent,0.419869,-0.940562,-0.033648,-0.181770,0.020063,0.021800,-98.7502,61.4408
78.0013,S3,spent,0.419536,-0.942376,-0.033456,-0.181538,0.019536,0.022559,,
78.0113,S3,spent,0.419203,-0.944190,-0.033265,-0.181307,0.019009,0.023319,,
78.0213,S3,spent,0.418870,-0.946004,-0.033074,-0.181076,0.018483,0.024078,,
78.0313,S3,spent,0.418537,-0.947818,-0.032882,-0.180844,0.017956,0.024838,,
78.0413,S3,spent,0.418204,-0.949632,-0.032691,-0.180613,0.017429,0.025597,-98.6966,61.5733
78.0513,S3,spent,0.417881,-0.951432,-0.032452,-0.180326,0.019096,0.026894,,
78.0613,S3,spent,0.417563,-0.953227,-0.032194,-0.180015,0.021672,0.028414,,
78.0713,S3,spent,0.417245,-0.955022,-0.031936,-0.179704,0.024248,0.029933,,
78.0813,S3,spent,0.416926,-0.956817,-0.031678,-0.179394,0.026824,0.031453,,
78.0913,S3,spent,0.416608,-0.958612,-0.031420,-0.179083,0.029400,0.032973,-98.5547,61.6807
78.1013,S3,spent,0.416290,-0.960408,-0.031162,-0.178772,0.031976,0.034492,,
78.1113,S3,spent,0.415971,-0.962203,-0.030904,-0.178461,0.034552,0.036012,,
78.1213,S3,spent,0.415668,-0.963982,-0.030579,-0.178097,0.034771,0.036935,,
78.1313,S3,spent,0.415373,-0.965752,-0.030211,-0.177697,0.033465,0.037473,,
78.1413,S3,spent,0.415079,-0.967521,-0.029844,-0.177297,0.032159,0.038010,-98.4741,61.7977
78.1513,S3,spent,0.414785,-0.969290,-0.029476,-0.176897,0.030853,0.038548,,
78.1613,S3,spent,0.414490,-0.971060,-0.029108,-0.176497,0.029547,0.039085,,
78.1713,S3,spent,0.414196,-0.972829,-0.028740,-0.176097,0.028242,0.039623,,
78.1813,S3,spent,0.413902,-0.974599,-0.028372,-0.175698,0.026936,0.040160,,
78.1913,S3,spent,0.413617,-0.976353,-0.028122,-0.175296,0.025133,0.040564,-98.4573,61.9248
78.2013,S3,spent,0.413341,-0.978094,-0.027985,-0.174893,0.022846,0.040839,,
78.2113,S3,spent,0.413065,-0.979835,-0.027848,-0.174490,0.020560,0.041114,,
78.2213,S3,spent,0.412789,-0.981576,-0.027712,-0.174088,0.018274,0.041389,,
78.2313,S3,spent,0.412514,-0.983316,-0.027575,-0.173685,0.015988,0.041663,,
78.2413,S3,spent,0.412238,-0.985057,-0.027438,-0.173282,0.013702,0.041938,-98.4713,62.0533
78.2513,S3,spent,0.411962,-0.986798,-0.027302,-0.172879,0.011416,0.042213,,
78.2613,S3,spent,0.411690,-0.988526,-0.027142,-0.172446,0.011100,0.042970,,
78.2713,S3,spent,0.411423,-0.990236,-0.026949,-0.171970,0.013648,0.044428,,
78.2813,S3,spent,0.411157,-0.991946,-0.026756,-0.171494,0.016196,0.045885,,
78.2913,S3,spent,0.410891,-0.993657,-0.026564,-0.171018,0.018744,0.047343,-98.3822,62.1541
78.3013,S3,spent,0.410624,-0.995367,-0.026371,-0.170542,0.021292,0.048801,,
78.3113,S3,spent,0.410358,-0.997077,-0.026178,-0.170066,0.023840,0.050259,,
78.3213,S3,spent,0.410091,-0.998787,-0.025985,-0.169590,0.026388,0.051716,,
78.3313,S3,spent,0.409830,-1.000486,-0.025765,-0.169089,0.028061,0.052947,,
78.3413,S3,spent,0.409582,-1.002159,-0.025484,-0.168534,0.027763,0.053666,-98.2689,62.2453
78.3513,S3,spent,0.409334,-1.003832,-0.025204,-0.167978,0.027465,0.054385,,
78.3613,S3,spent,0.409085,-1.005505,-0.024923,-0.167423,0.027168,0.055103,,
78.3713,S3,spent,0.408837,-1.007178,-0.024642,-0.166867,0.026870,0.055822,,
78.3813,S3,spent,0.408589,-1.008851,-0.024361,-0.166312,0.026572,0.056541,,
78.3913,S3,spent,0.408340,-1.010525,-0.024080,-0.165757,0.026275,0.057260,-98.2234,62.3467
78.4013,S3,spent,0.408096,-1.012189,-0.023806,-0.165191,0.025997,0.057978,,
78.4113,S3,spent,0.407866,-1.013821,-0.023559,-0.164589,0.025796,0.058690,,
78.4213,S3,spent,0.407636,-1.015453,-0.023313,-0.163987,0.025596,0.059402,,
78.4313,S3,spent,0.407407,-1.017085,-0.023066,-0.163385,0.025395,0.060115,,
78.4413,S3,spent,0.407177,-1.018718,-0.022819,-0.162783,0.025194,0.060827,-98.1787,62.4427
78.4513,S3,spent,0.406947,-1.020350,-0.022572,-0.162181,0.024994,0.061539,,
78.4613,S3,spent,0.406718,-1.021982,-0.022325,-0.161579,0.024793,0.062251,,
78.4713,S3,spent,0.406490,-1.023609,-0.022078,-0.160971,0.024623,0.062968,,
78.4813,S3,spent,0.406277,-1.025196,-0.021828,-0.160315,0.024703,0.063714,,
78.4913,S3,spent,0.406065,-1.026784,-0.021578,-0.159659,0.024783,0.064461,-98.1313,62.5335
78.5013,S3,spent,0.405853,-1.028371,-0.021328,-0.159003,0.024864,0.065208,,
78.5113,S3,spent,0.405641,-1.029959,-0.021078,-0.158347,0.024944,0.065955,,
78.5213,S3,spent,0.405429,-1.031546,-0.020828,-0.157691,0.025024,0.066702,,
78.5313,S3,spent,0.405216,-1.033134,-0.020578,-0.157035,0.025105,0.067449,,
78.5413,S3,spent,0.405004,-1.034721,-0.020328,-0.156379,0.025184,0.068195,-98.0801,62.6188
78.5513,S3,spent,0.404810,-1.036260,-0.020080,-0.155673,0.025074,0.068850,,
78.5613,S3,spent,0.404615,-1.037799,-0.019832,-0.154968,0.024965,0.069506,,
78.5713,S3,spent,0.404421,-1.039338,-0.019584,-0.154263,0.024855,0.070162,,
78.5813,S3,spent,0.404227,-1.040877,-0.019335,-0.153557,0.024746,0.070818,,
78.5913,S3,spent,0.404032,-1.042416,-0.019087,-0.152852,0.024636,0.071473,-98.0390,62.7002
78.6013,S3,spent,0.403838,-1.043955,-0.018839,-0.152146,0.024527,0.072129,,
78.6113,S3,spent,0.403643,-1.045494,-0.018591,-0.151441,0.024418,0.072785,,
78.6213,S3,spent,0.403465,-1.046986,-0.018350,-0.150694,0.024317,0.073418,,
78.6313,S3,spent,0.403287,-1.048474,-0.018110,-0.149943,0.024216,0.074049,,
78.6413,S3,spent,0.403110,-1.049961,-0.017869,-0.149192,0.024116,0.074679,-97.9991,62.7773
78.6513,S3,spent,0.402933,-1.051449,-0.017629,-0.148441,0.024016,0.075310,,
78.6613,S3,spent,0.402756,-1.052936,-0.017389,-0.147690,0.023916,0.075941,,
78.6713,S3,spent,0.402579,-1.054423,-0.017148,-0.146939,0.023815,0.076572,,
78.6813,S3,spent,0.402402,-1.055911,-0.016908,-0.146189,0.023715,0.077203,,
78.6913,S3,spent,0.402238,-1.057354,-0.016674,-0.145403,0.023601,0.077781,-97.9606,62.8503
78.7013,S3,spent,0.402078,-1.058786,-0.016441,-0.144609,0.023484,0.078347,,
78.7113,S3,spent,0.401918,-1.060219,-0.016208,-0.143814,0.023367,0.078912,,
78.7213,S3,spent,0.401757,-1.061651,-0.015974,-0.143020,0.023250,0.079478,,
78.7313,S3,spent,0.401597,-1.063084,-0.015741,-0.142226,0.023133,0.080044,,
78.7413,S3,spent,0.401437,-1.064516,-0.015508,-0.141432,0.023017,0.080610,-97.9253,62.9185
78.7513,S3,spent,0.401277,-1.065949,-0.015275,-0.140638,0.022900,0.081175,,
78.7613,S3,spent,0.401128,-1.067340,-0.015049,-0.139818,0.022761,0.081669,,
78.7713,S3,spent,0.400984,-1.068715,-0.014826,-0.138988,0.022613,0.082133,,
78.7813,S3,spent,0.400840,-1.070090,-0.014602,-0.138158,0.022466,0.082597,,
78.7913,S3,spent,0.400696,-1.071465,-0.014378,-0.137328,0.022318,0.083061,-97.8923,62.9820
78.8013,S3,spent,0.400551,-1.072839,-0.014155,-0.136498,0.022171,0.083525,,
78.8113,S3,spent,0.400407,-1.074214,-0.013931,-0.135668,0.022023,0.083989,,
78.8213,S3,spent,0.400263,-1.075589,-0.013708,-0.134837,0.021876,0.084453,,
78.8313,S3,spent,0.400129,-1.076927,-0.013491,-0.133986,0.021720,0.084980,,
78.8413,S3,spent,0.400000,-1.078242,-0.013279,-0.133120,0.021558,0.085549,-97.8615,63.0420
78.8513,S3,spent,0.399871,-1.079556,-0.013066,-0.132255,0.021396,0.086119,,
78.8613,S3,spent,0.399743,-1.080871,-0.012854,-0.131389,0.021235,0.086688,,
78.8713,S3,spent,0.399614,-1.082186,-0.012641,-0.130524,0.021073,0.087257,,
78.8813,S3,spent,0.399486,-1.083500,-0.012429,-0.129658,0.020912,0.087826,,
78.8913,S3,spent,0.399357,-1.084815,-0.012216,-0.128793,0.020750,0.088395,-97.8347,63.0992
78.9013,S3,spent,0.399236,-1.086098,-0.012010,-0.127907,0.020580,0.088900,,
78.9113,S3,spent,0.399122,-1.087349,-0.011809,-0.127001,0.020402,0.089345,,
78.9213,S3,spent,0.399008,-1.088601,-0.011609,-0.126095,0.020224,0.089790,,
78.9313,S3,spent,0.398894,-1.089853,-0.011408,-0.125190,0.020046,0.090234,,
78.9413,S3,spent,0.398780,-1.091105,-0.011208,-0.124284,0.019868,0.090679,-97.8101,63.1512
78.9513,S3,spent,0.398666,-1.092356,-0.011007,-0.123378,0.019690,0.091124,,
78.9613,S3,spent,0.398552,-1.093608,-0.010806,-0.122472,0.019512,0.091569,,
78.9713,S3,spent,0.398444,-1.094833,-0.010611,-0.121564,0.019325,0.091773,,
78.9813,S3,spent,0.398344,-1.096020,-0.010424,-0.120651,0.019125,0.091631,,
78.9913,S3,spent,0.398244,-1.097207,-0.010237,-0.119738,0.018925,0.091490,-97.7826,63.1968
79.0013,S3,spent,0.398144,-1.098394,-0.010050,-0.118826,0.018725,0.091348,,
79.0113,S3,spent,0.398043,-1.099581,-0.009863,-0.117913,0.018525,0.091206,,
79.0213,S3,spent,0.397943,-1.100768,-0.009676,-0.117000,0.018325,0.091064,,
79.0313,S3,spent,0.397843,-1.101955,-0.009489,-0.116087,0.018125,0.090922,,
79.0413,S3,spent,0.397747,-1.103122,-0.009307,-0.115174,0.017927,0.091038,-97.7530,63.2365
79.0513,S3,spent,0.397660,-1.104244,-0.009134,-0.114257,0.017734,0.091728,,
79.0613,S3,spent,0.397572,-1.105366,-0.008961,-0.113340,0.017542,0.092418,,
79.0713,S3,spent,0.397485,-1.106489,-0.008788,-0.112423,0.017349,0.093108,,
79.0813,S3,spent,0.397397,-1.107611,-0.008616,-0.111507,0.017156,0.093798,,
79.0913,S3,spent,0.397310,-1.108733,-0.008443,-0.110590,0.016964,0.094488,-97.7397,63.2813
79.1013,S3,spent,0.397223,-1.109855,-0.008270,-0.109673,0.016771,0.095178,,
79.1113,S3,spent,0.397138,-1.110963,-0.008100,-0.108737,0.016580,0.096020,,
79.1213,S3,spent,0.397062,-1.112018,-0.007940,-0.107726,0.016397,0.097438,,
79.1313,S3,spent,0.396987,-1.113072,-0.007781,-0.106715,0.016213,0.098855,,
79.1413,S3,spent,0.396911,-1.114126,-0.007621,-0.105704,0.016030,0.100273,-97.7357,63.3283
79.1513,S3,spent,0.396835,-1.115180,-0.007461,-0.104693,0.015847,0.101690,,
79.1613,S3,spent,0.396760,-1.116234,-0.007301,-0.103683,0.015663,0.103108,,
79.1713,S3,spent,0.396684,-1.117289,-0.007142,-0.102672,0.015480,0.104525,,
79.1813,S3,spent,0.396610,-1.118335,-0.006983,-0.101657,0.015291,0.105612,,
79.1913,S3,spent,0.396545,-1.119315,-0.006838,-0.100612,0.015053,0.104013,-97.7266,63.3682
79.2013,S3,spent,0.396480,-1.120294,-0.006692,-0.099567,0.014815,0.102414,,
79.2113,S3,spent,0.396416,-1.121274,-0.006547,-0.098523,0.014578,0.100816,,
79.2213,S3,spent,0.396351,-1.122254,-0.006401,-0.097478,0.014340,0.099217,,
79.2313,S3,spent,0.396286,-1.123234,-0.006256,-0.096433,0.014103,0.097618,,
79.2413,S3,spent,0.396221,-1.124214,-0.006110,-0.095388,0.013865,0.096019,-97.6823,63.3789
79.2513,S3,spent,0.396157,-1.125193,-0.005965,-0.094345,0.013627,0.094408,,
79.2613,S3,spent,0.396102,-1.126106,-0.005838,-0.093512,0.013370,0.091518,,
79.2713,S3,spent,0.396047,-1.127019,-0.005711,-0.092679,0.013112,0.088628,,
79.2813,S3,spent,0.395992,-1.127932,-0.005584,-0.091845,0.012855,0.085738,,
79.2913,S3,spent,0.395937,-1.128844,-0.005457,-0.091012,0.012598,0.082848,-97.6239,63.3752
79.3013,S3,spent,0.395882,-1.129757,-0.005330,-0.090178,0.012340,0.079958,,
79.3113,S3,spent,0.395826,-1.130670,-0.005203,-0.089345,0.012083,0.077068,,
79.3213,S3,spent,0.395771,-1.131583,-0.005076,-0.088511,0.011825,0.074178,,
79.3313,S3,spent,0.395724,-1.132446,-0.004964,-0.087764,0.011668,0.076525,,
79.3413,S3,spent,0.395677,-1.133306,-0.004853,-0.087025,0.011520,0.079390,-97.5978,63.3911
79.3513,S3,spent,0.395631,-1.134165,-0.004742,-0.086285,0.011372,0.082255,,
79.3613,S3,spent,0.395584,-1.135024,-0.004631,-0.085546,0.011224,0.085121,,
79.3713,S3,spent,0.395537,-1.135883,-0.004520,-0.084807,0.011076,0.087986,,
79.3813,S3,spent,0.395491,-1.136742,-0.004409,-0.084068,0.010928,0.090851,,
79.3913,S3,spent,0.395444,-1.137601,-0.004298,-0.083329,0.010781,0.093716,-97.6298,63.4451
79.4013,S3,spent,0.395404,-1.138406,-0.004192,-0.082200,0.010702,0.100022,,
79.4113,S3,spent,0.395365,-1.139197,-0.004086,-0.080980,0.010640,0.107135,,
79.4213,S3,spent,0.395326,-1.139989,-0.003980,-0.079760,0.010578,0.114247,,
79.4313,S3,spent,0.395287,-1.140780,-0.003875,-0.078540,0.010515,0.121359,,
79.4413,S3,spent,0.395248,-1.141572,-0.003769,-0.077320,0.010453,0.128472,-97.7288,63.5430
79.4513,S3,spent,0.395209,-1.142363,-0.003663,-0.076100,0.010391,0.135584,,
79.4613,S3,spent,0.395170,-1.143155,-0.003558,-0.074880,0.010329,0.142696,,
79.4713,S3,spent,0.395136,-1.143875,-0.003457,-0.073400,0.010227,0.147143,,
79.4813,S3,spent,0.395104,-1.144565,-0.003357,-0.071813,0.010110,0.150501,,
79.4913,S3,spent,0.395073,-1.145255,-0.003258,-0.070227,0.009993,0.153860,-97.7986,63.6180
79.5013,S3,spent,0.395041,-1.145946,-0.003159,-0.068641,0.009875,0.157219,,
79.5113,S3,spent,0.395009,-1.146636,-0.003060,-0.067054,0.009758,0.160578,,
79.5213,S3,spent,0.394977,-1.147326,-0.002960,-0.065468,0.009641,0.163937,,
79.5313,S3,spent,0.394946,-1.148017,-0.002861,-0.063882,0.009523,0.167296,,
79.5413,S3,spent,0.394918,-1.148641,-0.002774,-0.062528,0.009214,0.159432,-97.8063,63.6462
79.5513,S3,spent,0.394893,-1.149224,-0.002693,-0.061323,0.008782,0.144409,,
79.5613,S3,spent,0.394868,-1.149806,-0.002613,-0.060117,0.008350,0.129385,,
79.5713,S3,spent,0.394843,-1.150389,-0.002533,-0.058912,0.007917,0.114361,,
79.5813,S3,spent,0.394817,-1.150972,-0.002452,-0.057707,0.007485,0.099337,,
79.5913,S3,spent,0.394792,-1.151554,-0.002372,-0.056501,0.007053,0.084314,-97.5595,63.4878
79.6013,S3,spent,0.394767,-1.152137,-0.002292,-0.055296,0.006621,0.069290,,
79.6113,S3,spent,0.394744,-1.152695,-0.002226,-0.054586,0.006248,0.057096,,
79.6213,S3,spent,0.394724,-1.153230,-0.002174,-0.054351,0.005931,0.047614,,
79.6313,S3,spent,0.394703,-1.153765,-0.002122,-0.054115,0.005614,0.038132,,
79.6413,S3,spent,0.394683,-1.154299,-0.002070,-0.053880,0.005297,0.028650,-97.3759,63.3719
79.6513,S3,spent,0.394662,-1.154834,-0.002018,-0.053644,0.004980,0.019168,,
79.6613,S3,spent,0.394641,-1.155369,-0.001967,-0.053409,0.004663,0.009686,,
79.6713,S3,spent,0.394621,-1.155903,-0.001915,-0.053173,0.004346,0.000204,,
79.6813,S3,spent,0.394602,-1.156439,-0.001870,-0.053111,0.004086,-0.006527,,
79.6913,S3,spent,0.394584,-1.156974,-0.001835,-0.053296,0.003906,-0.009312,-97.2493,63.2952
79.7013,S3,spent,0.394566,-1.157510,-0.001801,-0.053480,0.003726,-0.012098,,
79.7113,S3,spent,0.394549,-1.158046,-0.001766,-0.053665,0.003546,-0.014883,,
79.7213,S3,spent,0.394531,-1.158582,-0.001732,-0.053850,0.003366,-0.017668,,
79.7313,S3,spent,0.394514,-1.159117,-0.001697,-0.054035,0.003187,-0.020453,,
79.7413,S3,spent,0.394496,-1.159653,-0.001663,-0.054220,0.003007,-0.023239,-97.1995,63.2728
79.7513,S3,spent,0.394479,-1.160193,-0.001630,-0.054367,0.002909,-0.021751,,
79.7613,S3,spent,0.394464,-1.160744,-0.001602,-0.054432,0.002993,-0.010797,,
79.7713,S3,spent,0.394449,-1.161294,-0.001574,-0.054496,0.003077,0.000157,,
79.7813,S3,spent,0.394433,-1.161844,-0.001546,-0.054561,0.003161,0.011111,,
79.7913,S3,spent,0.394418,-1.162394,-0.001518,-0.054625,0.003244,0.022065,-97.3376,63.3861
79.8013,S3,spent,0.394402,-1.162945,-0.001490,-0.054690,0.003328,0.033020,,
79.8113,S3,spent,0.394387,-1.163495,-0.001462,-0.054754,0.003412,0.043974,,
79.8213,S3,spent,0.394372,-1.164038,-0.001431,-0.054575,0.003510,0.055491,,
79.8313,S3,spent,0.394359,-1.164553,-0.001389,-0.053486,0.003659,0.069114,,
79.8413,S3,spent,0.394346,-1.165068,-0.001348,-0.052397,0.003809,0.082737,-97.5240,63.5345
79.8513,S3,spent,0.394333,-1.165583,-0.001307,-0.051309,0.003958,0.096360,,
79.8613,S3,spent,0.394320,-1.166098,-0.001265,-0.050220,0.004108,0.109983,,
79.8713,S3,spent,0.394307,-1.166613,-0.001224,-0.049131,0.004257,0.123607,,
79.8813,S3,spent,0.394294,-1.167128,-0.001182,-0.048042,0.004407,0.137230,,
79.8913,S3,spent,0.394281,-1.167632,-0.001140,-0.046891,0.004537,0.149677,-97.7299,63.6971
79.9013,S3,spent,0.394272,-1.168045,-0.001095,-0.045242,0.004515,0.152736,,
79.9113,S3,spent,0.394262,-1.168459,-0.001050,-0.043593,0.004492,0.155795,,
79.9213,S3,spent,0.394252,-1.168872,-0.001004,-0.041944,0.004470,0.158854,,
79.9313,S3,spent,0.394242,-1.169286,-0.000959,-0.040295,0.004448,0.161913,,
79.9413,S3,spent,0.394232,-1.169699,-0.000914,-0.038646,0.004425,0.164972,-97.7731,63.7390
79.9513,S3,spent,0.394222,-1.170113,-0.000868,-0.036997,0.004403,0.168031,,
79.9613,S3,spent,0.394213,-1.170525,-0.000823,-0.035348,0.004380,0.171024,,
79.9713,S3,spent,0.394206,-1.170819,-0.000783,-0.033713,0.004269,0.168242,,
79.9813,S3,spent,0.394199,-1.171114,-0.000743,-0.032078,0.004159,0.165461,,
79.9913,S3,spent,0.394192,-1.171408,-0.000703,-0.030443,0.004048,0.162680,-97.7615,63.7389
80.0013,S3,spent,0.394186,-1.171702,-0.000662,-0.028808,0.003938,0.159898,,
80.0113,S3,spent,0.394179,-1.171997,-0.000622,-0.027173,0.003827,0.157117,,
80.0213,S3,spent,0.394172,-1.172291,-0.000582,-0.025538,0.003717,0.154336,,
80.0313,S3,spent,0.394165,-1.172586,-0.000542,-0.023903,0.003606,0.151554,,
80.0413,S3,spent,0.394161,-1.172783,-0.000510,-0.022543,0.003469,0.146532,-97.7069,63.7056
80.0513,S3,spent,0.394157,-1.172971,-0.000479,-0.021209,0.003329,0.141292,,
80.0613,S3,spent,0.394152,-1.173159,-0.000448,-0.019875,0.003189,0.136052,,
80.0713,S3,spent,0.394148,-1.173347,-0.000417,-0.018541,0.003050,0.130813,,
80.0813,S3,spent,0.394144,-1.173535,-0.000386,-0.017207,0.002910,0.125573,,
80.0913,S3,spent,0.394140,-1.173723,-0.000355,-0.015873,0.002770,0.120333,-97.6219,63.6476
80.1013,S3,spent,0.394135,-1.173911,-0.000324,-0.014539,0.002631,0.115094,,
80.1113,S3,spent,0.394133,-1.174034,-0.000300,-0.013523,0.002498,0.109640,,
80.1213,S3,spent,0.394130,-1.174141,-0.000279,-0.012580,0.002366,0.104137,,
80.1313,S3,spent,0.394128,-1.174248,-0.000258,-0.011637,0.002235,0.098634,,
80.1413,S3,spent,0.394126,-1.174355,-0.000237,-0.010694,0.002104,0.093131,-97.5345,63.5863
80.1513,S3,spent,0.394123,-1.174462,-0.000215,-0.009752,0.001972,0.087628,,
80.1613,S3,spent,0.394121,-1.174569,-0.000194,-0.008809,0.001841,0.082125,,
80.1713,S3,spent,0.394119,-1.174676,-0.000173,-0.007866,0.001710,0.076622,,
80.1813,S3,spent,0.394117,-1.174745,-0.000158,-0.007181,0.001598,0.071794,,
80.1913,S3,spent,0.394116,-1.174798,-0.000145,-0.006600,0.001495,0.067238,-97.4519,63.5274
80.2013,S3,spent,0.394115,-1.174852,-0.000132,-0.006019,0.001391,0.062682,,
80.2113,S3,spent,0.394114,-1.174905,-0.000119,-0.005438,0.001288,0.058127,,
80.2213,S3,spent,0.394112,-1.174959,-0.000106,-0.004857,0.001184,0.053571,,
80.2313,S3,spent,0.394111,-1.175012,-0.000093,-0.004276,0.001081,0.049015,,
80.2413,S3,spent,0.394110,-1.175065,-0.000081,-0.003695,0.000977,0.044460,-97.3795,63.4753
80.2513,S3,spent,0.394109,-1.175100,-0.000071,-0.003282,0.000894,0.040764,,
80.2613,S3,spent,0.394109,-1.175122,-0.000065,-0.002975,0.000825,0.037612,,
80.2713,S3,spent,0.394108,-1.175145,-0.000058,-0.002669,0.000755,0.034461,,
80.2813,S3,spent,0.394108,-1.175167,-0.000051,-0.002362,0.000685,0.031309,,
80.2913,S3,spent,0.394107,-1.175190,-0.000045,-0.002056,0.000615,0.028158,-97.3279,63.4378
80.3013,S3,spent,0.394107,-1.175212,-0.000038,-0.001749,0.000546,0.025007,,
80.3113,S3,spent,0.394106,-1.175235,-0.000031,-0.001443,0.000476,0.021855,,
80.3213,S3,spent,0.394106,-1.175250,-0.000027,-0.001226,0.000422,0.019394,,
80.3313,S3,spent,0.394106,-1.175257,-0.000024,-0.001094,0.000382,0.017589,,
80.3413,S3,spent,0.394106,-1.175265,-0.000021,-0.000962,0.000343,0.015785,-97.2888,63.4093
80.3513,S3,spent,0.394106,-1.175272,-0.000018,-0.000830,0.000304,0.013981,,
80.3613,S3,spent,0.394105,-1.175280,-0.000015,-0.000698,0.000264,0.012176,,
80.3713,S3,spent,0.394105,-1.175287,-0.000012,-0.000566,0.000225,0.010372,,
80.3813,S3,spent,0.394105,-1.175295,-0.000009,-0.000434,0.000185,0.008568,,
80.3913,S3,spent,0.394105,-1.175300,-0.000007,-0.000339,0.000155,0.007177,-97.2617,63.3895
80.4013,S3,spent,0.394105,-1.175302,-0.000006,-0.000297,0.000138,0.006375,,
80.4113,S3,spent,0.394105,-1.175303,-0.000006,-0.000255,0.000120,0.005574,,
80.4213,S3,spent,0.394105,-1.175305,-0.000005,-0.000213,0.000103,0.004772,,
80.4313,S3,spent,0.394105,-1.175307,-0.000004,-0.000171,0.000086,0.003971,,
80.4413,S3,spent,0.394105,-1.175308,-0.000003,-0.000129,0.000068,0.003169,-97.2491,63.3802
80.4513,S3,spent,0.394105,-1.175310,-0.000002,-0.000087,0.000051,0.002368,,
80.4613,S3,spent,0.394105,-1.175311,-0.000001,-0.000056,0.000038,0.001745,,
80.4713,S3,spent,0.394105,-1.175312,-0.000001,-0.000048,0.000033,0.001513,,
80.4813,S3,spent,0.394105,-1.175312,-0.000001,-0.000040,0.000028,0.001282,,
80.4913,S3,spent,0.394105,-1.175312,-0.000001,-0.000033,0.000023,0.001051,-97.2424,63.3753
80.5013,S3,spent,0.394105,-1.175312,-0.000001,-0.000025,0.000018,0.000819,,
80.5113,S3,spent,0.394105,-1.175313,-0.000000,-0.000017,0.000013,0.000588,,
80.5213,S3,spent,0.394105,-1.175313,-0.000000,-0.000009,0.000008,0.000357,,
80.5313,S3,spent,0.394105,-1.175313,-0.000000,-0.000003,0.000004,0.000169,,
80.5413,S3,spent,0.394105,-1.175313,-0.000000,-0.000003,0.000003,0.000145,-97.2396,63.3732
80.5513,S3,spent,0.394105,-1.175313,-0.000000,-0.000002,0.000003,0.000120,,
80.5613,S3,spent,0.394105,-1.175313,-0.000000,-0.000002,0.000002,0.000096,,
80.5713,S3,spent,0.394105,-1.175313,-0.000000,-0.000001,0.000002,0.000071,,
80.5813,S3,spent,0.394105,-1.175313,-0.000000,-0.000001,0.000001,0.000047,,
80.5913,S3,spent,0.394105,-1.175313,-0.000000,-0.000000,0.000000,0.000022,-97.2392,63.3729
80.6013,S3,spent,0.394105,-1.175313,-0.000000,-0.000000,0.000000,0.000000,,
80.6113,S3,spent,0.394105,-1.175313,-0.000000,-0.000000,0.000000,0.000000,,
80.6153,S3,spent,0.394105,-1.175313,0.000000,0.000000,0.000000,0.000000,-97.2391,63.3729
81.6153,S3,spent,0.394105,-1.175313,0.000000,0.000000,0.000000,0.000000,-97.2391,63.3729
82.6153,S3,spent,0.394105,-1.175313,0.000000,0.000000,0.000000,0.000000,-97.2391,63.3729
83.6153,S3,spent,0.394105,-1.175313,0.000000,0.000000,0.000000,0.000000,-97.2391,63.3729
84.6153,S3,spent,0.394105,-1.175313,0.000000,0.000000,0.000000,0.000000,-97.2391,63.3729
85.6153,S3,spent,0.394105,-1.175313,0.000000,0.000000,0.000000,0.000000,-97.2391,63.3729
85.6253,S4,,0.394105,-1.175313,0.000000,0.000000,0.000000,0.000012,,
85.6353,S4,,0.394105,-1.175313,0.000000,0.000000,0.000000,0.000023,,
85.6453,S4,,0.394105,-1.175313,0.000000,0.000000,0.000001,0.000035,,
85.6553,S4,,0.394105,-1.175313,0.000000,0.000001,0.000001,0.000046,,
85.6653,S4,,0.394105,-1.175313,0.000000,0.000001,0.000001,0.000058,-50.3745,28.5242
85.6753,S4,,0.394105,-1.175313,0.000000,0.000001,0.000001,0.000069,,
85.6853,S4,,0.394105,-1.175313,0.000000,0.000001,0.000001,0.000081,,
85.6953,S4,,0.394105,-1.175313,0.000000,0.000006,0.000003,0.000228,,
85.7053,S4,,0.394105,-1.175313,0.000000,0.000010,0.000006,0.000391,,
85.7153,S4,,0.394105,-1.175313,0.000000,0.000015,0.000008,0.000554,-50.3751,28.5246
85.7253,S4,,0.394105,-1.175312,0.000000,0.000020,0.000011,0.000716,,
85.7353,S4,,0.394105,-1.175312,0.000000,0.000025,0.000013,0.000879,,
85.7453,S4,,0.394105,-1.175312,0.000000,0.000030,0.000016,0.001042,,
85.7553,S4,,0.394105,-1.175312,0.000001,0.000035,0.000018,0.001205,,
85.7653,S4,,0.394105,-1.175311,0.000001,0.000061,0.000027,0.001756,-50.3767,28.5258
85.7753,S4,,0.394105,-1.175310,0.000001,0.000092,0.000037,0.002404,,
85.7853,S4,,0.394105,-1.175309,0.000002,0.000123,0.000047,0.003052,,
85.7953,S4,,0.394105,-1.175308,0.000002,0.000155,0.000057,0.003701,,
85.8053,S4,,0.394105,-1.175306,0.000003,0.000186,0.000067,0.004349,,
85.8153,S4,,0.394105,-1.175305,0.000003,0.000217,0.000077,0.004998,-50.3811,28.5289
85.8253,S4,,0.394105,-1.175304,0.000004,0.000248,0.000087,0.005646,,
85.8353,S4,,0.394105,-1.175300,0.000005,0.000333,0.000107,0.006937,,
85.8453,S4,,0.394105,-1.175294,0.000007,0.000440,0.000131,0.008503,,
85.8553,S4,,0.394105,-1.175288,0.000008,0.000548,0.000156,0.010070,,
85.8653,S4,,0.394105,-1.175282,0.000010,0.000655,0.000180,0.011636,-50.3899,28.5352
85.8753,S4,,0.394105,-1.175277,0.000012,0.000762,0.000205,0.013203,,
85.8853,S4,,0.394105,-1.175271,0.000013,0.000870,0.000229,0.014769,,
85.8953,S4,,0.394105,-1.175265,0.000015,0.000977,0.000254,0.016336,,
85.9053,S4,,0.394106,-1.175252,0.000018,0.001177,0.000291,0.018681,,
85.9153,S4,,0.394106,-1.175234,0.000022,0.001440,0.000337,0.021545,-50.4031,28.5446
85.9253,S4,,0.394106,-1.175215,0.000026,0.001703,0.000383,0.024409,,
85.9353,S4,,0.394106,-1.175197,0.000031,0.001966,0.000429,0.027272,,
85.9453,S4,,0.394107,-1.175179,0.000035,0.002229,0.000475,0.030136,,
85.9553,S4,,0.394107,-1.175160,0.000039,0.002492,0.000521,0.033000,,
85.9653,S4,,0.394107,-1.175142,0.000043,0.002754,0.000567,0.035864,-50.4222,28.5581
85.9753,S4,,0.394108,-1.175110,0.000049,0.003145,0.000626,0.039444,,
85.9853,S4,,0.394109,-1.175065,0.000057,0.003662,0.000698,0.043738,,
85.9953,S4,,0.394109,-1.175019,0.000066,0.004179,0.000770,0.048033,,
86.0053,S4,,0.394110,-1.174974,0.000074,0.004697,0.000842,0.052327,,
86.0153,S4,,0.394111,-1.174928,0.000082,0.005214,0.000914,0.056622,-50.4501,28.5777
86.0253,S4,,0.394111,-1.174883,0.000091,0.005731,0.000986,0.060917,,
86.0353,S4,,0.394112,-1.174838,0.000099,0.006248,0.001058,0.065211,,
86.0453,S4,,0.394113,-1.174773,0.000110,0.006905,0.001141,0.069943,,
86.0553,S4,,0.394115,-1.174679,0.000124,0.007770,0.001239,0.075329,,
86.0653,S4,,0.394116,-1.174585,0.000138,0.008634,0.001338,0.080716,-50.4825,28.6002
86.0753,S4,,0.394118,-1.174491,0.000153,0.009499,0.001436,0.086103,,
86.0853,S4,,0.394119,-1.174397,0.000167,0.010364,0.001535,0.091490,,
86.0953,S4,,0.394121,-1.174303,0.000181,0.011229,0.001633,0.096876,,
86.1053,S4,,0.394122,-1.174209,0.000196,0.012094,0.001731,0.102263,,
86.1153,S4,,0.394124,-1.174092,0.000213,0.013077,0.001836,0.107661,-50.5189,28.6254
86.1253,S4,,0.394127,-1.173923,0.000235,0.014334,0.001953,0.113088,,
86.1353,S4,,0.394130,-1.173753,0.000257,0.015592,0.002070,0.118514,,
86.1453,S4,,0.394132,-1.173584,0.000279,0.016849,0.002188,0.123940,,
86.1553,S4,,0.394135,-1.173415,0.000301,0.018107,0.002305,0.129366,,
86.1653,S4,,0.394138,-1.173245,0.000323,0.019364,0.002423,0.134792,-50.5559,28.6502
86.1753,S4,,0.394141,-1.173076,0.000345,0.020622,0.002540,0.140219,,
86.1853,S4,,0.394144,-1.172886,0.000369,0.021945,0.002658,0.145251,,
86.1953,S4,,0.394149,-1.172615,0.000400,0.023533,0.002777,0.148712,,
86.2053,S4,,0.394153,-1.172344,0.000430,0.025121,0.002897,0.152173,,
86.2153,S4,,0.394158,-1.172073,0.000461,0.026710,0.003016,0.155634,-50.5848,28.6685
86.2253,S4,,0.394163,-1.171801,0.000491,0.028298,0.003135,0.159095,,
86.2353,S4,,0.394167,-1.171530,0.000522,0.029886,0.003255,0.162556,,
86.2453,S4,,0.394172,-1.171259,0.000553,0.031474,0.003374,0.166017,,
86.2553,S4,,0.394177,-1.170976,0.000584,0.033070,0.003491,0.168964,,
86.2653,S4,,0.394184,-1.170587,0.000623,0.034745,0.003583,0.167289,-50.6018,28.6775
86.2753,S4,,0.394191,-1.170198,0.000661,0.036419,0.003675,0.165614,,
86.2853,S4,,0.394198,-1.169809,0.000699,0.038093,0.003767,0.163940,,
86.2953,S4,,0.394205,-1.169420,0.000738,0.039767,0.003859,0.162265,,
86.3053,S4,,0.394213,-1.169031,0.000776,0.041441,0.003951,0.160590,,
86.3153,S4,,0.394220,-1.168641,0.000814,0.043115,0.004043,0.158916,-50.5923,28.6666
86.3253,S4,,0.394227,-1.168252,0.000853,0.044789,0.004135,0.157240,,
86.3353,S4,,0.394237,-1.167755,0.000895,0.046033,0.004157,0.145925,,
86.3453,S4,,0.394247,-1.167259,0.000938,0.047276,0.004178,0.134609,,
86.3553,S4,,0.394257,-1.166762,0.000981,0.048520,0.004200,0.123294,,
86.3653,S4,,0.394267,-1.166265,0.001023,0.049764,0.004221,0.111979,-50.5308,28.6181
86.3753,S4,,0.394277,-1.165768,0.001066,0.051008,0.004243,0.100664,,
86.3853,S4,,0.394287,-1.165272,0.001109,0.052251,0.004264,0.089349,,
86.3953,S4,,0.394297,-1.164775,0.001151,0.053495,0.004286,0.078034,,
86.4053,S4,,0.394310,-1.164233,0.001193,0.053709,0.004291,0.064137,,
86.4153,S4,,0.394323,-1.163687,0.001235,0.053809,0.004294,0.049954,-50.4486,28.5546
86.4253,S4,,0.394336,-1.163141,0.001276,0.053908,0.004297,0.035772,,
86.4353,S4,,0.394349,-1.162594,0.001318,0.054008,0.004301,0.021589,,
86.4453,S4,,0.394362,-1.162048,0.001359,0.054108,0.004304,0.007406,,
86.4553,S4,,0.394375,-1.161501,0.001401,0.054208,0.004307,-0.006777,,
86.4653,S4,,0.394388,-1.160955,0.001442,0.054307,0.004310,-0.020960,-50.3542,28.4823
86.4753,S4,,0.394404,-1.160417,0.001489,0.054165,0.004422,-0.022349,,
86.4853,S4,,0.394420,-1.159882,0.001537,0.053961,0.004561,-0.020544,,
86.4953,S4,,0.394436,-1.159347,0.001585,0.053758,0.004701,-0.018738,,
86.5053,S4,,0.394452,-1.158811,0.001632,0.053555,0.004840,-0.016932,,
86.5153,S4,,0.394468,-1.158276,0.001680,0.053352,0.004979,-0.015127,-50.3651,28.4835
86.5253,S4,,0.394484,-1.157741,0.001728,0.053148,0.005118,-0.013321,,
86.5353,S4,,0.394500,-1.157205,0.001776,0.052945,0.005258,-0.011515,,
86.5453,S4,,0.394519,-1.156674,0.001832,0.052975,0.005424,-0.005375,,
86.5553,S4,,0.394539,-1.156144,0.001891,0.053105,0.005603,0.002621,,
86.5653,S4,,0.394559,-1.155613,0.001950,0.053235,0.005781,0.010618,-50.4041,28.5037
86.5753,S4,,0.394579,-1.155083,0.002009,0.053365,0.005959,0.018615,,
86.5853,S4,,0.394599,-1.154553,0.002068,0.053495,0.006137,0.026611,,
86.5953,S4,,0.394619,-1.154023,0.002127,0.053625,0.006316,0.034608,,
86.6053,S4,,0.394639,-1.153493,0.002186,0.053755,0.006494,0.042604,,
86.6153,S4,,0.394661,-1.152941,0.002254,0.054405,0.006701,0.055916,-50.4709,28.5423
86.6253,S4,,0.394686,-1.152375,0.002327,0.055400,0.006927,0.072769,,
86.6353,S4,,0.394711,-1.151808,0.002401,0.056395,0.007153,0.089621,,
86.6453,S4,,0.394735,-1.151242,0.002474,0.057391,0.007380,0.106474,,
86.6553,S4,,0.394760,-1.150676,0.002547,0.058386,0.007606,0.123327,,
86.6653,S4,,0.394785,-1.150109,0.002621,0.059381,0.007832,0.140180,-50.5935,28.6180
86.6753,S4,,0.394809,-1.149543,0.002694,0.060377,0.008058,0.157032,,
86.6853,S4,,0.394837,-1.148926,0.002775,0.061685,0.008255,0.164411,,
86.6953,S4,,0.394867,-1.148259,0.002862,0.063306,0.008424,0.162323,,
86.7053,S4,,0.394897,-1.147591,0.002950,0.064928,0.008592,0.160235,,
86.7153,S4,,0.394928,-1.146924,0.003038,0.066549,0.008761,0.158146,-50.6249,28.6288
86.7253,S4,,0.394958,-1.146256,0.003126,0.068170,0.008929,0.156058,,
86.7353,S4,,0.394988,-1.145589,0.003213,0.069791,0.009097,0.153970,,
86.7453,S4,,0.395019,-1.144922,0.003301,0.071412,0.009266,0.151882,,
86.7553,S4,,0.395052,-1.144212,0.003394,0.072907,0.009432,0.148106,,
86.7653,S4,,0.395089,-1.143439,0.003493,0.074214,0.009596,0.141801,-50.6090,28.6057
86.7753,S4,,0.395126,-1.142666,0.003593,0.075520,0.009759,0.135495,,
86.7853,S4,,0.395163,-1.141893,0.003692,0.076826,0.009922,0.129190,,
86.7953,S4,,0.395200,-1.141121,0.003792,0.078133,0.010086,0.122885,,
86.8053,S4,,0.395237,-1.140348,0.003891,0.079439,0.010249,0.116579,,
86.8153,S4,,0.395274,-1.139575,0.003991,0.080745,0.010413,0.110274,-50.5725,28.5669
86.8253,S4,,0.395313,-1.138780,0.004094,0.081897,0.010580,0.104398,,
86.8353,S4,,0.395357,-1.137933,0.004205,0.082688,0.010759,0.099523,,
86.8453,S4,,0.395402,-1.137086,0.004316,0.083479,0.010937,0.094648,,
86.8553,S4,,0.395446,-1.136239,0.004427,0.084270,0.011115,0.089773,,
86.8653,S4,,0.395491,-1.135392,0.004538,0.085061,0.011293,0.084898,-50.5456,28.5330
86.8753,S4,,0.395535,-1.134545,0.004650,0.085852,0.011471,0.080023,,
86.8853,S4,,0.395580,-1.133698,0.004761,0.086643,0.011649,0.075148,,
86.8953,S4,,0.395626,-1.132840,0.004875,0.087436,0.011835,0.071773,,
86.9053,S4,,0.395679,-1.131940,0.005000,0.088233,0.012049,0.074393,,
86.9153,S4,,0.395732,-1.131040,0.005126,0.089030,0.012263,0.077012,-50.5440,28.5151
86.9253,S4,,0.395785,-1.130140,0.005251,0.089828,0.012477,0.079632,,
86.9353,S4,,0.395837,-1.129240,0.005377,0.090625,0.012692,0.082252,,
86.9453,S4,,0.395890,-1.128340,0.005502,0.091423,0.012906,0.084871,,
86.9553,S4,,0.395943,-1.127440,0.005628,0.092220,0.013120,0.087491,,
86.9653,S4,,0.395997,-1.126534,0.005755,0.093040,0.013334,0.090093,-50.5730,28.5165
86.9753,S4,,0.396059,-1.125570,0.005895,0.094057,0.013551,0.092542,,
86.9853,S4,,0.396122,-1.124605,0.006036,0.095075,0.013767,0.094990,,
86.9953,S4,,0.396184,-1.123641,0.006177,0.096093,0.013984,0.097439,,
87.0053,S4,,0.396246,-1.122677,0.006318,0.097111,0.014200,0.099887,,
87.0153,S4,,0.396309,-1.121713,0.006459,0.098128,0.014417,0.102336,-50.6032,28.5157
87.0253,S4,,0.396371,-1.120748,0.006600,0.099146,0.014633,0.104784,,
87.0353,S4,,0.396433,-1.119784,0.006741,0.100164,0.014850,0.107232,,
87.0453,S4,,0.396506,-1.118745,0.006897,0.101193,0.015051,0.105925,,
87.0553,S4,,0.396579,-1.117707,0.007052,0.102222,0.015252,0.104619,,
87.0653,S4,,0.396652,-1.116668,0.007208,0.103252,0.015454,0.103312,-50.6187,28.5030
87.0753,S4,,0.396725,-1.115629,0.007364,0.104281,0.015655,0.102005,,
87.0853,S4,,0.396797,-1.114590,0.007519,0.105310,0.015856,0.100699,,
87.0953,S4,,0.396870,-1.113552,0.007675,0.106339,0.016058,0.099392,,
87.1053,S4,,0.396943,-1.112513,0.007831,0.107368,0.016259,0.098085,,
87.1153,S4,,0.397026,-1.111412,0.007999,0.108307,0.016458,0.097042,-50.6250,28.4822
87.1253,S4,,0.397111,-1.110304,0.008169,0.109236,0.016656,0.096028,,
87.1353,S4,,0.397195,-1.109195,0.008339,0.110164,0.016855,0.095013,,
87.1453,S4,,0.397280,-1.108087,0.008509,0.111093,0.017053,0.093999,,
87.1553,S4,,0.397364,-1.106979,0.008678,0.112021,0.017251,0.092985,,
87.1653,S4,,0.397448,-1.105871,0.008848,0.112950,0.017450,0.091971,-50.6349,28.4611
87.1753,S4,,0.397533,-1.104763,0.009018,0.113878,0.017648,0.090956,,
87.1853,S4,,0.397627,-1.103603,0.009199,0.114793,0.017844,0.090854,,
87.1953,S4,,0.397724,-1.102430,0.009383,0.115705,0.018040,0.090979,,
87.2053,S4,,0.397821,-1.101257,0.009567,0.116616,0.018235,0.091104,,
87.2153,S4,,0.397918,-1.100084,0.009751,0.117527,0.018431,0.091229,-50.6531,28.4428
87.2253,S4,,0.398015,-1.098911,0.009935,0.118439,0.018626,0.091354,,
87.2353,S4,,0.398112,-1.097738,0.010118,0.119350,0.018821,0.091479,,
87.2453,S4,,0.398209,-1.096565,0.010302,0.120262,0.019017,0.091604,,
87.2553,S4,,0.398316,-1.095347,0.010496,0.121173,0.019203,0.091431,,
87.2653,S4,,0.398426,-1.094109,0.010693,0.122084,0.019385,0.091129,-50.6738,28.4237
87.2753,S4,,0.398537,-1.092871,0.010890,0.122996,0.019568,0.090828,,
87.2853,S4,,0.398647,-1.091633,0.011088,0.123907,0.019750,0.090526,,
87.2953,S4,,0.398758,-1.090395,0.011285,0.124818,0.019933,0.090225,,
87.3053,S4,,0.398868,-1.089158,0.011482,0.125730,0.020115,0.089924,,
87.3153,S4,,0.398979,-1.087920,0.011680,0.126641,0.020298,0.089622,-50.6942,28.4018
87.3253,S4,,0.399098,-1.086644,0.011884,0.127530,0.020470,0.089146,,
87.3353,S4,,0.399223,-1.085342,0.012094,0.128404,0.020637,0.088554,,
87.3453,S4,,0.399348,-1.084041,0.012304,0.129278,0.020803,0.087961,,
87.3553,S4,,0.399473,-1.082740,0.012513,0.130152,0.020970,0.087369,,
87.3653,S4,,0.399598,-1.081438,0.012723,0.131026,0.021136,0.086777,-50.7157,28.3769
87.3753,S4,,0.399723,-1.080137,0.012933,0.131900,0.021302,0.086184,,
87.3853,S4,,0.399847,-1.078836,0.013143,0.132774,0.021469,0.085592,,
87.3953,S4,,0.399980,-1.077504,0.013358,0.133629,0.021627,0.085069,,
87.4053,S4,,0.400120,-1.076142,0.013579,0.134466,0.021776,0.084614,,
87.4153,S4,,0.400261,-1.074780,0.013800,0.135304,0.021926,0.084160,-50.7392,28.3508
87.4253,S4,,0.400401,-1.073418,0.014021,0.136141,0.022076,0.083705,,
87.4353,S4,,0.400541,-1.072056,0.014242,0.136978,0.022225,0.083251,,
87.4453,S4,,0.400681,-1.070694,0.014463,0.137815,0.022375,0.082796,,
87.4553,S4,,0.400822,-1.069332,0.014684,0.138652,0.022524,0.082342,,
87.4653,S4,,0.400968,-1.067947,0.014908,0.139475,0.022665,0.081853,-50.7648,28.3234
87.4753,S4,,0.401125,-1.066526,0.015139,0.140278,0.022791,0.081313,,
87.4853,S4,,0.401281,-1.065106,0.015370,0.141080,0.022918,0.080773,,
87.4953,S4,,0.401437,-1.063686,0.015601,0.141882,0.023045,0.080233,,
87.5053,S4,,0.401594,-1.062266,0.015832,0.142685,0.023171,0.079693,,
87.5153,S4,,0.401750,-1.060845,0.016062,0.143487,0.023298,0.079153,-50.7933,28.2937
87.5253,S4,,0.401906,-1.059425,0.016293,0.144290,0.023424,0.078613,,
87.5353,S4,,0.402067,-1.057988,0.016526,0.145080,0.023543,0.078047,,
87.5453,S4,,0.402240,-1.056513,0.016765,0.145840,0.023645,0.077423,,
87.5553,S4,,0.402413,-1.055037,0.017004,0.146601,0.023747,0.076798,,
87.5653,S4,,0.402586,-1.053561,0.017243,0.147361,0.023848,0.076174,-50.8237,28.2622
87.5753,S4,,0.402759,-1.052085,0.017482,0.148121,0.023950,0.075549,,
87.5853,S4,,0.402932,-1.050609,0.017721,0.148882,0.024052,0.074925,,
87.5953,S4,,0.403105,-1.049134,0.017960,0.149642,0.024153,0.074300,,
87.6053,S4,,0.403282,-1.047647,0.018200,0.150394,0.024252,0.073670,,
87.6153,S4,,0.403472,-1.046119,0.018445,0.151109,0.024339,0.073017,-50.8556,28.2287
87.6253,S4,,0.403662,-1.044591,0.018691,0.151824,0.024426,0.072365,,
87.6353,S4,,0.403852,-1.043063,0.018937,0.152539,0.024513,0.071712,,
87.6453,S4,,0.404043,-1.041535,0.019182,0.153254,0.024600,0.071060,,
87.6553,S4,,0.404233,-1.040007,0.019428,0.153969,0.024686,0.070407,,
87.6653,S4,,0.404423,-1.038478,0.019673,0.154684,0.024773,0.069755,-50.8900,28.1933
87.6753,S4,,0.404615,-1.036945,0.019919,0.155395,0.024854,0.069096,,
87.6853,S4,,0.404823,-1.035368,0.020169,0.156061,0.024879,0.068385,,
87.6953,S4,,0.405030,-1.033791,0.020419,0.156728,0.024905,0.067674,,
87.7053,S4,,0.405238,-1.032214,0.020669,0.157395,0.024930,0.066963,,
87.7153,S4,,0.405446,-1.030636,0.020919,0.158062,0.024956,0.066252,-50.9278,28.1560
87.7253,S4,,0.405654,-1.029059,0.021169,0.158729,0.024981,0.065541,,
87.7353,S4,,0.405862,-1.027482,0.021419,0.159396,0.025007,0.064830,,
87.7453,S4,,0.406070,-1.025905,0.021669,0.160062,0.025032,0.064119,,
87.7553,S4,,0.406295,-1.024282,0.021920,0.160677,0.025063,0.063371,,
87.7653,S4,,0.406521,-1.022659,0.022170,0.161292,0.025095,0.062623,-50.9673,28.1168
87.7753,S4,,0.406746,-1.021036,0.022420,0.161906,0.025127,0.061875,,
87.7853,S4,,0.406972,-1.019414,0.022670,0.162521,0.025158,0.061128,,
87.7953,S4,,0.407197,-1.017791,0.022920,0.163135,0.025190,0.060380,,
87.8053,S4,,0.407423,-1.016168,0.023170,0.163750,0.025221,0.059632,,
87.8153,S4,,0.407648,-1.014545,0.023421,0.164364,0.025253,0.058884,-51.0080,28.0756
87.8253,S4,,0.407890,-1.012885,0.023678,0.164931,0.025396,0.058135,,
87.8353,S4,,0.408134,-1.011220,0.023936,0.165493,0.025551,0.057386,,
87.8453,S4,,0.408377,-1.009556,0.024194,0.166055,0.025706,0.056636,,
87.8553,S4,,0.408621,-1.007891,0.024452,0.166616,0.025861,0.055887,,
87.8653,S4,,0.408864,-1.006227,0.024711,0.167178,0.026016,0.055137,-51.0497,28.0313
87.8753,S4,,0.409108,-1.004562,0.024969,0.167740,0.026171,0.054388,,
87.8853,S4,,0.409352,-1.002898,0.025227,0.168301,0.026326,0.053639,,
87.8953,S4,,0.409610,-1.001203,0.025474,0.168815,0.025864,0.052718,,
87.9053,S4,,0.409871,-0.999501,0.025718,0.169316,0.025247,0.051755,,
87.9153,S4,,0.410133,-0.997798,0.025962,0.169818,0.024630,0.050792,-51.1015,27.9877
87.9253,S4,,0.410395,-0.996096,0.026207,0.170319,0.024013,0.049829,,
87.9353,S4,,0.410657,-0.994394,0.026451,0.170821,0.023396,0.048865,,
87.9453,S4,,0.410918,-0.992691,0.026695,0.171322,0.022779,0.047902,,
87.9553,S4,,0.411180,-0.990989,0.026939,0.171824,0.022162,0.046939,,
87.9653,S4,,0.411453,-0.989263,0.027173,0.172281,0.022683,0.046231,-51.1571,27.9429
87.9753,S4,,0.411731,-0.987528,0.027401,0.172720,0.023692,0.045633,,
87.9853,S4,,0.412009,-0.985792,0.027630,0.173159,0.024700,0.045034,,
87.9953,S4,,0.412286,-0.984057,0.027858,0.173598,0.025709,0.044436,,
88.0053,S4,,0.412564,-0.982321,0.028086,0.174037,0.026717,0.043838,,
88.0153,S4,,0.412842,-0.980586,0.028315,0.174476,0.027726,0.043239,-51.1861,27.8874
88.0253,S4,,0.413120,-0.978850,0.028543,0.174915,0.028734,0.042641,,
88.0353,S4,,0.413410,-0.977096,0.028855,0.175337,0.029787,0.042041,,
88.0453,S4,,0.413709,-0.975331,0.029223,0.175749,0.030870,0.041440,,
88.0553,S4,,0.414007,-0.973565,0.029591,0.176161,0.031952,0.040840,,
88.0653,S4,,0.414306,-0.971799,0.029958,0.176573,0.033035,0.040239,-51.2165,27.8295
88.0753,S4,,0.414605,-0.970033,0.030326,0.176985,0.034117,0.039638,,
88.0853,S4,,0.414903,-0.968268,0.030694,0.177397,0.035200,0.039038,,
88.0953,S4,,0.415202,-0.966502,0.031062,0.177808,0.036283,0.038437,,
88.1053,S4,,0.415513,-0.964723,0.031358,0.178173,0.034797,0.037215,,
88.1153,S4,,0.415835,-0.962931,0.031584,0.178489,0.030747,0.035371,-51.2805,27.7792
88.1253,S4,,0.416157,-0.961139,0.031811,0.178805,0.026697,0.033527,,
88.1353,S4,,0.416479,-0.959347,0.032037,0.179122,0.022648,0.031683,,
88.1453,S4,,0.416801,-0.957555,0.032263,0.179438,0.018598,0.029839,,
88.1553,S4,,0.417123,-0.955762,0.032489,0.179755,0.014548,0.027995,,
88.1653,S4,,0.417446,-0.953970,0.032715,0.180071,0.010498,0.026152,-51.4230,27.7496
88.1753,S4,,0.417771,-0.952171,0.032889,0.180350,0.008581,0.024810,,
88.1853,S4,,0.418103,-0.950360,0.032984,0.180572,0.009857,0.024222,,
88.1953,S4,,0.418434,-0.948549,0.033080,0.180794,0.011133,0.023634,,
88.2053,S4,,0.418765,-0.946739,0.033175,0.181017,0.012409,0.023045,,
88.2153,S4,,0.419096,-0.944928,0.033270,0.181239,0.013685,0.022457,-51.4689,27.6891
88.2253,S4,,0.419427,-0.943117,0.033366,0.181461,0.014961,0.021868,,
88.2353,S4,,0.419758,-0.941307,0.033461,0.181684,0.016237,0.021280,,
88.2453,S4,,0.420093,-0.939491,0.033596,0.181897,0.017373,0.020656,,
88.2553,S4,,0.420436,-0.937666,0.033825,0.182087,0.018183,0.019948,,
88.2653,S4,,0.420779,-0.935841,0.034053,0.182277,0.018993,0.019240,-51.5060,27.6241
88.2753,S4,,0.421122,-0.934015,0.034282,0.182467,0.019802,0.018533,,
88.2853,S4,,0.421465,-0.932190,0.034510,0.182658,0.020612,0.017825,,
88.2953,S4,,0.421808,-0.930364,0.034738,0.182848,0.021422,0.017117,,
88.3053,S4,,0.422151,-0.928539,0.034967,0.183038,0.022232,0.016410,,
88.3153,S4,,0.422497,-0.926711,0.035189,0.183214,0.022716,0.015624,-51.5501,27.5593
88.3253,S4,,0.422856,-0.924874,0.035387,0.183333,0.021905,0.014526,,
88.3353,S4,,0.423215,-0.923038,0.035584,0.183452,0.021093,0.013428,,
88.3453,S4,,0.423574,-0.921201,0.035782,0.183571,0.020282,0.012330,,
88.3553,S4,,0.423933,-0.919365,0.035980,0.183690,0.019471,0.011232,,
88.3653,S4,,0.424292,-0.917528,0.036177,0.183809,0.018659,0.010134,-51.6300,27.5030
88.3753,S4,,0.424650,-0.915691,0.036375,0.183928,0.017848,0.009036,,
88.3853,S4,,0.425011,-0.913854,0.036570,0.184040,0.017110,0.007955,,
88.3953,S4,,0.425382,-0.912012,0.036738,0.184088,0.017036,0.007031,,
88.4053,S4,,0.425754,-0.910169,0.036907,0.184135,0.016962,0.006108,,
88.4153,S4,,0.426125,-0.908327,0.037076,0.184183,0.016888,0.005184,-51.7014,27.4424
88.4253,S4,,0.426497,-0.906485,0.037244,0.184231,0.016814,0.004260,,
88.4353,S4,,0.426868,-0.904642,0.037413,0.184278,0.016740,0.003336,,
88.4453,S4,,0.427240,-0.902800,0.037582,0.184326,0.016666,0.002413,,
88.4553,S4,,0.427611,-0.900957,0.037750,0.184374,0.016592,0.001489,,
88.4653,S4,,0.427995,-0.899114,0.037909,0.184355,0.016345,0.000528,-51.7684,27.3788
88.4753,S4,,0.428378,-0.897270,0.038068,0.184336,0.016098,-0.000433,,
88.4853,S4,,0.428761,-0.895427,0.038227,0.184317,0.015851,-0.001394,,
88.4953,S4,,0.429144,-0.893583,0.038386,0.184298,0.015604,-0.002355,,
88.5053,S4,,0.429528,-0.891740,0.038545,0.184280,0.015357,-0.003316,,
88.5153,S4,,0.429911,-0.889896,0.038704,0.184261,0.015110,-0.004277,-51.8399,27.3149
88.5253,S4,,0.430294,-0.888053,0.038863,0.184242,0.014863,-0.005238,,
88.5353,S4,,0.430687,-0.886213,0.039002,0.184161,0.014548,-0.006210,,
88.5453,S4,,0.431081,-0.884373,0.039139,0.184073,0.014225,-0.007183,,
88.5553,S4,,0.431474,-0.882534,0.039275,0.183985,0.013902,-0.008157,,
88.5653,S4,,0.431868,-0.880694,0.039412,0.183897,0.013579,-0.009130,-51.9142,27.2504
88.5753,S4,,0.432262,-0.878854,0.039549,0.183809,0.013256,-0.010103,,
88.5853,S4,,0.432656,-0.877014,0.039685,0.183721,0.012933,-0.011076,,
88.5953,S4,,0.433050,-0.875175,0.039822,0.183633,0.012610,-0.012050,,
88.6053,S4,,0.433451,-0.873342,0.039941,0.183490,0.012309,-0.013012,,
88.6153,S4,,0.433853,-0.871511,0.040056,0.183334,0.012013,-0.013972,-51.9891,27.1850
88.6253,S4,,0.434256,-0.869680,0.040171,0.183177,0.011717,-0.014932,,
88.6353,S4,,0.434659,-0.867849,0.040286,0.183020,0.011421,-0.015892,,
88.6453,S4,,0.435061,-0.866018,0.040402,0.182864,0.011125,-0.016851,,
88.6553,S4,,0.435464,-0.864187,0.040517,0.182707,0.010830,-0.017811,,
88.6653,S4,,0.435867,-0.862356,0.040632,0.182551,0.010534,-0.018771,-52.0644,27.1185
88.6753,S4,,0.436275,-0.860535,0.040731,0.182347,0.010220,-0.019722,,
88.6853,S4,,0.436685,-0.858717,0.040825,0.182123,0.009900,-0.020668,,
88.6953,S4,,0.437095,-0.856900,0.040918,0.181898,0.009579,-0.021615,,
88.7053,S4,,0.437505,-0.855082,0.041011,0.181674,0.009259,-0.022562,,
88.7153,S4,,0.437915,-0.853265,0.041104,0.181450,0.008938,-0.023509,-52.1418,27.0517
88.7253,S4,,0.438325,-0.851447,0.041198,0.181225,0.008618,-0.024456,,
88.7353,S4,,0.438735,-0.849630,0.041291,0.181001,0.008297,-0.025402,,
88.7453,S4,,0.439149,-0.847823,0.041370,0.180737,0.007967,-0.026342,,
88.7553,S4,,0.439565,-0.846024,0.041440,0.180446,0.007631,-0.027277,,
88.7653,S4,,0.439981,-0.844225,0.041510,0.180155,0.007295,-0.028213,-52.2196,26.9843
88.7753,S4,,0.440397,-0.842426,0.041579,0.179864,0.006958,-0.029148,,
88.7853,S4,,0.440812,-0.840626,0.041649,0.179573,0.006622,-0.030083,,
88.7953,S4,,0.441228,-0.838827,0.041719,0.179282,0.006286,-0.031018,,
88.8053,S4,,0.441644,-0.837028,0.041789,0.178991,0.005949,-0.031953,,
88.8153,S4,,0.442062,-0.835240,0.041847,0.178666,0.005608,-0.032886,-52.2978,26.9163
88.8253,S4,,0.442482,-0.833464,0.041892,0.178309,0.005262,-0.033816,,
88.8353,S4,,0.442902,-0.831688,0.041938,0.177952,0.004917,-0.034746,,
88.8453,S4,,0.443322,-0.829912,0.041983,0.177594,0.004571,-0.035675,,
88.8553,S4,,0.443742,-0.828136,0.042029,0.177237,0.004225,-0.036605,,
88.8653,S4,,0.444162,-0.826360,0.042075,0.176880,0.003880,-0.037535,-52.3770,26.8484
88.8753,S4,,0.444582,-0.824584,0.042120,0.176522,0.003534,-0.038465,,
88.8853,S4,,0.445003,-0.822818,0.042156,0.176139,0.003190,-0.039372,,
88.8953,S4,,0.445426,-0.821070,0.042177,0.175717,0.002848,-0.040246,,
88.9053,S4,,0.445848,-0.819322,0.042198,0.175295,0.002506,-0.041120,,
88.9153,S4,,0.446270,-0.817573,0.042219,0.174873,0.002164,-0.041993,-52.4564,26.7803
88.9253,S4,,0.446693,-0.815825,0.042240,0.174452,0.001822,-0.042867,,
88.9353,S4,,0.447115,-0.814076,0.042261,0.174030,0.001480,-0.043740,,
88.9453,S4,,0.447537,-0.812328,0.042282,0.173608,0.001139,-0.044614,,
88.9553,S4,,0.447960,-0.810589,0.042296,0.173168,0.000798,-0.045473,,
88.9653,S4,,0.448383,-0.808872,0.042293,0.172686,0.000459,-0.046298,-52.5358,26.7121
88.9753,S4,,0.448806,-0.807156,0.042290,0.172205,0.000121,-0.047123,,
88.9853,S4,,0.449229,-0.805440,0.042287,0.171723,-0.000218,-0.047948,,
88.9953,S4,,0.449652,-0.803723,0.042284,0.171241,-0.000556,-0.048773,,
89.0053,S4,,0.450075,-0.802007,0.042281,0.170760,-0.000895,-0.049598,,
89.0153,S4,,0.450498,-0.800291,0.042278,0.170278,-0.001233,-0.050423,-52.6154,26.6441
89.0253,S4,,0.450921,-0.798582,0.042270,0.169784,-0.001581,-0.051273,,
89.0353,S4,,0.451343,-0.796901,0.042241,0.169240,-0.001966,-0.052223,,
89.0453,S4,,0.451764,-0.795221,0.042213,0.168696,-0.002351,-0.053173,,
89.0553,S4,,0.452186,-0.793541,0.042184,0.168152,-0.002735,-0.054123,,
89.0653,S4,,0.452608,-0.791861,0.042156,0.167608,-0.003120,-0.055073,-52.6948,26.5765
89.0753,S4,,0.453030,-0.790181,0.042127,0.167064,-0.003505,-0.056024,,
89.0853,S4,,0.453452,-0.788501,0.042099,0.166521,-0.003889,-0.056974,,
89.0953,S4,,0.453874,-0.786825,0.042068,0.165970,-0.004274,-0.057922,,
89.1053,S4,,0.454293,-0.785186,0.042012,0.165358,-0.004660,-0.058850,,
89.1153,S4,,0.454712,-0.783547,0.041955,0.164747,-0.005047,-0.059779,-52.7736,26.5089
89.1253,S4,,0.455130,-0.781908,0.041899,0.164135,-0.005433,-0.060707,,
89.1353,S4,,0.455549,-0.780269,0.041843,0.163524,-0.005819,-0.061636,,
89.1453,S4,,0.455968,-0.778630,0.041787,0.162912,-0.006205,-0.062564,,
89.1553,S4,,0.456387,-0.776991,0.041731,0.162300,-0.006591,-0.063493,,
89.1653,S4,,0.456806,-0.775353,0.041675,0.161689,-0.006977,-0.064421,-52.8519,26.4416
89.1753,S4,,0.457220,-0.773759,0.041597,0.161032,-0.007188,-0.064758,,
89.1853,S4,,0.457634,-0.772165,0.041520,0.160376,-0.007400,-0.065094,,
89.1953,S4,,0.458048,-0.770571,0.041443,0.159719,-0.007611,-0.065431,,
89.2053,S4,,0.458462,-0.768978,0.041365,0.159062,-0.007823,-0.065767,,
89.2153,S4,,0.458876,-0.767384,0.041288,0.158406,-0.008034,-0.066104,-52.9302,26.3768
89.2253,S4,,0.459291,-0.765790,0.041211,0.157749,-0.008246,-0.066441,,
89.2353,S4,,0.459705,-0.764196,0.041133,0.157093,-0.008457,-0.066777,,
89.2453,S4,,0.460113,-0.762646,0.041042,0.156414,-0.008679,-0.067133,,
89.2553,S4,,0.460521,-0.761099,0.040949,0.155734,-0.008902,-0.067490,,
89.2653,S4,,0.460929,-0.759553,0.040857,0.155053,-0.009125,-0.067847,-53.0077,26.3124
89.2753,S4,,0.461337,-0.758007,0.040764,0.154373,-0.009347,-0.068205,,
89.2853,S4,,0.461746,-0.756460,0.040672,0.153692,-0.009570,-0.068562,,
89.2953,S4,,0.462154,-0.754914,0.040579,0.153012,-0.009793,-0.068920,,
89.3053,S4,,0.462562,-0.753368,0.040486,0.152331,-0.010016,-0.069277,,
89.3153,S4,,0.462964,-0.751862,0.040368,0.151588,-0.010614,-0.070855,-53.0839,26.2480
89.3253,S4,,0.463364,-0.750366,0.040243,0.150829,-0.011305,-0.072737,,
89.3353,S4,,0.463765,-0.748870,0.040119,0.150070,-0.011996,-0.074619,,
89.3453,S4,,0.464165,-0.747375,0.039994,0.149311,-0.012687,-0.076501,,
89.3553,S4,,0.464566,-0.745879,0.039869,0.148552,-0.013379,-0.078383,,
89.3653,S4,,0.464966,-0.744383,0.039745,0.147793,-0.014070,-0.080265,-53.1576,26.1825
89.3753,S4,,0.465367,-0.742887,0.039620,0.147034,-0.014761,-0.082147,,
89.3853,S4,,0.465760,-0.741432,0.039462,0.146185,-0.015403,-0.083862,,
89.3953,S4,,0.466150,-0.739995,0.039289,0.145297,-0.016023,-0.085506,,
89.4053,S4,,0.466540,-0.738558,0.039117,0.144410,-0.016643,-0.087150,,
89.4153,S4,,0.466930,-0.737121,0.038945,0.143522,-0.017263,-0.088794,-53.2299,26.1187
89.4253,S4,,0.467320,-0.735683,0.038773,0.142635,-0.017883,-0.090438,,
89.4353,S4,,0.467710,-0.734246,0.038600,0.141747,-0.018504,-0.092081,,
89.4453,S4,,0.468100,-0.732809,0.038428,0.140860,-0.019124,-0.093725,,
89.4553,S4,,0.468482,-0.731411,0.038245,0.139955,-0.019133,-0.093374,,
89.4653,S4,,0.468859,-0.730039,0.038056,0.139038,-0.018736,-0.091695,-53.3019,26.0580
89.4753,S4,,0.469235,-0.728668,0.037866,0.138121,-0.018339,-0.090017,,
89.4853,S4,,0.469612,-0.727296,0.037676,0.137205,-0.017942,-0.088338,,
89.4953,S4,,0.469989,-0.725924,0.037487,0.136288,-0.017545,-0.086659,,
89.5053,S4,,0.470365,-0.724553,0.037297,0.135371,-0.017148,-0.084981,,
89.5153,S4,,0.470742,-0.723181,0.037108,0.134454,-0.016751,-0.083302,-53.3746,26.0030
89.5253,S4,,0.471113,-0.721839,0.036942,0.133628,-0.016253,-0.081295,,
89.5353,S4,,0.471477,-0.720526,0.036799,0.132891,-0.015654,-0.078959,,
89.5453,S4,,0.471842,-0.719213,0.036656,0.132155,-0.015055,-0.076623,,
89.5553,S4,,0.472207,-0.717900,0.036513,0.131418,-0.014455,-0.074287,,
89.5653,S4,,0.472572,-0.716588,0.036371,0.130681,-0.013856,-0.071951,-53.4461,25.9509
89.5753,S4,,0.472937,-0.715275,0.036228,0.129945,-0.013257,-0.069615,,
89.5853,S4,,0.473301,-0.713962,0.036085,0.129208,-0.012657,-0.067279,,
89.5953,S4,,0.473663,-0.712668,0.035956,0.128524,-0.012286,-0.065692,,
89.6053,S4,,0.474019,-0.711402,0.035845,0.127921,-0.012257,-0.065225,,
89.6153,S4,,0.474375,-0.710137,0.035735,0.127317,-0.012228,-0.064759,-53.5155,25.8981
89.6253,S4,,0.474731,-0.708871,0.035625,0.126713,-0.012199,-0.064293,,
89.6353,S4,,0.475087,-0.707605,0.035515,0.126109,-0.012170,-0.063827,,
89.6453,S4,,0.475443,-0.706339,0.035405,0.125505,-0.012141,-0.063360,,
89.6553,S4,,0.475798,-0.705074,0.035294,0.124901,-0.012112,-0.062894,,
89.6653,S4,,0.476151,-0.703823,0.035150,0.124195,-0.012913,-0.065144,-53.5821,25.8432
89.6753,S4,,0.476497,-0.702609,0.034927,0.123248,-0.015647,-0.073713,,
89.6853,S4,,0.476842,-0.701394,0.034704,0.122301,-0.018380,-0.082281,,
89.6953,S4,,0.477187,-0.700179,0.034481,0.121354,-0.021113,-0.090850,,
89.7053,S4,,0.477533,-0.698964,0.034258,0.120407,-0.023846,-0.099419,,
89.7153,S4,,0.477878,-0.697749,0.034034,0.119461,-0.026580,-0.107987,-53.6374,25.7746
89.7253,S4,,0.478224,-0.696535,0.033811,0.118514,-0.029313,-0.116556,,
89.7353,S4,,0.478565,-0.695337,0.033555,0.117465,-0.031878,-0.124580,,
89.7453,S4,,0.478888,-0.694209,0.033168,0.116008,-0.033776,-0.130434,,
89.7553,S4,,0.479211,-0.693081,0.032781,0.114551,-0.035674,-0.136288,,
89.7653,S4,,0.479535,-0.691952,0.032394,0.113094,-0.037572,-0.142142,-53.6917,25.7116
89.7753,S4,,0.479858,-0.690824,0.032007,0.111637,-0.039470,-0.147997,,
89.7853,S4,,0.480182,-0.689696,0.031620,0.110179,-0.041368,-0.153851,,
89.7953,S4,,0.480505,-0.688567,0.031233,0.108722,-0.043266,-0.159705,,
89.8053,S4,,0.480825,-0.687451,0.030835,0.107232,-0.045089,-0.165317,,
89.8153,S4,,0.481117,-0.686439,0.030340,0.105447,-0.046247,-0.168771,-53.7447,25.6536
89.8253,S4,,0.481409,-0.685426,0.029845,0.103661,-0.047405,-0.172225,,
89.8353,S4,,0.481700,-0.684414,0.029351,0.101876,-0.048563,-0.175679,,
89.8453,S4,,0.481992,-0.683402,0.028856,0.100090,-0.049721,-0.179132,,
89.8553,S4,,0.482284,-0.682390,0.028361,0.098305,-0.050878,-0.182586,,
89.8653,S4,,0.482576,-0.681378,0.027866,0.096519,-0.052036,-0.186040,-53.7951,25.6028
89.8753,S4,,0.482868,-0.680366,0.027371,0.094734,-0.053190,-0.189481,,
89.8853,S4,,0.483126,-0.679473,0.027002,0.093381,-0.048532,-0.173960,,
89.8953,S4,,0.483385,-0.678581,0.026632,0.092028,-0.043874,-0.158439,,
89.9053,S4,,0.483643,-0.677689,0.026263,0.090675,-0.039216,-0.142917,,
89.9153,S4,,0.483901,-0.676796,0.025893,0.089322,-0.034558,-0.127396,-53.8576,25.5833
89.9253,S4,,0.484160,-0.675904,0.025524,0.087969,-0.029900,-0.111875,,
89.9353,S4,,0.484418,-0.675012,0.025155,0.086616,-0.025242,-0.096354,,
89.9453,S4,,0.484677,-0.674120,0.024785,0.085263,-0.020584,-0.080832,,
89.9553,S4,,0.484922,-0.673280,0.024678,0.084785,-0.017275,-0.069738,,
89.9653,S4,,0.485165,-0.672447,0.024599,0.084403,-0.014115,-0.059131,-53.9200,25.5688
89.9753,S4,,0.485409,-0.671614,0.024521,0.084021,-0.010956,-0.048524,,
89.9853,S4,,0.485652,-0.670781,0.024442,0.083639,-0.007796,-0.037917,,
89.9953,S4,,0.485895,-0.669947,0.024364,0.083258,-0.004636,-0.027311,,
90.0053,S4,,0.486139,-0.669114,0.024285,0.082876,-0.001476,-0.016704,,
90.0153,S4,,0.486382,-0.668281,0.024207,0.082494,0.001684,-0.006097,-53.9772,25.5502
90.0253,S4,,0.486626,-0.667451,0.024261,0.082560,0.003559,0.000296,,
90.0353,S4,,0.486871,-0.666623,0.024348,0.082738,0.005115,0.005640,,
90.0453,S4,,0.487115,-0.665795,0.024434,0.082915,0.006671,0.010984,,
90.0553,S4,,0.487359,-0.664967,0.024521,0.083093,0.008226,0.016328,,
90.0653,S4,,0.487604,-0.664138,0.024608,0.083270,0.009782,0.021672,-54.0291,25.5225
90.0753,S4,,0.487848,-0.663310,0.024695,0.083448,0.011338,0.027016,,
90.0853,S4,,0.488092,-0.662482,0.024782,0.083625,0.012893,0.032360,,
90.0953,S4,,0.488343,-0.661638,0.024913,0.083962,0.013576,0.034836,,
90.1053,S4,,0.488596,-0.660787,0.025064,0.084367,0.013887,0.036089,,
90.1153,S4,,0.488849,-0.659937,0.025215,0.084772,0.014197,0.037341,-54.0789,25.4897
90.1253,S4,,0.489103,-0.659086,0.025366,0.085177,0.014507,0.038593,,
90.1353,S4,,0.489356,-0.658236,0.025517,0.085582,0.014818,0.039845,,
90.1453,S4,,0.489609,-0.657385,0.025668,0.085987,0.015128,0.041097,,
90.1553,S4,,0.489863,-0.656534,0.025819,0.086391,0.015438,0.042349,,
90.1653,S4,,0.490122,-0.655669,0.025908,0.086604,0.012851,0.034122,-54.1253,25.4495
90.1753,S4,,0.490384,-0.654793,0.025956,0.086690,0.008338,0.019594,,
90.1853,S4,,0.490647,-0.653918,0.026005,0.086776,0.003825,0.005066,,
90.1953,S4,,0.490909,-0.653042,0.026053,0.086861,-0.000689,-0.009462,,
90.2053,S4,,0.491172,-0.652167,0.026101,0.086947,-0.005202,-0.023990,,
90.2153,S4,,0.491435,-0.651292,0.026149,0.087032,-0.009715,-0.038518,-54.1572,25.3840
90.2253,S4,,0.491697,-0.650416,0.026198,0.087118,-0.014229,-0.053046,,
90.2353,S4,,0.491955,-0.649561,0.026051,0.086573,-0.018718,-0.067509,,
90.2453,S4,,0.492207,-0.648725,0.025710,0.085401,-0.023185,-0.081909,,
90.2553,S4,,0.492459,-0.647889,0.025368,0.084229,-0.027651,-0.096309,,
90.2653,S4,,0.492711,-0.647053,0.025027,0.083056,-0.032117,-0.110709,-54.1876,25.3200
90.2753,S4,,0.492963,-0.646217,0.024686,0.081884,-0.036583,-0.125108,,
90.2853,S4,,0.493215,-0.645381,0.024345,0.080712,-0.041050,-0.139508,,
90.2953,S4,,0.493467,-0.644545,0.024004,0.079539,-0.045516,-0.153908,,
90.3053,S4,,0.493705,-0.643753,0.023574,0.078083,-0.048951,-0.164952,,
90.3153,S4,,0.493924,-0.643029,0.023012,0.076203,-0.050846,-0.170977,-54.2180,25.2622
90.3253,S4,,0.494143,-0.642305,0.022450,0.074322,-0.052741,-0.177003,,
90.3353,S4,,0.494362,-0.641581,0.021888,0.072442,-0.054635,-0.183029,,
90.3453,S4,,0.494581,-0.640857,0.021327,0.070561,-0.056530,-0.189054,,
90.3553,S4,,0.494799,-0.640133,0.020765,0.068681,-0.058424,-0.195080,,
90.3653,S4,,0.495018,-0.639409,0.020203,0.066800,-0.060319,-0.201106,-54.2508,25.2185
90.3753,S4,,0.495224,-0.638728,0.019621,0.064856,-0.061685,-0.205411,,
90.3853,S4,,0.495400,-0.638147,0.018991,0.062765,-0.061821,-0.205718,,
90.3953,S4,,0.495576,-0.637566,0.018362,0.060675,-0.061957,-0.206024,,
90.4053,S4,,0.495752,-0.636985,0.017732,0.058584,-0.062093,-0.206331,,
90.4153,S4,,0.495927,-0.636405,0.017103,0.056493,-0.062229,-0.206637,-54.2824,25.1889
90.4253,S4,,0.496103,-0.635824,0.016473,0.054402,-0.062365,-0.206944,,
90.4353,S4,,0.496279,-0.635243,0.015844,0.052311,-0.062501,-0.207250,,
90.4453,S4,,0.496446,-0.634692,0.015221,0.050243,-0.062420,-0.206853,,
90.4553,S4,,0.496578,-0.634257,0.014623,0.048267,-0.061475,-0.203653,,
90.4653,S4,,0.496710,-0.633822,0.014026,0.046290,-0.060530,-0.200453,-54.3121,25.1672
90.4753,S4,,0.496841,-0.633387,0.013429,0.044314,-0.059585,-0.197253,,
90.4853,S4,,0.496973,-0.632952,0.012832,0.042338,-0.058641,-0.194053,,
90.4953,S4,,0.497105,-0.632517,0.012234,0.040361,-0.057696,-0.190853,,
90.5053,S4,,0.497237,-0.632082,0.011637,0.038385,-0.056751,-0.187653,,
90.5153,S4,,0.497365,-0.631661,0.011049,0.036438,-0.055752,-0.184277,-54.3395,25.1527
90.5253,S4,,0.497457,-0.631356,0.010541,0.034760,-0.054263,-0.179322,,
90.5353,S4,,0.497549,-0.631052,0.010033,0.033083,-0.052774,-0.174367,,
90.5453,S4,,0.497642,-0.630747,0.009525,0.031405,-0.051285,-0.169413,,
90.5553,S4,,0.497734,-0.630443,0.009017,0.029727,-0.049796,-0.164458,,
90.5653,S4,,0.497826,-0.630139,0.008509,0.028049,-0.048307,-0.159504,-54.3619,25.1471
90.5753,S4,,0.497919,-0.629834,0.008001,0.026371,-0.046819,-0.154549,,
90.5853,S4,,0.498011,-0.629530,0.007493,0.024693,-0.045330,-0.149594,,
90.5953,S4,,0.498071,-0.629331,0.007098,0.023390,-0.043694,-0.144181,,
90.6053,S4,,0.498131,-0.629133,0.006702,0.022086,-0.042059,-0.138768,,
90.6153,S4,,0.498192,-0.628935,0.006307,0.020783,-0.040424,-0.133355,-54.3812,25.1448
90.6253,S4,,0.498252,-0.628736,0.005912,0.019479,-0.038789,-0.127943,,
90.6353,S4,,0.498312,-0.628538,0.005517,0.018176,-0.037153,-0.122530,,
90.6453,S4,,0.498372,-0.628340,0.005122,0.016872,-0.035518,-0.117117,,
90.6553,S4,,0.498432,-0.628141,0.004726,0.015569,-0.033883,-0.111704,,
90.6653,S4,,0.498471,-0.628014,0.004433,0.014602,-0.032357,-0.106664,-54.3975,25.1453
90.6753,S4,,0.498507,-0.627895,0.004151,0.013672,-0.030843,-0.101665,,
90.6853,S4,,0.498543,-0.627775,0.003869,0.012742,-0.029328,-0.096666,,
90.6953,S4,,0.498580,-0.627656,0.003586,0.011812,-0.027814,-0.091667,,
90.7053,S4,,0.498616,-0.627537,0.003304,0.010882,-0.026300,-0.086669,,
90.7153,S4,,0.498652,-0.627418,0.003022,0.009952,-0.024786,-0.081670,-54.4099,25.1483
90.7253,S4,,0.498688,-0.627298,0.002740,0.009022,-0.023272,-0.076671,,
90.7353,S4,,0.498711,-0.627222,0.002537,0.008352,-0.021978,-0.072402,,
90.7453,S4,,0.498731,-0.627157,0.002353,0.007747,-0.020738,-0.068315,,
90.7553,S4,,0.498751,-0.627092,0.002169,0.007141,-0.019499,-0.064229,,
90.7653,S4,,0.498771,-0.627027,0.001985,0.006536,-0.018259,-0.060142,-54.4193,25.1520
90.7753,S4,,0.498790,-0.626962,0.001801,0.005930,-0.017020,-0.056055,,
90.7853,S4,,0.498810,-0.626897,0.001617,0.005325,-0.015780,-0.051968,,
90.7953,S4,,0.498830,-0.626831,0.001434,0.004719,-0.014540,-0.047881,,
90.8053,S4,,0.498843,-0.626790,0.001303,0.004290,-0.013535,-0.044567,,
90.8153,S4,,0.498852,-0.626758,0.001196,0.003936,-0.012628,-0.041582,-54.4266,25.1558
90.8253,S4,,0.498862,-0.626727,0.001088,0.003582,-0.011722,-0.038597,,
90.8353,S4,,0.498871,-0.626695,0.000981,0.003228,-0.010816,-0.035613,,
90.8453,S4,,0.498881,-0.626664,0.000873,0.002874,-0.009910,-0.032628,,
90.8553,S4,,0.498891,-0.626632,0.000766,0.002520,-0.009004,-0.029643,,
90.8653,S4,,0.498900,-0.626600,0.000658,0.002166,-0.008098,-0.026659,-54.4319,25.1594
90.8753,S4,,0.498906,-0.626580,0.000582,0.001916,-0.007385,-0.024311,,
90.8853,S4,,0.498910,-0.626567,0.000527,0.001736,-0.006801,-0.022387,,
90.8953,S4,,0.498914,-0.626554,0.000473,0.001555,-0.006216,-0.020462,,
90.9053,S4,,0.498918,-0.626541,0.000418,0.001375,-0.005632,-0.018538,,
90.9153,S4,,0.498922,-0.626528,0.000363,0.001194,-0.005047,-0.016613,-54.4351,25.1622
90.9253,S4,,0.498926,-0.626515,0.000308,0.001014,-0.004463,-0.014689,,
90.9353,S4,,0.498930,-0.626502,0.000253,0.000833,-0.003878,-0.012764,,
90.9453,S4,,0.498933,-0.626493,0.000214,0.000705,-0.003426,-0.011274,,
90.9553,S4,,0.498934,-0.626489,0.000191,0.000629,-0.003104,-0.010216,,
90.9653,S4,,0.498935,-0.626485,0.000168,0.000553,-0.002783,-0.009158,-54.4374,25.1643
90.9753,S4,,0.498937,-0.626480,0.000145,0.000477,-0.002461,-0.008100,,
90.9853,S4,,0.498938,-0.626476,0.000122,0.000400,-0.002140,-0.007042,,
90.9953,S4,,0.498939,-0.626472,0.000099,0.000324,-0.001818,-0.005984,,
91.0053,S4,,0.498941,-0.626468,0.000075,0.000248,-0.001497,-0.004925,,
91.0153,S4,,0.498942,-0.626465,0.000059,0.000193,-0.001248,-0.004107,-54.4388,25.1659
91.0253,S4,,0.498942,-0.626464,0.000051,0.000169,-0.001109,-0.003648,,
91.0353,S4,,0.498942,-0.626463,0.000044,0.000145,-0.000969,-0.003188,,
91.0453,S4,,0.498942,-0.626462,0.000037,0.000121,-0.000829,-0.002729,,
91.0553,S4,,0.498943,-0.626461,0.000030,0.000098,-0.000690,-0.002269,,
91.0653,S4,,0.498943,-0.626460,0.000022,0.000074,-0.000550,-0.001810,-54.4394,25.1666
91.0753,S4,,0.498943,-0.626459,0.000015,0.000050,-0.000410,-0.001350,,
91.0853,S4,,0.498944,-0.626458,0.000010,0.000032,-0.000301,-0.000990,,
91.0953,S4,,0.498944,-0.626458,0.000008,0.000027,-0.000261,-0.000859,,
91.1053,S4,,0.498944,-0.626458,0.000007,0.000023,-0.000221,-0.000727,,
91.1153,S4,,0.498944,-0.626458,0.000006,0.000018,-0.000181,-0.000596,-54.4397,25.1670
91.1253,S4,,0.498944,-0.626457,0.000004,0.000014,-0.000141,-0.000465,,
91.1353,S4,,0.498944,-0.626457,0.000003,0.000010,-0.000102,-0.000334,,
91.1453,S4,,0.498944,-0.626457,0.000002,0.000005,-0.000062,-0.000203,,
91.1553,S4,,0.498944,-0.626457,0.000001,0.000002,-0.000029,-0.000096,,
91.1653,S4,,0.498944,-0.626457,0.000000,0.000001,-0.000025,-0.000082,-54.4398,25.1672
91.1753,S4,,0.498944,-0.626457,0.000000,0.000001,-0.000021,-0.000068,,
91.1853,S4,,0.498944,-0.626457,0.000000,0.000001,-0.000016,-0.000054,,
91.1953,S4,,0.498944,-0.626457,0.000000,0.000001,-0.000012,-0.000040,,
91.2053,S4,,0.498944,-0.626457,0.000000,0.000000,-0.000008,-0.000026,,
91.2153,S4,,0.498944,-0.626457,0.000000,0.000000,-0.000004,-0.000013,-54.4399,25.1672
91.2253,S4,,0.498944,-0.626457,0.000000,0.000000,-0.000000,-0.000000,,
91.2353,S4,,0.498944,-0.626457,0.000000,0.000000,-0.000000,-0.000000,,
91.2394,S4,,0.498944,-0.626457,0.000000,0.000000,0.000000,0.000000,-54.4399,25.1672
91.2494,S4,,0.498944,-0.626457,-0.000003,-0.000012,-0.000999,-0.003639,,
91.2594,S4,,0.498944,-0.626458,-0.000026,-0.000096,-0.003918,-0.014271,,
91.2694,S4,,0.498943,-0.626459,-0.000087,-0.000318,-0.008521,-0.031039,,
91.2794,S4,,0.498942,-0.626465,-0.000201,-0.000733,-0.014416,-0.052515,,
91.2894,S4,,0.498939,-0.626475,-0.000378,-0.001377,-0.021055,-0.076698,-50.3410,27.8783
91.2994,S4,,0.498934,-0.626492,-0.000573,-0.002086,-0.019908,-0.072521,,
91.3094,S4,,0.498927,-0.626517,-0.000781,-0.002844,-0.021632,-0.078800,,
91.3194,S4,,0.498919,-0.626549,-0.001002,-0.003652,-0.022550,-0.082143,,
91.3294,S4,,0.498907,-0.626590,-0.001228,-0.004475,-0.022437,-0.081733,,
91.3394,S4,,0.498894,-0.626639,-0.001448,-0.005276,-0.021351,-0.077777,-51.0850,28.0590
91.3494,S4,,0.498878,-0.626695,-0.001649,-0.006007,-0.018467,-0.067271,,
91.3594,S4,,0.498861,-0.626759,-0.001849,-0.006734,-0.018550,-0.067575,,
91.3694,S4,,0.498842,-0.626829,-0.002020,-0.007357,-0.020007,-0.072880,,
91.3794,S4,,0.498821,-0.626906,-0.002155,-0.007852,-0.005902,-0.021498,,
91.3894,S4,,0.498798,-0.626987,-0.002312,-0.008422,-0.013734,-0.050029,-53.9091,27.3510
91.3994,S4,,0.498774,-0.627074,-0.002491,-0.009074,-0.017220,-0.062729,,
91.4094,S4,,0.498748,-0.627169,-0.002696,-0.009822,-0.014231,-0.051842,,
91.4194,S4,,0.498721,-0.627270,-0.002852,-0.010390,-0.014039,-0.051142,,
91.4294,S4,,0.498691,-0.627377,-0.003006,-0.010952,-0.022111,-0.080546,,
91.4394,S4,,0.498660,-0.627490,-0.003233,-0.011775,-0.020013,-0.072903,-54.8360,28.4966
91.4494,S4,,0.498627,-0.627612,-0.003433,-0.012507,-0.021615,-0.078739,,
91.4594,S4,,0.498591,-0.627741,-0.003634,-0.013239,-0.018461,-0.067251,,
91.4694,S4,,0.498554,-0.627876,-0.003809,-0.013876,-0.013199,-0.048081,,
91.4794,S4,,0.498516,-0.628016,-0.003843,-0.014001,0.000248,0.000903,,
91.4894,S4,,0.498477,-0.628156,-0.003844,-0.014002,0.000531,0.001935,-60.3776,26.4877
91.4994,S4,,0.498439,-0.628296,-0.003844,-0.014004,0.000326,0.001188,,
91.5094,S4,,0.498400,-0.628436,-0.003845,-0.014005,0.000154,0.000560,,
91.5194,S4,,0.498362,-0.628576,-0.003845,-0.014005,0.000076,0.000277,,
91.5294,S4,,0.498324,-0.628716,-0.003845,-0.014005,0.000001,0.000003,,
91.5394,S4,,0.498285,-0.628857,-0.003844,-0.014004,0.000020,0.000072,-60.4131,26.6257
91.5494,S4,,0.498247,-0.628997,-0.003844,-0.014004,0.000040,0.000144,,
91.5594,S4,,0.498208,-0.629137,-0.003844,-0.014004,-0.000056,-0.000204,,
91.5694,S4,,0.498170,-0.629277,-0.003844,-0.014004,-0.000009,-0.000031,,
91.5794,S4,,0.498131,-0.629417,-0.003844,-0.014004,0.000004,0.000016,,
91.5894,S4,,0.498093,-0.629557,-0.003844,-0.014004,-0.000001,-0.000003,-60.5280,26.7034
91.5994,S4,,0.498054,-0.629697,-0.003844,-0.014004,-0.000003,-0.000010,,
91.6094,S4,,0.498016,-0.629837,-0.003844,-0.014004,0.000003,0.000011,,
91.6194,S4,,0.497978,-0.629977,-0.003844,-0.014004,-0.000004,-0.000014,,
91.6294,S4,,0.497939,-0.630117,-0.003844,-0.014004,-0.000002,-0.000009,,
91.6394,S4,,0.497901,-0.630257,-0.003844,-0.014004,0.000000,0.000001,-60.6399,26.7741
91.6494,S4,,0.497862,-0.630397,-0.003844,-0.014004,-0.000000,-0.000001,,
91.6594,S4,,0.497824,-0.630537,-0.003844,-0.014004,-0.000001,-0.000002,,
91.6694,S4,,0.497785,-0.630677,-0.003844,-0.014004,0.000000,0.000001,,
91.6794,S4,,0.497747,-0.630817,-0.003844,-0.014004,-0.000000,-0.000001,,
91.6894,S4,,0.497708,-0.630957,-0.003844,-0.014004,-0.000000,-0.000000,-60.7451,26.8404
91.6994,S4,,0.497670,-0.631097,-0.003844,-0.014004,-0.000000,-0.000000,,
91.7094,S4,,0.497632,-0.631237,-0.003844,-0.014004,-0.000000,-0.000000,,
91.7194,S4,,0.497593,-0.631377,-0.003844,-0.014004,-0.000000,-0.000000,,
91.7294,S4,,0.497555,-0.631517,-0.003844,-0.014004,-0.000000,-0.000000,,
91.7394,S4,,0.497516,-0.631657,-0.003844,-0.014004,-0.000000,-0.000000,-60.8438,26.9019
91.7494,S4,,0.497478,-0.631797,-0.003844,-0.014004,0.000000,0.000000,,
91.7594,S4,,0.497439,-0.631937,-0.003844,-0.014004,0.000000,0.000000,,
91.7694,S4,,0.497401,-0.632078,-0.003844,-0.014004,-0.000000,-0.000000,,
91.7794,S4,,0.497362,-0.632218,-0.003844,-0.014004,-0.000000,-0.000000,,
91.7894,S4,,0.497324,-0.632358,-0.003844,-0.014004,-0.000000,-0.000000,-60.9359,26.9587
91.7994,S4,,0.497286,-0.632498,-0.003844,-0.014004,0.000000,0.000000,,
91.8094,S4,,0.497247,-0.632638,-0.003844,-0.014004,0.000000,0.000000,,
91.8194,S4,,0.497209,-0.632778,-0.003844,-0.014004,0.000000,0.000000,,
91.8294,S4,,0.497170,-0.632918,-0.003844,-0.014004,-0.000000,-0.000000,,
91.8394,S4,,0.497132,-0.633058,-0.003844,-0.014004,-0.000000,-0.000000,-61.0214,27.0108
91.8494,S4,,0.497093,-0.633198,-0.003844,-0.014004,-0.000000,-0.000000,,
91.8594,S4,,0.497055,-0.633338,-0.003844,-0.014004,-0.000000,-0.000000,,
91.8694,S4,,0.497016,-0.633478,-0.003844,-0.014004,0.000000,0.000000,,
91.8794,S4,,0.496978,-0.633618,-0.003844,-0.014004,0.000000,0.000000,,
91.8894,S4,,0.496940,-0.633758,-0.003844,-0.014004,0.000000,0.000000,-61.1002,27.0582
91.8994,S4,,0.496901,-0.633898,-0.003844,-0.014004,-0.000000,-0.000000,,
91.9094,S4,,0.496863,-0.634038,-0.003844,-0.014004,-0.000000,-0.000000,,
91.9194,S4,,0.496824,-0.634178,-0.003844,-0.014004,-0.000000,-0.000000,,
91.9294,S4,,0.496786,-0.634318,-0.003844,-0.014004,0.000000,0.000000,,
91.9394,S4,,0.496747,-0.634458,-0.003844,-0.014004,0.000000,0.000000,-61.1722,27.1010
91.9494,S4,,0.496709,-0.634598,-0.003844,-0.014004,0.000000,0.000000,,
91.9594,S4,,0.496670,-0.634738,-0.003844,-0.014004,0.000000,0.000000,,
91.9694,S4,,0.496632,-0.634878,-0.003844,-0.014004,-0.000000,-0.000000,,
91.9794,S4,,0.496594,-0.635018,-0.003844,-0.014004,-0.000000,-0.000000,,
91.9894,S4,,0.496555,-0.635158,-0.003844,-0.014004,-0.000000,-0.000000,-61.2375,27.1390
91.9994,S4,,0.496517,-0.635299,-0.003844,-0.014004,0.000000,0.000000,,
92.0094,S4,,0.496478,-0.635439,-0.003844,-0.014004,0.000000,0.000000,,
92.0194,S4,,0.496440,-0.635579,-0.003844,-0.014004,0.000000,0.000000,,
92.0294,S4,,0.496401,-0.635719,-0.003844,-0.014004,-0.000000,-0.000000,,
92.0394,S4,,0.496363,-0.635859,-0.003844,-0.014004,-0.000000,-0.000000,-61.2959,27.1724
92.0494,S4,,0.496324,-0.635999,-0.003844,-0.014004,-0.000000,-0.000000,,
92.0594,S4,,0.496286,-0.636139,-0.003844,-0.014004,0.000000,-0.000000,,
92.0694,S4,,0.496248,-0.636279,-0.003844,-0.014004,0.000000,0.000000,,
92.0794,S4,,0.496209,-0.636419,-0.003844,-0.014004,0.000000,0.000000,,
92.0894,S4,,0.496171,-0.636559,-0.003844,-0.014004,-0.000000,0.000000,-61.3475,27.2010
92.0994,S4,,0.496132,-0.636699,-0.003844,-0.014004,-0.000000,-0.000000,,
92.1094,S4,,0.496094,-0.636839,-0.003844,-0.014004,-0.000000,-0.000000,,
92.1194,S4,,0.496055,-0.636979,-0.003844,-0.014004,-0.000000,-0.000000,,
92.1294,S4,,0.496017,-0.637119,-0.003844,-0.014004,0.000000,-0.000000,,
92.1394,S4,,0.495979,-0.637259,-0.003844,-0.014004,0.000000,-0.000000,-61.3921,27.2250
92.1494,S4,,0.495940,-0.637399,-0.003844,-0.014004,0.000000,0.000000,,
92.1594,S4,,0.495902,-0.637539,-0.003844,-0.014004,0.000000,0.000000,,
92.1694,S4,,0.495863,-0.637679,-0.003844,-0.014004,-0.000000,0.000000,,
92.1794,S4,,0.495825,-0.637819,-0.003844,-0.014004,-0.000000,0.000000,,
92.1894,S4,,0.495786,-0.637959,-0.003844,-0.014004,-0.000000,0.000000,-61.4298,27.2442
92.1994,S4,,0.495748,-0.638099,-0.003844,-0.014004,-0.000000,0.000000,,
92.2094,S4,,0.495709,-0.638239,-0.003844,-0.014004,0.000000,-0.000000,,
92.2194,S4,,0.495671,-0.638379,-0.003844,-0.014004,0.000000,-0.000000,,
92.2294,S4,,0.495633,-0.638520,-0.003844,-0.014004,0.000000,-0.000000,,
92.2394,S4,,0.495594,-0.638660,-0.003844,-0.014004,0.000000,-0.000000,-61.4604,27.2588
92.2494,S4,,0.495556,-0.638800,-0.003844,-0.014004,-0.000000,0.000000,,
92.2594,S4,,0.495517,-0.638940,-0.003844,-0.014004,-0.000000,0.000000,,
92.2694,S4,,0.495479,-0.639080,-0.003844,-0.014004,-0.000000,0.000000,,
92.2794,S4,,0.495440,-0.639220,-0.003844,-0.014004,-0.000000,0.000000,,
92.2894,S4,,0.495402,-0.639360,-0.003844,-0.014004,0.000000,-0.000000,-61.4841,27.2687
92.2994,S4,,0.495363,-0.639500,-0.003844,-0.014004,0.000000,-0.000000,,
92.3094,S4,,0.495325,-0.639640,-0.003844,-0.014004,0.000000,-0.000000,,
92.3194,S4,,0.495287,-0.639780,-0.003844,-0.014004,0.000000,0.000000,,
92.3294,S4,,0.495248,-0.639920,-0.003844,-0.014004,-0.000000,0.000000,,
92.3394,S4,,0.495210,-0.640060,-0.003844,-0.014004,-0.000000,0.000000,-61.5007,27.2740
92.3494,S4,,0.495171,-0.640200,-0.003844,-0.014004,-0.000000,0.000000,,
92.3594,S4,,0.495133,-0.640340,-0.003844,-0.014004,-0.000000,0.000000,,
92.3694,S4,,0.495094,-0.640480,-0.003844,-0.014004,0.000000,-0.000000,,
92.3794,S4,,0.495056,-0.640620,-0.003844,-0.014004,0.000000,-0.000000,,
92.3894,S4,,0.495017,-0.640760,-0.003844,-0.014004,0.000000,-0.000000,-61.5102,27.2746
92.3994,S4,,0.494979,-0.640900,-0.003844,-0.014004,0.000000,-0.000000,,
92.4094,S4,,0.494941,-0.641040,-0.003844,-0.014004,-0.000000,-0.000000,,
92.4194,S4,,0.494902,-0.641180,-0.003844,-0.014004,-0.000000,0.000000,,
92.4294,S4,,0.494864,-0.641320,-0.003844,-0.014004,-0.000000,0.000000,,
92.4394,S4,,0.494825,-0.641460,-0.003844,-0.014004,-0.000000,0.000000,-61.5127,27.2706
92.4494,S4,,0.494787,-0.641600,-0.003844,-0.014004,0.000000,0.000000,,
92.4594,S4,,0.494748,-0.641741,-0.003844,-0.014004,0.000000,-0.000000,,
92.4694,S4,,0.494710,-0.641881,-0.003844,-0.014004,0.000000,-0.000000,,
92.4794,S4,,0.494671,-0.642021,-0.003844,-0.014004,0.000000,-0.000000,,
92.4894,S4,,0.494633,-0.642161,-0.003844,-0.014004,0.000000,0.000000,-61.5080,27.2619
92.4994,S4,,0.494595,-0.642301,-0.003844,-0.014004,-0.000000,0.000000,,
92.5094,S4,,0.494556,-0.642441,-0.003844,-0.014004,-0.000000,0.000000,,
92.5194,S4,,0.494518,-0.642581,-0.003844,-0.014004,-0.000000,0.000000,,
92.5294,S4,,0.494479,-0.642721,-0.003844,-0.014004,-0.000000,0.000000,,
92.5394,S4,,0.494441,-0.642861,-0.003844,-0.014004,0.000000,-0.000000,-61.4961,27.2486
92.5494,S4,,0.494402,-0.643001,-0.003844,-0.014004,0.000000,-0.000000,,
92.5594,S4,,0.494364,-0.643141,-0.003844,-0.014004,0.000000,-0.000000,,
92.5694,S4,,0.494325,-0.643281,-0.003844,-0.014004,0.000000,-0.000000,,
92.5794,S4,,0.494287,-0.643421,-0.003844,-0.014004,-0.000000,-0.000000,,
92.5894,S4,,0.494249,-0.643561,-0.003844,-0.014004,-0.000000,0.000000,-61.4771,27.2308
92.5994,S4,,0.494210,-0.643701,-0.003844,-0.014004,-0.000000,0.000000,,
92.6094,S4,,0.494172,-0.643841,-0.003844,-0.014004,-0.000000,0.000000,,
92.6194,S4,,0.494133,-0.643981,-0.003844,-0.014004,0.000000,0.000000,,
92.6294,S4,,0.494095,-0.644121,-0.003844,-0.014004,0.000000,0.000000,,
92.6394,S4,,0.494056,-0.644261,-0.003844,-0.014004,0.000000,-0.000000,-61.4509,27.2084
92.6494,S4,,0.494018,-0.644401,-0.003844,-0.014004,-0.000000,-0.000000,,
92.6594,S4,,0.493979,-0.644541,-0.003844,-0.014004,-0.000000,-0.000000,,
92.6694,S4,,0.493941,-0.644681,-0.003844,-0.014004,-0.000000,-0.000000,,
92.6794,S4,,0.493903,-0.644821,-0.003844,-0.014004,0.000000,0.000000,,
92.6894,S4,,0.493864,-0.644962,-0.003844,-0.014004,0.000000,0.000000,-61.4175,27.1814
92.6994,S4,,0.493826,-0.645102,-0.003844,-0.014004,0.000000,0.000000,,
92.7094,S4,,0.493787,-0.645242,-0.003844,-0.014004,-0.000000,-0.000000,,
92.7194,S4,,0.493749,-0.645382,-0.003844,-0.014004,-0.000000,-0.000000,,
92.7294,S4,,0.493710,-0.645522,-0.003844,-0.014004,-0.000000,-0.000000,,
92.7394,S4,,0.493672,-0.645662,-0.003844,-0.014004,0.000000,0.000000,-61.3770,27.1499
92.7494,S4,,0.493633,-0.645802,-0.003844,-0.014004,0.000000,0.000000,,
92.7594,S4,,0.493595,-0.645942,-0.003844,-0.014004,0.000000,0.000000,,
92.7694,S4,,0.493557,-0.646082,-0.003844,-0.014004,0.000000,0.000000,,
92.7794,S4,,0.493518,-0.646222,-0.003844,-0.014004,-0.000000,-0.000000,,
92.7894,S4,,0.493480,-0.646362,-0.003844,-0.014004,-0.000000,-0.000000,-61.3292,27.1139
92.7994,S4,,0.493441,-0.646502,-0.003844,-0.014004,-0.000000,-0.000000,,
92.8094,S4,,0.493403,-0.646642,-0.003844,-0.014004,0.000000,0.000000,,
92.8194,S4,,0.493364,-0.646782,-0.003844,-0.014004,0.000000,0.000000,,
92.8294,S4,,0.493326,-0.646922,-0.003844,-0.014004,0.000000,0.000000,,
92.8394,S4,,0.493287,-0.647062,-0.003844,-0.014004,-0.000000,-0.000000,-61.2742,27.0734
92.8494,S4,,0.493249,-0.647202,-0.003844,-0.014004,-0.000000,-0.000000,,
92.8594,S4,,0.493211,-0.647342,-0.003844,-0.014004,-0.000000,-0.000000,,
92.8694,S4,,0.493172,-0.647482,-0.003844,-0.014004,-0.000000,-0.000000,,
92.8794,S4,,0.493134,-0.647622,-0.003844,-0.014004,0.000000,0.000000,,
92.8894,S4,,0.493095,-0.647762,-0.003844,-0.014004,0.000000,0.000000,-61.2120,27.0285
92.8994,S4,,0.493057,-0.647902,-0.003844,-0.014004,0.000000,0.000000,,
92.9094,S4,,0.493018,-0.648042,-0.003844,-0.014004,-0.000000,-0.000000,,
92.9194,S4,,0.492980,-0.648183,-0.003844,-0.014004,-0.000000,-0.000000,,
92.9294,S4,,0.492941,-0.648323,-0.003844,-0.014004,-0.000000,-0.000000,,
92.9394,S4,,0.492903,-0.648463,-0.003844,-0.014004,0.000000,0.000000,-61.1426,26.9791
92.9494,S4,,0.492865,-0.648603,-0.003844,-0.014004,0.000000,0.000000,,
92.9594,S4,,0.492826,-0.648743,-0.003844,-0.014004,-0.000000,-0.000000,,
92.9694,S4,,0.492788,-0.648883,-0.003844,-0.014004,-0.000000,-0.000000,,
92.9794,S4,,0.492749,-0.649023,-0.003844,-0.014004,0.000000,0.000000,,
92.9894,S4,,0.492711,-0.649163,-0.003844,-0.014004,0.000000,0.000000,-61.0660,26.9253
92.9994,S4,,0.492672,-0.649303,-0.003844,-0.014004,-0.000000,-0.000000,,
93.0094,S4,,0.492634,-0.649443,-0.003844,-0.014004,-0.000000,-0.000000,,
93.0194,S4,,0.492595,-0.649583,-0.003844,-0.014004,0.000000,0.000000,,
93.0294,S4,,0.492557,-0.649723,-0.003844,-0.014004,0.000000,0.000000,,
93.0394,S4,,0.492519,-0.649863,-0.003844,-0.014004,-0.000000,-0.000000,-60.9822,26.8672
93.0494,S4,,0.492480,-0.650003,-0.003844,-0.014004,0.000000,0.000000,,
93.0594,S4,,0.492442,-0.650143,-0.003844,-0.014004,0.000000,0.000000,,
93.0694,S4,,0.492403,-0.650283,-0.003844,-0.014004,-0.000001,-0.000003,,
93.0794,S4,,0.492365,-0.650423,-0.003844,-0.014004,0.000001,0.000003,,
93.0894,S4,,0.492326,-0.650563,-0.003844,-0.014004,0.000001,0.000002,-60.8911,26.8048
93.0994,S4,,0.492288,-0.650703,-0.003844,-0.014004,0.000000,0.000000,,
93.1094,S4,,0.492249,-0.650843,-0.003844,-0.014004,0.000001,0.000003,,
93.1194,S4,,0.492211,-0.650983,-0.003844,-0.014004,0.000002,0.000008,,
93.1294,S4,,0.492173,-0.651123,-0.003844,-0.014004,-0.000003,-0.000011,,
93.1394,S4,,0.492134,-0.651264,-0.003844,-0.014004,0.000012,0.000044,-60.7915,26.7394
93.1494,S4,,0.492096,-0.651404,-0.003844,-0.014004,0.000007,0.000025,,
93.1594,S4,,0.492057,-0.651544,-0.003844,-0.014004,0.000001,0.000005,,
93.1694,S4,,0.492019,-0.651684,-0.003844,-0.014004,0.000015,0.000053,,
93.1794,S4,,0.491980,-0.651824,-0.003844,-0.014004,0.000034,0.000125,,
93.1894,S4,,0.491942,-0.651964,-0.003844,-0.014004,0.000054,0.000195,-60.6803,26.6734
93.1994,S4,,0.491903,-0.652104,-0.003844,-0.014005,0.000061,0.000224,,
93.2094,S4,,0.491865,-0.652244,-0.003845,-0.014005,0.000079,0.000287,,
93.2194,S4,,0.491827,-0.652384,-0.003845,-0.014005,0.000005,0.000016,,
93.2294,S4,,0.491788,-0.652524,-0.003844,-0.014005,0.000043,0.000158,,
93.2394,S4,,0.491750,-0.652664,-0.003844,-0.014002,0.000515,0.001877,-60.4983,26.6573
93.2494,S4,,0.491711,-0.652804,-0.003844,-0.014004,0.000739,0.002692,,
93.2594,S4,,0.491673,-0.652944,-0.003844,-0.014002,-0.000493,-0.001795,,
93.2694,S4,,0.491635,-0.653082,-0.003705,-0.013495,0.020124,0.073306,,
93.2794,S4,,0.491599,-0.653213,-0.003505,-0.012768,0.019214,0.069993,,
93.2894,S4,,0.491565,-0.653337,-0.003302,-0.012027,0.021789,0.079374,-55.6188,29.1423
93.2994,S4,,0.491533,-0.653454,-0.003091,-0.011259,0.023565,0.085841,,
93.3094,S4,,0.491503,-0.653563,-0.002915,-0.010620,0.022063,0.080372,,
93.3194,S4,,0.491475,-0.653666,-0.002752,-0.010023,0.017479,0.063671,,
93.3294,S4,,0.491448,-0.653763,-0.002559,-0.009321,0.021583,0.078621,,
93.3394,S4,,0.491423,-0.653852,-0.002367,-0.008623,0.021277,0.077509,-53.4413,28.7080
93.3494,S4,,0.491401,-0.653936,-0.002208,-0.008043,0.018537,0.067526,,
93.3594,S4,,0.491379,-0.654014,-0.002083,-0.007587,0.015920,0.057992,,
93.3694,S4,,0.491359,-0.654086,-0.001910,-0.006957,0.016266,0.059254,,
93.3794,S4,,0.491341,-0.654153,-0.001717,-0.006255,0.021741,0.079199,,
93.3894,S4,,0.491325,-0.654212,-0.001522,-0.005544,0.020534,0.074801,-52.1467,28.3778
93.3994,S4,,0.491311,-0.654263,-0.001306,-0.004759,0.022109,0.080539,,
93.4094,S4,,0.491299,-0.654307,-0.001082,-0.003940,0.022639,0.082471,,
93.4194,S4,,0.491289,-0.654342,-0.000857,-0.003123,0.022056,0.080347,,
93.4294,S4,,0.491282,-0.654369,-0.000644,-0.002344,0.020591,0.075008,,
93.4394,S4,,0.491276,-0.654389,-0.000448,-0.001631,0.018456,0.067231,-51.6105,27.9291
93.4494,S4,,0.491273,-0.654402,-0.000256,-0.000931,0.016691,0.060803,,
93.4594,S4,,0.491271,-0.654409,-0.000121,-0.000439,0.010465,0.038121,,
93.4694,S4,,0.491270,-0.654411,-0.000043,-0.000155,0.005356,0.019511,,
93.4794,S4,,0.491270,-0.654412,-0.000008,-0.000030,0.001812,0.006602,,
93.4894,S4,,0.491270,-0.654412,-0.000000,-0.000001,0.000123,0.000450,-54.6126,25.2749
93.4929,S4,,0.491270,-0.654412,-0.000000,-0.000000,0.000000,-0.000000,-54.6334,25.2571
93.5029,S4,,0.491270,-0.654412,-0.000000,-0.000000,-0.000002,-0.000007,,
93.5129,S4,,0.491270,-0.654412,-0.000000,-0.000000,-0.000004,-0.000014,,
93.5229,S4,,0.491270,-0.654412,-0.000000,-0.000000,-0.000006,-0.000021,,
93.5329,S4,,0.491270,-0.654412,-0.000000,-0.000000,-0.000008,-0.000028,,
93.5429,S4,,0.491270,-0.654412,-0.000000,-0.000001,-0.000010,-0.000035,-54.6334,25.2571
93.5529,S4,,0.491270,-0.654412,-0.000000,-0.000001,-0.000012,-0.000042,,
93.5629,S4,,0.491270,-0.654412,-0.000000,-0.000001,-0.000014,-0.000049,,
93.5729,S4,,0.491270,-0.654412,-0.000001,-0.000003,-0.000036,-0.000120,,
93.5829,S4,,0.491270,-0.654412,-0.000002,-0.000006,-0.000065,-0.000219,,
93.5929,S4,,0.491270,-0.654412,-0.000003,-0.000009,-0.000094,-0.000318,-54.6333,25.2570
93.6029,S4,,0.491270,-0.654413,-0.000004,-0.000012,-0.000123,-0.000416,,
93.6129,S4,,0.491270,-0.654413,-0.000004,-0.000015,-0.000152,-0.000515,,
93.6229,S4,,0.491270,-0.654413,-0.000005,-0.000018,-0.000181,-0.000613,,
93.6329,S4,,0.491270,-0.654413,-0.000006,-0.000021,-0.000210,-0.000712,,
93.6429,S4,,0.491269,-0.654413,-0.000009,-0.000031,-0.000275,-0.000931,-54.6331,25.2568
93.6529,S4,,0.491269,-0.654414,-0.000015,-0.000050,-0.000391,-0.001327,,
93.6629,S4,,0.491269,-0.654415,-0.000021,-0.000070,-0.000508,-0.001722,,
93.6729,S4,,0.491269,-0.654415,-0.000026,-0.000089,-0.000624,-0.002117,,
93.6829,S4,,0.491269,-0.654416,-0.000032,-0.000109,-0.000741,-0.002512,,
93.6929,S4,,0.491268,-0.654417,-0.000038,-0.000128,-0.000857,-0.002908,-54.6325,25.2561
93.7029,S4,,0.491268,-0.654418,-0.000044,-0.000148,-0.000974,-0.003303,,
93.7129,S4,,0.491268,-0.654419,-0.000051,-0.000173,-0.001109,-0.003762,,
93.7229,S4,,0.491267,-0.654423,-0.000071,-0.000240,-0.001395,-0.004731,,
93.7329,S4,,0.491266,-0.654426,-0.000091,-0.000308,-0.001681,-0.005701,,
93.7429,S4,,0.491265,-0.654430,-0.000111,-0.000375,-0.001967,-0.006671,-54.6312,25.2549
93.7529,S4,,0.491263,-0.654434,-0.000131,-0.000443,-0.002252,-0.007640,,
93.7629,S4,,0.491262,-0.654437,-0.000151,-0.000511,-0.002538,-0.008610,,
93.7729,S4,,0.491261,-0.654441,-0.000170,-0.000578,-0.002824,-0.009580,,
93.7829,S4,,0.491260,-0.654445,-0.000190,-0.000646,-0.003110,-0.010549,,
93.7929,S4,,0.491257,-0.654455,-0.000234,-0.000795,-0.003602,-0.012218,-54.6294,25.2531
93.8029,S4,,0.491254,-0.654467,-0.000284,-0.000963,-0.004140,-0.014045,,
93.8129,S4,,0.491250,-0.654479,-0.000333,-0.001131,-0.004678,-0.015872,,
93.8229,S4,,0.491247,-0.654491,-0.000383,-0.001299,-0.005217,-0.017699,,
93.8329,S4,,0.491243,-0.654503,-0.000432,-0.001467,-0.005755,-0.019526,,
93.8429,S4,,0.491240,-0.654515,-0.000482,-0.001635,-0.006294,-0.021353,-54.6261,25.2503
93.8529,S4,,0.491236,-0.654526,-0.000531,-0.001803,-0.006832,-0.023180,,
93.8629,S4,,0.491230,-0.654548,-0.000607,-0.002060,-0.007533,-0.025561,,
93.8729,S4,,0.491221,-0.654578,-0.000707,-0.002399,-0.008386,-0.028455,,
93.8829,S4,,0.491212,-0.654608,-0.000807,-0.002738,-0.009238,-0.031349,,
93.8929,S4,,0.491203,-0.654637,-0.000907,-0.003077,-0.010091,-0.034243,-54.6210,25.2468
93.9029,S4,,0.491194,-0.654667,-0.001007,-0.003417,-0.010943,-0.037137,,
93.9129,S4,,0.491186,-0.654697,-0.001107,-0.003756,-0.011796,-0.040031,,
93.9229,S4,,0.491177,-0.654727,-0.001207,-0.004095,-0.012648,-0.042926,,
93.9329,S4,,0.491166,-0.654765,-0.001324,-0.004491,-0.013573,-0.046067,,
93.9429,S4,,0.491147,-0.654828,-0.001498,-0.005082,-0.014753,-0.050077,-54.6145,25.2429
93.9529,S4,,0.491128,-0.654891,-0.001672,-0.005674,-0.015933,-0.054087,,
93.9629,S4,,0.491110,-0.654955,-0.001846,-0.006265,-0.017113,-0.058096,,
93.9729,S4,,0.491091,-0.655018,-0.002021,-0.006857,-0.018293,-0.062106,,
93.9829,S4,,0.491072,-0.655082,-0.002195,-0.007449,-0.019473,-0.066116,,
93.9929,S4,,0.491054,-0.655145,-0.002369,-0.008040,-0.020653,-0.070125,-54.6054,25.2386
94.0029,S4,,0.491035,-0.655208,-0.002543,-0.008632,-0.021833,-0.074135,,
94.0129,S4,,0.491001,-0.655322,-0.002807,-0.009527,-0.023260,-0.078990,,
94.0229,S4,,0.490967,-0.655441,-0.003078,-0.010446,-0.024706,-0.083913,,
94.0329,S4,,0.490932,-0.655559,-0.003348,-0.011366,-0.026153,-0.088835,,
94.0429,S4,,0.490897,-0.655677,-0.003619,-0.012286,-0.027599,-0.093758,-54.5930,25.2351
94.0529,S4,,0.490862,-0.655795,-0.003890,-0.013205,-0.029046,-0.098680,,
94.0629,S4,,0.490827,-0.655913,-0.004160,-0.014125,-0.030492,-0.103603,,
94.0729,S4,,0.490793,-0.656031,-0.004431,-0.015044,-0.031938,-0.108526,,
94.0829,S4,,0.490743,-0.656200,-0.004772,-0.016201,-0.033451,-0.113683,,
94.0929,S4,,0.490684,-0.656399,-0.005153,-0.017498,-0.035003,-0.118979,-54.5783,25.2328
94.1029,S4,,0.490626,-0.656598,-0.005534,-0.018795,-0.036555,-0.124276,,
94.1129,S4,,0.490567,-0.656796,-0.005916,-0.020092,-0.038107,-0.129572,,
94.1229,S4,,0.490509,-0.656995,-0.006297,-0.021389,-0.039659,-0.134868,,
94.1329,S4,,0.490450,-0.657194,-0.006679,-0.022686,-0.041212,-0.140164,,
94.1429,S4,,0.490392,-0.657393,-0.007060,-0.023982,-0.042764,-0.145460,-54.5604,25.2326
94.1529,S4,,0.490323,-0.657628,-0.007478,-0.025403,-0.044256,-0.150564,,
94.1629,S4,,0.490232,-0.657935,-0.007968,-0.027073,-0.045631,-0.155283,,
94.1729,S4,,0.490142,-0.658242,-0.008459,-0.028742,-0.047005,-0.160003,,
94.1829,S4,,0.490051,-0.658550,-0.008949,-0.030411,-0.048380,-0.164722,,
94.1929,S4,,0.489961,-0.658857,-0.009439,-0.032081,-0.049755,-0.169441,-54.5384,25.2378
94.2029,S4,,0.489870,-0.659164,-0.009930,-0.033750,-0.051129,-0.174160,,
94.2129,S4,,0.489780,-0.659471,-0.010420,-0.035419,-0.052504,-0.178879,,
94.2229,S4,,0.489688,-0.659784,-0.010913,-0.037099,-0.053856,-0.183525,,
94.2329,S4,,0.489559,-0.660224,-0.011485,-0.039050,-0.054631,-0.186249,,
94.2429,S4,,0.489429,-0.660664,-0.012057,-0.041001,-0.055407,-0.188973,-54.5141,25.2477
94.2529,S4,,0.489300,-0.661104,-0.012629,-0.042952,-0.056182,-0.191697,,
94.2629,S4,,0.489170,-0.661545,-0.013200,-0.044903,-0.056957,-0.194421,,
94.2729,S4,,0.489041,-0.661985,-0.013772,-0.046854,-0.057732,-0.197146,,
94.2829,S4,,0.488912,-0.662425,-0.014344,-0.048805,-0.058508,-0.199870,,
94.2929,S4,,0.488782,-0.662865,-0.014916,-0.050756,-0.059283,-0.202594,-54.4875,25.2634
94.3029,S4,,0.488621,-0.663414,-0.015501,-0.052759,-0.059192,-0.202420,,
94.3129,S4,,0.488449,-0.664001,-0.016090,-0.054779,-0.058798,-0.201231,,
94.3229,S4,,0.488276,-0.664588,-0.016680,-0.056799,-0.058404,-0.200042,,
94.3329,S4,,0.488104,-0.665175,-0.017269,-0.058819,-0.058010,-0.198853,,
94.3429,S4,,0.487932,-0.665761,-0.017859,-0.060840,-0.057615,-0.197663,-54.4589,25.2923
94.3529,S4,,0.487759,-0.666348,-0.018449,-0.062860,-0.057221,-0.196474,,
94.3629,S4,,0.487587,-0.666935,-0.019038,-0.064880,-0.056827,-0.195285,,
94.3729,S4,,0.487397,-0.667584,-0.019587,-0.066766,-0.055593,-0.191281,,
94.3829,S4,,0.487184,-0.668310,-0.020083,-0.068485,-0.053309,-0.183755,,
94.3929,S4,,0.486971,-0.669036,-0.020580,-0.070203,-0.051026,-0.176229,-54.4310,25.3307
94.4029,S4,,0.486758,-0.669762,-0.021077,-0.071922,-0.048742,-0.168703,,
94.4129,S4,,0.486546,-0.670488,-0.021573,-0.073640,-0.046458,-0.161177,,
94.4229,S4,,0.486333,-0.671214,-0.022070,-0.075359,-0.044174,-0.153651,,
94.4329,S4,,0.486120,-0.671940,-0.022567,-0.077077,-0.041890,-0.146125,,
94.4429,S4,,0.485903,-0.672680,-0.023025,-0.078668,-0.039199,-0.137233,-54.4041,25.3789
94.4529,S4,,0.485662,-0.673504,-0.023260,-0.079519,-0.034163,-0.120467,,
94.4629,S4,,0.485422,-0.674328,-0.023496,-0.080370,-0.029127,-0.103701,,
94.4729,S4,,0.485181,-0.675152,-0.023731,-0.081222,-0.024091,-0.086935,,
94.4829,S4,,0.484940,-0.675976,-0.023966,-0.082073,-0.019055,-0.070169,,
94.4929,S4,,0.484700,-0.676800,-0.024202,-0.082924,-0.014019,-0.053403,-54.3848,25.4481
94.5029,S4,,0.484459,-0.677624,-0.024437,-0.083776,-0.008983,-0.036637,,
94.5129,S4,,0.484218,-0.678448,-0.024672,-0.084627,-0.003947,-0.019871,,
94.5229,S4,,0.483975,-0.679284,-0.024610,-0.084490,-0.001118,-0.010564,,
94.5329,S4,,0.483731,-0.680124,-0.024496,-0.084180,0.001325,-0.002557,,
94.5429,S4,,0.483487,-0.680963,-0.024382,-0.083871,0.003768,0.005449,-54.3577,25.5086
94.5529,S4,,0.483243,-0.681802,-0.024268,-0.083561,0.006211,0.013455,,
94.5629,S4,,0.483000,-0.682641,-0.024155,-0.083252,0.008655,0.021461,,
94.5729,S4,,0.482756,-0.683480,-0.024041,-0.082942,0.011098,0.029467,,
94.5829,S4,,0.482512,-0.684319,-0.023927,-0.082633,0.013541,0.037473,,
94.5929,S4,,0.482274,-0.685143,-0.023804,-0.082303,0.014271,0.039694,-54.3234,25.5601
94.6029,S4,,0.482040,-0.685954,-0.023674,-0.081957,0.013629,0.037278,,
94.6129,S4,,0.481806,-0.686765,-0.023544,-0.081610,0.012986,0.034863,,
94.6229,S4,,0.481573,-0.687576,-0.023414,-0.081264,0.012343,0.032447,,
94.6329,S4,,0.481339,-0.688388,-0.023284,-0.080918,0.011700,0.030032,,
94.6429,S4,,0.481105,-0.689199,-0.023155,-0.080572,0.011057,0.027617,-54.2776,25.5931
94.6529,S4,,0.480871,-0.690010,-0.023025,-0.080226,0.010415,0.025201,,
94.6629,S4,,0.480639,-0.690817,-0.022919,-0.079966,0.009424,0.021606,,
94.6729,S4,,0.480412,-0.691614,-0.022883,-0.079955,0.007436,0.014634,,
94.6829,S4,,0.480185,-0.692410,-0.022847,-0.079944,0.005449,0.007662,,
94.6929,S4,,0.479958,-0.693206,-0.022810,-0.079932,0.003462,0.000690,-54.2282,25.6198
94.7029,S4,,0.479731,-0.694002,-0.022774,-0.079921,0.001475,-0.006282,,
94.7129,S4,,0.479504,-0.694798,-0.022738,-0.079910,-0.000513,-0.013254,,
94.7229,S4,,0.479277,-0.695595,-0.022702,-0.079899,-0.002500,-0.020226,,
94.7329,S4,,0.479050,-0.696391,-0.022666,-0.079888,-0.004487,-0.027198,,
94.7429,S4,,0.478819,-0.697209,-0.022827,-0.080562,-0.008126,-0.039759,-54.1753,25.6412
94.7529,S4,,0.478588,-0.698028,-0.022996,-0.081264,-0.011828,-0.052537,,
94.7629,S4,,0.478356,-0.698846,-0.023165,-0.081966,-0.015531,-0.065315,,
94.7729,S4,,0.478125,-0.699665,-0.023335,-0.082667,-0.019234,-0.078093,,
94.7829,S4,,0.477894,-0.700484,-0.023504,-0.083369,-0.022937,-0.090871,,
94.7929,S4,,0.477663,-0.701303,-0.023673,-0.084071,-0.026640,-0.103649,-54.1152,25.6541
94.8029,S4,,0.477432,-0.702122,-0.023842,-0.084772,-0.030343,-0.116427,,
94.8129,S4,,0.477185,-0.702999,-0.024197,-0.086116,-0.033008,-0.125722,,
94.8229,S4,,0.476931,-0.703907,-0.024646,-0.087783,-0.035153,-0.133272,,
94.8329,S4,,0.476676,-0.704814,-0.025095,-0.089449,-0.037297,-0.140821,,
94.8429,S4,,0.476422,-0.705722,-0.025543,-0.091115,-0.039442,-0.148371,-54.0576,25.6769
94.8529,S4,,0.476168,-0.706629,-0.025992,-0.092781,-0.041587,-0.155920,,
94.8629,S4,,0.475913,-0.707536,-0.026441,-0.094448,-0.043732,-0.163470,,
94.8729,S4,,0.475659,-0.708444,-0.026889,-0.096114,-0.045876,-0.171020,,
94.8829,S4,,0.475392,-0.709397,-0.027329,-0.097760,-0.046707,-0.174146,,
94.8929,S4,,0.475104,-0.710430,-0.027754,-0.099372,-0.045297,-0.169738,-54.0036,25.7108
94.9029,S4,,0.474816,-0.711462,-0.028180,-0.100983,-0.043887,-0.165329,,
94.9129,S4,,0.474529,-0.712495,-0.028605,-0.102595,-0.042478,-0.160920,,
94.9229,S4,,0.474241,-0.713527,-0.029030,-0.104207,-0.041068,-0.156512,,
94.9329,S4,,0.473953,-0.714559,-0.029455,-0.105818,-0.039659,-0.152103,,
94.9429,S4,,0.473665,-0.715592,-0.029881,-0.107430,-0.038249,-0.147694,-53.9573,25.7650
94.9529,S4,,0.473375,-0.716632,-0.030296,-0.109011,-0.036782,-0.143094,,
94.9629,S4,,0.473061,-0.717768,-0.030591,-0.110209,-0.034597,-0.136088,,
94.9729,S4,,0.472746,-0.718904,-0.030886,-0.111406,-0.032412,-0.129082,,
94.9829,S4,,0.472432,-0.720040,-0.031181,-0.112603,-0.030226,-0.122076,,
94.9929,S4,,0.472117,-0.721176,-0.031475,-0.113800,-0.028041,-0.115070,-53.9098,25.8270
95.0029,S4,,0.471803,-0.722312,-0.031770,-0.114998,-0.025856,-0.108064,,
95.0129,S4,,0.471488,-0.723448,-0.032065,-0.116195,-0.023671,-0.101058,,
95.0229,S4,,0.471174,-0.724584,-0.032359,-0.117392,-0.021485,-0.094052,,
95.0329,S4,,0.470848,-0.725772,-0.032525,-0.118177,-0.019859,-0.088942,,
95.0429,S4,,0.470518,-0.726975,-0.032655,-0.118842,-0.018394,-0.084376,-53.8596,25.8899
95.0529,S4,,0.470188,-0.728178,-0.032784,-0.119508,-0.016928,-0.079809,,
95.0629,S4,,0.469859,-0.729381,-0.032913,-0.120174,-0.015462,-0.075243,,
95.0729,S4,,0.469529,-0.730584,-0.033042,-0.120840,-0.013997,-0.070677,,
95.0829,S4,,0.469199,-0.731787,-0.033171,-0.121506,-0.012531,-0.066111,,
95.0929,S4,,0.468870,-0.732991,-0.033300,-0.122172,-0.011065,-0.061544,-53.8053,25.9516
95.1029,S4,,0.468536,-0.734215,-0.033424,-0.122833,-0.010525,-0.060102,,
95.1129,S4,,0.468198,-0.735464,-0.033542,-0.123490,-0.010984,-0.062032,,
95.1229,S4,,0.467861,-0.736712,-0.033661,-0.124147,-0.011442,-0.063962,,
95.1329,S4,,0.467523,-0.737960,-0.033779,-0.124804,-0.011901,-0.065891,,
95.1429,S4,,0.467185,-0.739209,-0.033897,-0.125461,-0.012359,-0.067821,-53.7416,26.0033
95.1529,S4,,0.466847,-0.740457,-0.034015,-0.126119,-0.012818,-0.069751,,
95.1629,S4,,0.466509,-0.741705,-0.034134,-0.126776,-0.013276,-0.071681,,
95.1729,S4,,0.466170,-0.742963,-0.034260,-0.127464,-0.013782,-0.073772,,
95.1829,S4,,0.465822,-0.744266,-0.034421,-0.128294,-0.014499,-0.076576,,
95.1929,S4,,0.465474,-0.745568,-0.034582,-0.129123,-0.015215,-0.079380,-53.6753,26.0537
95.2029,S4,,0.465126,-0.746870,-0.034743,-0.129952,-0.015931,-0.082184,,
95.2129,S4,,0.464778,-0.748172,-0.034904,-0.130782,-0.016647,-0.084988,,
95.2229,S4,,0.464430,-0.749474,-0.035065,-0.131611,-0.017364,-0.087792,,
95.2329,S4,,0.464083,-0.750776,-0.035226,-0.132440,-0.018080,-0.090596,,
95.2429,S4,,0.463735,-0.752078,-0.035387,-0.133270,-0.018796,-0.093400,-53.6072,26.1039
95.2529,S4,,0.463375,-0.753438,-0.035562,-0.134171,-0.018477,-0.092718,,
95.2629,S4,,0.463015,-0.754806,-0.035738,-0.135081,-0.018028,-0.091597,,
95.2729,S4,,0.462654,-0.756173,-0.035915,-0.135991,-0.017578,-0.090476,,
95.2829,S4,,0.462293,-0.757541,-0.036091,-0.136902,-0.017129,-0.089355,,
95.2929,S4,,0.461933,-0.758908,-0.036268,-0.137812,-0.016680,-0.088234,-53.5422,26.1641
95.3029,S4,,0.461572,-0.760276,-0.036444,-0.138722,-0.016230,-0.087113,,
95.3129,S4,,0.461211,-0.761643,-0.036621,-0.139632,-0.015781,-0.085992,,
95.3229,S4,,0.460844,-0.763047,-0.036771,-0.140472,-0.015210,-0.084459,,
95.3329,S4,,0.460472,-0.764477,-0.036904,-0.141263,-0.014556,-0.082643,,
95.3429,S4,,0.460100,-0.765907,-0.037037,-0.142054,-0.013901,-0.080827,-53.4765,26.2262
95.3529,S4,,0.459728,-0.767337,-0.037169,-0.142845,-0.013247,-0.079010,,
95.3629,S4,,0.459355,-0.768766,-0.037302,-0.143637,-0.012592,-0.077194,,
95.3729,S4,,0.458983,-0.770196,-0.037435,-0.144428,-0.011937,-0.075378,,
95.3829,S4,,0.458611,-0.771626,-0.037567,-0.145219,-0.011283,-0.073562,,
95.3929,S4,,0.458237,-0.773071,-0.037688,-0.145978,-0.010718,-0.072047,-53.4097,26.2896
95.4029,S4,,0.457857,-0.774554,-0.037780,-0.146659,-0.010368,-0.071251,,
95.4129,S4,,0.457477,-0.776037,-0.037872,-0.147341,-0.010018,-0.070455,,
95.4229,S4,,0.457097,-0.777520,-0.037964,-0.148023,-0.009668,-0.069660,,
95.4329,S4,,0.456717,-0.779003,-0.038056,-0.148705,-0.009318,-0.068864,,
95.4429,S4,,0.456336,-0.780486,-0.038147,-0.149387,-0.008968,-0.068068,-53.3404,26.3528
95.4529,S4,,0.455956,-0.781969,-0.038239,-0.150068,-0.008619,-0.067272,,
95.4629,S4,,0.455576,-0.783452,-0.038331,-0.150750,-0.008269,-0.066476,,
95.4729,S4,,0.455190,-0.784983,-0.038406,-0.151403,-0.008065,-0.066162,,
95.4829,S4,,0.454804,-0.786514,-0.038482,-0.152056,-0.007862,-0.065848,,
95.4929,S4,,0.454418,-0.788046,-0.038557,-0.152709,-0.007659,-0.065534,-53.2699,26.4160
95.5029,S4,,0.454032,-0.789577,-0.038632,-0.153362,-0.007456,-0.065220,,
95.5129,S4,,0.453645,-0.791109,-0.038707,-0.154015,-0.007253,-0.064907,,
95.5229,S4,,0.453259,-0.792640,-0.038782,-0.154668,-0.007050,-0.064593,,
95.5329,S4,,0.452873,-0.794172,-0.038857,-0.155321,-0.006847,-0.064279,,
95.5429,S4,,0.452484,-0.795736,-0.038920,-0.155950,-0.006556,-0.063656,-53.1984,26.4793
95.5529,S4,,0.452093,-0.797314,-0.038977,-0.156569,-0.006228,-0.062902,,
95.5629,S4,,0.451702,-0.798892,-0.039034,-0.157187,-0.005900,-0.062149,,
95.5729,S4,,0.451311,-0.800470,-0.039091,-0.157806,-0.005572,-0.061395,,
95.5829,S4,,0.450919,-0.802048,-0.039148,-0.158424,-0.005244,-0.060642,,
95.5929,S4,,0.450528,-0.803626,-0.039205,-0.159042,-0.004916,-0.059888,-53.1267,26.5444
95.6029,S4,,0.450137,-0.805204,-0.039262,-0.159661,-0.004588,-0.059135,,
95.6129,S4,,0.449745,-0.806800,-0.039308,-0.160253,-0.004240,-0.058303,,
95.6229,S4,,0.449351,-0.808421,-0.039339,-0.160805,-0.003863,-0.057359,,
95.6329,S4,,0.448957,-0.810042,-0.039369,-0.161358,-0.003485,-0.056414,,
95.6429,S4,,0.448562,-0.811662,-0.039399,-0.161911,-0.003108,-0.055470,-53.0547,26.6103
95.6529,S4,,0.448168,-0.813283,-0.039429,-0.162464,-0.002731,-0.054525,,
95.6629,S4,,0.447774,-0.814904,-0.039460,-0.163016,-0.002354,-0.053581,,
95.6729,S4,,0.447380,-0.816525,-0.039490,-0.163569,-0.001977,-0.052636,,
95.6829,S4,,0.446985,-0.818150,-0.039517,-0.164115,-0.001605,-0.051707,,
95.6929,S4,,0.446590,-0.819809,-0.039521,-0.164603,-0.001277,-0.050904,-52.9823,26.6764
95.7029,S4,,0.446194,-0.821468,-0.039526,-0.165092,-0.000949,-0.050101,,
95.7129,S4,,0.445799,-0.823126,-0.039530,-0.165581,-0.000621,-0.049298,,
95.7229,S4,,0.445403,-0.824785,-0.039535,-0.166069,-0.000293,-0.048495,,
95.7329,S4,,0.445008,-0.826444,-0.039539,-0.166558,0.000035,-0.047692,,
95.7429,S4,,0.444613,-0.828103,-0.039543,-0.167046,0.000363,-0.046889,-52.9095,26.7426
95.7529,S4,,0.444217,-0.829762,-0.039548,-0.167535,0.000691,-0.046086,,
95.7629,S4,,0.443822,-0.831448,-0.039533,-0.167975,0.001017,-0.045257,,
95.7729,S4,,0.443427,-0.833140,-0.039513,-0.168405,0.001343,-0.044421,,
95.7829,S4,,0.443032,-0.834832,-0.039494,-0.168834,0.001670,-0.043585,,
95.7929,S4,,0.442637,-0.836525,-0.039475,-0.169264,0.001996,-0.042750,-52.8370,26.8092
95.8029,S4,,0.442242,-0.838217,-0.039455,-0.169693,0.002322,-0.041914,,
95.8129,S4,,0.441847,-0.839909,-0.039436,-0.170123,0.002648,-0.041079,,
95.8229,S4,,0.441452,-0.841601,-0.039417,-0.170552,0.002975,-0.040243,,
95.8329,S4,,0.441059,-0.843309,-0.039385,-0.170948,0.003304,-0.039373,,
95.8429,S4,,0.440666,-0.845030,-0.039341,-0.171314,0.003637,-0.038471,-52.7644,26.8756
95.8529,S4,,0.440273,-0.846751,-0.039298,-0.171680,0.003969,-0.037569,,
95.8629,S4,,0.439881,-0.848473,-0.039254,-0.172045,0.004301,-0.036668,,
95.8729,S4,,0.439488,-0.850194,-0.039211,-0.172411,0.004634,-0.035766,,
95.8829,S4,,0.439096,-0.851915,-0.039167,-0.172777,0.004966,-0.034864,,
95.8929,S4,,0.438703,-0.853637,-0.039124,-0.173142,0.005298,-0.033962,-52.6921,26.9420
95.9029,S4,,0.438311,-0.855363,-0.039075,-0.173493,0.005628,-0.033059,,
95.9129,S4,,0.437923,-0.857109,-0.039008,-0.173793,0.005948,-0.032149,,
95.9229,S4,,0.437534,-0.858855,-0.038941,-0.174092,0.006268,-0.031239,,
95.9329,S4,,0.437145,-0.860600,-0.038873,-0.174391,0.006588,-0.030329,,
95.9429,S4,,0.436757,-0.862346,-0.038806,-0.174691,0.006907,-0.029419,-52.6207,27.0084
95.9529,S4,,0.436368,-0.864091,-0.038739,-0.174990,0.007227,-0.028509,,
95.9629,S4,,0.435980,-0.865837,-0.038671,-0.175290,0.007547,-0.027600,,
95.9729,S4,,0.435591,-0.867583,-0.038604,-0.175589,0.007867,-0.026690,,
95.9829,S4,,0.435208,-0.869346,-0.038515,-0.175827,0.008176,-0.025770,,
95.9929,S4,,0.434825,-0.871111,-0.038425,-0.176059,0.008485,-0.024849,-52.5496,27.0742
96.0029,S4,,0.434442,-0.872876,-0.038335,-0.176292,0.008794,-0.023929,,
96.0129,S4,,0.434059,-0.874641,-0.038245,-0.176525,0.009102,-0.023008,,
96.0229,S4,,0.433676,-0.876406,-0.038155,-0.176758,0.009411,-0.022088,,
96.0329,S4,,0.433294,-0.878171,-0.038065,-0.176990,0.009720,-0.021167,,
96.0429,S4,,0.432911,-0.879936,-0.037974,-0.177223,0.010028,-0.020246,-52.4790,27.1395
96.0529,S4,,0.432533,-0.881710,-0.037870,-0.177413,0.010336,-0.019315,,
96.0629,S4,,0.432157,-0.883490,-0.037757,-0.177578,0.010642,-0.018376,,
96.0729,S4,,0.431782,-0.885269,-0.037645,-0.177743,0.010949,-0.017437,,
96.0829,S4,,0.431406,-0.887049,-0.037532,-0.177908,0.011256,-0.016498,,
96.0929,S4,,0.431031,-0.888829,-0.037419,-0.178073,0.011563,-0.015560,-52.4099,27.2043
96.1029,S4,,0.430655,-0.890608,-0.037306,-0.178238,0.011869,-0.014621,,
96.1129,S4,,0.430280,-0.892388,-0.037194,-0.178402,0.012176,-0.013682,,
96.1229,S4,,0.429908,-0.894170,-0.037074,-0.178544,0.012464,-0.012745,,
96.1329,S4,,0.429541,-0.895959,-0.036941,-0.178641,0.012712,-0.011811,,
96.1429,S4,,0.429175,-0.897748,-0.036807,-0.178737,0.012961,-0.010876,-52.3418,27.2684
96.1529,S4,,0.428808,-0.899537,-0.036674,-0.178834,0.013210,-0.009942,,
96.1629,S4,,0.428442,-0.901326,-0.036540,-0.178930,0.013458,-0.009007,,
96.1729,S4,,0.428075,-0.903116,-0.036407,-0.179026,0.013707,-0.008073,,
96.1829,S4,,0.427709,-0.904905,-0.036274,-0.179123,0.013956,-0.007138,,
96.1929,S4,,0.427343,-0.906694,-0.036140,-0.179217,0.014206,-0.006203,-52.2747,27.3317
96.2029,S4,,0.426987,-0.908487,-0.035989,-0.179245,0.014487,-0.005254,,
96.2129,S4,,0.426631,-0.910281,-0.035838,-0.179273,0.014769,-0.004305,,
96.2229,S4,,0.426275,-0.912075,-0.035688,-0.179301,0.015051,-0.003355,,
96.2329,S4,,0.425919,-0.913868,-0.035537,-0.179329,0.015332,-0.002406,,
96.2429,S4,,0.425563,-0.915662,-0.035387,-0.179358,0.015614,-0.001457,-52.2092,27.3940
96.2529,S4,,0.425207,-0.917455,-0.035236,-0.179386,0.015896,-0.000507,,
96.2629,S4,,0.424850,-0.919249,-0.035085,-0.179414,0.016177,0.000442,,
96.2729,S4,,0.424503,-0.921042,-0.034915,-0.179390,0.016556,0.001418,,
96.2829,S4,,0.424159,-0.922835,-0.034737,-0.179347,0.016969,0.002403,,
96.2929,S4,,0.423815,-0.924628,-0.034559,-0.179304,0.017381,0.003387,-52.1428,27.4545
96.3029,S4,,0.423471,-0.926422,-0.034382,-0.179261,0.017794,0.004372,,
96.3129,S4,,0.423127,-0.928215,-0.034204,-0.179218,0.018207,0.005357,,
96.3229,S4,,0.422782,-0.930008,-0.034026,-0.179175,0.018619,0.006342,,
96.3329,S4,,0.422438,-0.931801,-0.033848,-0.179132,0.019032,0.007327,,
96.3429,S4,,0.422100,-0.933591,-0.033670,-0.179061,0.019078,0.008222,-52.0775,27.5138
96.3529,S4,,0.421769,-0.935379,-0.033490,-0.178953,0.018663,0.009002,,
96.3629,S4,,0.421439,-0.937166,-0.033311,-0.178845,0.018248,0.009783,,
96.3729,S4,,0.421108,-0.938954,-0.033132,-0.178738,0.017833,0.010563,,
96.3829,S4,,0.420777,-0.940741,-0.032952,-0.178630,0.017419,0.011344,,
96.3929,S4,,0.420446,-0.942529,-0.032773,-0.178522,0.017004,0.012124,-52.0302,27.5765
96.4029,S4,,0.420116,-0.944316,-0.032593,-0.178414,0.016589,0.012905,,
96.4129,S4,,0.419787,-0.946102,-0.032413,-0.178297,0.016445,0.013751,,
96.4229,S4,,0.419468,-0.947880,-0.032227,-0.178123,0.017867,0.014979,,
96.4329,S4,,0.419150,-0.949657,-0.032041,-0.177950,0.019290,0.016207,,
96.4429,S4,,0.418832,-0.951435,-0.031856,-0.177776,0.020713,0.017435,-51.9598,27.6305
96.4529,S4,,0.418513,-0.953212,-0.031670,-0.177603,0.022136,0.018663,,
96.4629,S4,,0.418195,-0.954990,-0.031484,-0.177429,0.023559,0.019891,,
96.4729,S4,,0.417877,-0.956767,-0.031299,-0.177256,0.024982,0.021119,,
96.4829,S4,,0.417558,-0.958545,-0.031113,-0.177082,0.026404,0.022347,,
96.4929,S4,,0.417257,-0.960308,-0.030789,-0.176821,0.027433,0.023469,-51.8781,27.6793
96.5029,S4,,0.416958,-0.962069,-0.030441,-0.176543,0.028393,0.024574,,
96.5129,S4,,0.416659,-0.963830,-0.030093,-0.176266,0.029352,0.025678,,
96.5229,S4,,0.416360,-0.965591,-0.029745,-0.175989,0.030312,0.026782,,
96.5329,S4,,0.416061,-0.967352,-0.029397,-0.175712,0.031271,0.027887,,
96.5429,S4,,0.415762,-0.969113,-0.029048,-0.175435,0.032231,0.028991,-51.8079,27.7290
96.5529,S4,,0.415464,-0.970874,-0.028700,-0.175157,0.033190,0.030095,,
96.5629,S4,,0.415177,-0.972623,-0.028439,-0.174867,0.031438,0.030524,,
96.5729,S4,,0.414900,-0.974362,-0.028248,-0.174565,0.027506,0.030410,,
96.5829,S4,,0.414624,-0.976102,-0.028057,-0.174264,0.023574,0.030296,,
96.5929,S4,,0.414347,-0.977841,-0.027865,-0.173962,0.019642,0.030182,-51.8120,27.7982
96.6029,S4,,0.414070,-0.979580,-0.027674,-0.173661,0.015711,0.030068,,
96.6129,S4,,0.413793,-0.981320,-0.027483,-0.173359,0.011779,0.029954,,
96.6229,S4,,0.413517,-0.983059,-0.027291,-0.173058,0.007847,0.029840,,
96.6329,S4,,0.413242,-0.984792,-0.027117,-0.172745,0.005530,0.030120,,
96.6429,S4,,0.412974,-0.986509,-0.026993,-0.172398,0.007854,0.031536,-51.8132,27.8643
96.6529,S4,,0.412706,-0.988225,-0.026869,-0.172051,0.010177,0.032951,,
96.6629,S4,,0.412438,-0.989941,-0.026745,-0.171704,0.012501,0.034366,,
96.6729,S4,,0.412170,-0.991658,-0.026620,-0.171357,0.014825,0.035781,,
96.6829,S4,,0.411902,-0.993374,-0.026496,-0.171010,0.017148,0.037196,,
96.6929,S4,,0.411633,-0.995090,-0.026372,-0.170664,0.019472,0.038611,-51.7190,27.9002
96.7029,S4,,0.411365,-0.996807,-0.026247,-0.170317,0.021796,0.040026,,
96.7129,S4,,0.411112,-0.998495,-0.025988,-0.169878,0.022402,0.040996,,
96.7229,S4,,0.410859,-1.000182,-0.025724,-0.169436,0.022940,0.041948,,
96.7329,S4,,0.410606,-1.001870,-0.025459,-0.168994,0.023478,0.042900,,
96.7429,S4,,0.410353,-1.003557,-0.025194,-0.168552,0.024017,0.043852,-51.6558,27.9428
96.7529,S4,,0.410100,-1.005244,-0.024930,-0.168110,0.024555,0.044804,,
96.7629,S4,,0.409847,-1.006932,-0.024665,-0.167668,0.025093,0.045757,,
96.7729,S4,,0.409594,-1.008619,-0.024401,-0.167225,0.025631,0.046709,,
96.7829,S4,,0.409354,-1.010283,-0.024153,-0.166748,0.025588,0.047500,,
96.7929,S4,,0.409120,-1.011936,-0.023913,-0.166253,0.025252,0.048210,-51.6073,27.9876
96.8029,S4,,0.408885,-1.013589,-0.023673,-0.165758,0.024917,0.048921,,
96.8129,S4,,0.408651,-1.015242,-0.023433,-0.165264,0.024581,0.049631,,
96.8229,S4,,0.408417,-1.016895,-0.023193,-0.164769,0.024246,0.050342,,
96.8329,S4,,0.408183,-1.018548,-0.022953,-0.164274,0.023910,0.051052,,
96.8429,S4,,0.407949,-1.020202,-0.022713,-0.163779,0.023574,0.051763,-51.5725,28.0338
96.8529,S4,,0.407721,-1.021840,-0.022474,-0.163263,0.023420,0.052507,,
96.8629,S4,,0.407504,-1.023455,-0.022234,-0.162711,0.023575,0.053309,,
96.8729,S4,,0.407287,-1.025070,-0.021994,-0.162160,0.023730,0.054111,,
96.8829,S4,,0.407070,-1.026685,-0.021755,-0.161608,0.023885,0.054913,,
96.8929,S4,,0.406853,-1.028300,-0.021515,-0.161057,0.024040,0.055715,-51.5317,28.0754
96.9029,S4,,0.406636,-1.029915,-0.021275,-0.160505,0.024195,0.056517,,
96.9129,S4,,0.406419,-1.031530,-0.021036,-0.159953,0.024350,0.057319,,
96.9229,S4,,0.406203,-1.033142,-0.020796,-0.159398,0.024489,0.058115,,
96.9329,S4,,0.406004,-1.034714,-0.020553,-0.158791,0.024420,0.058831,,
96.9429,S4,,0.405805,-1.036287,-0.020311,-0.158183,0.024350,0.059546,-51.4927,28.1152
96.9529,S4,,0.405606,-1.037859,-0.020068,-0.157576,0.024281,0.060262,,
96.9629,S4,,0.405406,-1.039432,-0.019825,-0.156969,0.024212,0.060977,,
96.9729,S4,,0.405207,-1.041005,-0.019582,-0.156362,0.024142,0.061693,,
96.9829,S4,,0.405008,-1.042577,-0.019340,-0.155755,0.024073,0.062409,,
96.9929,S4,,0.404809,-1.044150,-0.019097,-0.155148,0.024004,0.063124,-51.4578,28.1539
97.0029,S4,,0.404623,-1.045687,-0.018859,-0.154502,0.023934,0.063808,,
97.0129,S4,,0.404441,-1.047213,-0.018621,-0.153844,0.023864,0.064482,,
97.0229,S4,,0.404260,-1.048739,-0.018384,-0.153187,0.023793,0.065157,,
97.0329,S4,,0.404078,-1.050266,-0.018147,-0.152529,0.023723,0.065831,,
97.0429,S4,,0.403896,-1.051792,-0.017910,-0.151871,0.023653,0.066506,-51.4260,28.1903
97.0529,S4,,0.403714,-1.053319,-0.017673,-0.151214,0.023583,0.067180,,
97.0629,S4,,0.403533,-1.054845,-0.017436,-0.150556,0.023512,0.067855,,
97.0729,S4,,0.403359,-1.056348,-0.017201,-0.149875,0.023435,0.068509,,
97.0829,S4,,0.403194,-1.057824,-0.016969,-0.149170,0.023351,0.069142,,
97.0929,S4,,0.403030,-1.059301,-0.016738,-0.148465,0.023267,0.069776,-51.3955,28.2249
97.1029,S4,,0.402865,-1.060778,-0.016506,-0.147759,0.023183,0.070409,,
97.1129,S4,,0.402700,-1.062254,-0.016274,-0.147054,0.023099,0.071042,,
97.1229,S4,,0.402536,-1.063731,-0.016042,-0.146349,0.023015,0.071675,,
97.1329,S4,,0.402371,-1.065208,-0.015810,-0.145643,0.022931,0.072309,,
97.1429,S4,,0.402210,-1.066675,-0.015579,-0.144930,0.022841,0.072935,-51.3663,28.2576
97.1529,S4,,0.402062,-1.068098,-0.015355,-0.144180,0.022722,0.073529,,
97.1629,S4,,0.401914,-1.069522,-0.015130,-0.143429,0.022604,0.074123,,
97.1729,S4,,0.401766,-1.070945,-0.014906,-0.142679,0.022485,0.074718,,
97.1829,S4,,0.401618,-1.072369,-0.014681,-0.141929,0.022367,0.075312,,
97.1929,S4,,0.401470,-1.073793,-0.014457,-0.141178,0.022248,0.075906,-51.3409,28.2883
97.2029,S4,,0.401322,-1.075216,-0.014233,-0.140428,0.022130,0.076501,,
97.2129,S4,,0.401174,-1.076640,-0.014008,-0.139678,0.022011,0.077095,,
97.2229,S4,,0.401040,-1.078013,-0.013792,-0.138892,0.021874,0.077595,,
97.2329,S4,,0.400908,-1.079381,-0.013577,-0.138102,0.021735,0.078083,,
97.2429,S4,,0.400776,-1.080748,-0.013362,-0.137312,0.021595,0.078571,-51.3167,28.3172
97.2529,S4,,0.400644,-1.082115,-0.013147,-0.136522,0.021456,0.079059,,
97.2629,S4,,0.400512,-1.083483,-0.012932,-0.135732,0.021317,0.079547,,
97.2729,S4,,0.400381,-1.084850,-0.012717,-0.134942,0.021178,0.080034,,
97.2829,S4,,0.400249,-1.086217,-0.012502,-0.134152,0.021038,0.080522,,
97.2929,S4,,0.400126,-1.087550,-0.012293,-0.133342,0.020887,0.081015,-51.2937,28.3442
97.3029,S4,,0.400009,-1.088858,-0.012089,-0.132518,0.020728,0.081510,,
97.3129,S4,,0.399893,-1.090167,-0.011885,-0.131694,0.020570,0.082006,,
97.3229,S4,,0.399776,-1.091475,-0.011681,-0.130870,0.020411,0.082502,,
97.3329,S4,,0.399659,-1.092784,-0.011477,-0.130046,0.020252,0.082997,,
97.3429,S4,,0.399543,-1.094092,-0.011273,-0.129222,0.020093,0.083493,-51.2738,28.3695
97.3529,S4,,0.399426,-1.095401,-0.011069,-0.128398,0.019934,0.083989,,
97.3629,S4,,0.399314,-1.096691,-0.010868,-0.127562,0.019770,0.084502,,
97.3729,S4,,0.399211,-1.097938,-0.010676,-0.126698,0.019595,0.085057,,
97.3829,S4,,0.399109,-1.099185,-0.010484,-0.125834,0.019419,0.085613,,
97.3929,S4,,0.399007,-1.100431,-0.010292,-0.124969,0.019244,0.086168,-51.2562,28.3935
97.4029,S4,,0.398905,-1.101678,-0.010101,-0.124105,0.019068,0.086724,,
97.4129,S4,,0.398803,-1.102925,-0.009909,-0.123241,0.018893,0.087279,,
97.4229,S4,,0.398701,-1.104172,-0.009717,-0.122377,0.018717,0.087835,,
97.4329,S4,,0.398598,-1.105419,-0.009525,-0.121512,0.018542,0.088390,,
97.4429,S4,,0.398510,-1.106602,-0.009346,-0.120624,0.018351,0.088402,-51.2393,28.4156
97.4529,S4,,0.398421,-1.107784,-0.009168,-0.119735,0.018161,0.088412,,
97.4629,S4,,0.398333,-1.108967,-0.008989,-0.118847,0.017970,0.088423,,
97.4729,S4,,0.398244,-1.110150,-0.008811,-0.117958,0.017779,0.088433,,
97.4829,S4,,0.398155,-1.111332,-0.008632,-0.117070,0.017589,0.088444,,
97.4929,S4,,0.398067,-1.112515,-0.008453,-0.116181,0.017398,0.088455,-51.2216,28.4341
97.5029,S4,,0.397978,-1.113698,-0.008275,-0.115292,0.017207,0.088465,,
97.5129,S4,,0.397898,-1.114835,-0.008106,-0.114409,0.017010,0.088498,,
97.5229,S4,,0.397822,-1.115953,-0.007942,-0.113527,0.016811,0.088541,,
97.5329,S4,,0.397746,-1.117071,-0.007778,-0.112646,0.016611,0.088584,,
97.5429,S4,,0.397670,-1.118189,-0.007614,-0.111764,0.016411,0.088627,-51.2061,28.4513
97.5529,S4,,0.397594,-1.119307,-0.007449,-0.110882,0.016212,0.088670,,
97.5629,S4,,0.397517,-1.120426,-0.007285,-0.110001,0.016012,0.088713,,
97.5729,S4,,0.397441,-1.121544,-0.007121,-0.109119,0.015813,0.088756,,
97.5829,S4,,0.397370,-1.122635,-0.006963,-0.108210,0.015614,0.089413,,
97.5929,S4,,0.397305,-1.123687,-0.006813,-0.107262,0.015415,0.090969,-51.1949,28.4693
97.6029,S4,,0.397240,-1.124739,-0.006663,-0.106314,0.015217,0.092524,,
97.6129,S4,,0.397176,-1.125791,-0.006513,-0.105366,0.015019,0.094080,,
97.6229,S4,,0.397111,-1.126843,-0.006364,-0.104418,0.014821,0.095636,,
97.6329,S4,,0.397046,-1.127895,-0.006214,-0.103470,0.014623,0.097192,,
97.6429,S4,,0.396982,-1.128947,-0.006064,-0.102522,0.014425,0.098748,-51.1931,28.4912
97.6529,S4,,0.396918,-1.129991,-0.005916,-0.101565,0.014226,0.100123,,
97.6629,S4,,0.396864,-1.130971,-0.005781,-0.100532,0.014019,0.100031,,
97.6729,S4,,0.396810,-1.131950,-0.005646,-0.099500,0.013812,0.099938,,
97.6829,S4,,0.396755,-1.132929,-0.005511,-0.098468,0.013605,0.099846,,
97.6929,S4,,0.396701,-1.133909,-0.005376,-0.097436,0.013398,0.099754,-51.1834,28.5053
97.7029,S4,,0.396647,-1.134888,-0.005241,-0.096404,0.013191,0.099661,,
97.7129,S4,,0.396592,-1.135867,-0.005105,-0.095372,0.012984,0.099569,,
97.7229,S4,,0.396538,-1.136846,-0.004970,-0.094340,0.012777,0.099477,,
97.7329,S4,,0.396491,-1.137768,-0.004848,-0.093440,0.012560,0.096870,,
97.7429,S4,,0.396446,-1.138676,-0.004729,-0.092570,0.012341,0.093686,-51.1647,28.5115
97.7529,S4,,0.396401,-1.139585,-0.004609,-0.091701,0.012123,0.090502,,
97.7629,S4,,0.396356,-1.140493,-0.004490,-0.090831,0.011904,0.087318,,
97.7729,S4,,0.396311,-1.141401,-0.004371,-0.089962,0.011685,0.084133,,
97.7829,S4,,0.396266,-1.142310,-0.004251,-0.089092,0.011466,0.080949,,
97.7929,S4,,0.396221,-1.143218,-0.004132,-0.088222,0.011247,0.077765,-51.1332,28.5071
97.8029,S4,,0.396181,-1.144097,-0.004021,-0.087442,0.011039,0.076148,,
97.8129,S4,,0.396144,-1.144949,-0.003917,-0.086746,0.010839,0.075995,,
97.8229,S4,,0.396107,-1.145801,-0.003813,-0.086049,0.010640,0.075842,,
97.8329,S4,,0.396070,-1.146654,-0.003709,-0.085353,0.010440,0.075690,,
97.8429,S4,,0.396033,-1.147506,-0.003605,-0.084656,0.010241,0.075537,-51.1229,28.5148
97.8529,S4,,0.395996,-1.148358,-0.003502,-0.083960,0.010041,0.075384,,
97.8629,S4,,0.395959,-1.149210,-0.003398,-0.083264,0.009842,0.075231,,
97.8729,S4,,0.395924,-1.150049,-0.003297,-0.082486,0.009652,0.076845,,
97.8829,S4,,0.395894,-1.150840,-0.003205,-0.081422,0.009498,0.084701,,
97.8929,S4,,0.395865,-1.151632,-0.003114,-0.080357,0.009344,0.092557,-51.1404,28.5402
97.9029,S4,,0.395835,-1.152424,-0.003023,-0.079293,0.009189,0.100413,,
97.9129,S4,,0.395805,-1.153216,-0.002932,-0.078228,0.009035,0.108269,,
97.9229,S4,,0.395775,-1.154008,-0.002840,-0.077164,0.008880,0.116125,,
97.9329,S4,,0.395745,-1.154800,-0.002749,-0.076100,0.008726,0.123981,,
97.9429,S4,,0.395716,-1.155592,-0.002658,-0.075035,0.008571,0.131837,-51.1896,28.5863
97.9529,S4,,0.395692,-1.156296,-0.002577,-0.073578,0.008411,0.136076,,
97.9629,S4,,0.395668,-1.156993,-0.002497,-0.072089,0.008251,0.140018,,
97.9729,S4,,0.395645,-1.157690,-0.002418,-0.070600,0.008090,0.143960,,
97.9829,S4,,0.395621,-1.158387,-0.002338,-0.069111,0.007930,0.147902,,
97.9929,S4,,0.395598,-1.159084,-0.002258,-0.067622,0.007770,0.151844,-51.2127,28.6126
98.0029,S4,,0.395574,-1.159781,-0.002178,-0.066133,0.007609,0.155786,,
98.0129,S4,,0.395551,-1.160478,-0.002099,-0.064644,0.007449,0.159728,,
98.0229,S4,,0.395530,-1.161105,-0.002027,-0.063248,0.007253,0.153995,,
98.0329,S4,,0.395512,-1.161691,-0.001960,-0.061907,0.007037,0.142530,,
98.0429,S4,,0.395494,-1.162277,-0.001894,-0.060566,0.006821,0.131064,-51.1792,28.5988
98.0529,S4,,0.395476,-1.162863,-0.001827,-0.059225,0.006606,0.119599,,
98.0629,S4,,0.395458,-1.163449,-0.001761,-0.057885,0.006390,0.108133,,
98.0729,S4,,0.395440,-1.164035,-0.001694,-0.056544,0.006174,0.096667,,
98.0829,S4,,0.395421,-1.164621,-0.001628,-0.055203,0.005958,0.085202,,
98.0929,S4,,0.395405,-1.165187,-0.001566,-0.054193,0.005749,0.074066,-51.0957,28.5493
98.1029,S4,,0.395391,-1.165713,-0.001516,-0.053851,0.005553,0.063595,,
98.1129,S4,,0.395377,-1.166239,-0.001465,-0.053508,0.005357,0.053124,,
98.1229,S4,,0.395363,-1.166765,-0.001414,-0.053166,0.005162,0.042653,,
98.1329,S4,,0.395349,-1.167291,-0.001364,-0.052823,0.004966,0.032183,,
98.1429,S4,,0.395335,-1.167817,-0.001313,-0.052481,0.004771,0.021712,-51.0202,28.5035
98.1529,S4,,0.395321,-1.168343,-0.001262,-0.052138,0.004575,0.011241,,
98.1629,S4,,0.395308,-1.168868,-0.001212,-0.051813,0.004381,0.001018,,
98.1729,S4,,0.395297,-1.169390,-0.001174,-0.051962,0.004235,-0.002434,,
98.1829,S4,,0.395286,-1.169912,-0.001135,-0.052112,0.004088,-0.005885,,
98.1929,S4,,0.395275,-1.170435,-0.001097,-0.052261,0.003941,-0.009337,-50.9750,28.4779
98.2029,S4,,0.395265,-1.170957,-0.001059,-0.052410,0.003795,-0.012789,,
98.2129,S4,,0.395254,-1.171479,-0.001021,-0.052559,0.003648,-0.016240,,
98.2229,S4,,0.395243,-1.172001,-0.000982,-0.052709,0.003501,-0.019692,,
98.2329,S4,,0.395233,-1.172523,-0.000944,-0.052858,0.003355,-0.023143,,
98.2429,S4,,0.395224,-1.173056,-0.000913,-0.052996,0.003260,-0.017964,-50.9613,28.4737
98.2529,S4,,0.395216,-1.173592,-0.000883,-0.053131,0.003184,-0.009737,,
98.2629,S4,,0.395207,-1.174129,-0.000854,-0.053266,0.003108,-0.001509,,
98.2729,S4,,0.395199,-1.174666,-0.000824,-0.053400,0.003032,0.006718,,
98.2829,S4,,0.395191,-1.175203,-0.000795,-0.053535,0.002956,0.014945,,
98.2929,S4,,0.395183,-1.175740,-0.000766,-0.053669,0.002880,0.023173,-51.0169,28.5173
98.3029,S4,,0.395175,-1.176277,-0.000736,-0.053804,0.002804,0.031400,,
98.3129,S4,,0.395167,-1.176802,-0.000708,-0.053450,0.002748,0.042363,,
98.3229,S4,,0.395161,-1.177311,-0.000681,-0.052480,0.002718,0.056770,,
98.3329,S4,,0.395155,-1.177821,-0.000654,-0.051511,0.002688,0.071178,,
98.3429,S4,,0.395149,-1.178331,-0.000628,-0.050541,0.002658,0.085585,-51.1016,28.5810
98.3529,S4,,0.395142,-1.178841,-0.000601,-0.049572,0.002628,0.099992,,
98.3629,S4,,0.395136,-1.179350,-0.000574,-0.048602,0.002598,0.114399,,
98.3729,S4,,0.395130,-1.179860,-0.000547,-0.047633,0.002567,0.128806,,
98.3829,S4,,0.395124,-1.180356,-0.000521,-0.046573,0.002533,0.141617,,
98.3929,S4,,0.395120,-1.180767,-0.000498,-0.044984,0.002471,0.145118,-51.1819,28.6417
98.4029,S4,,0.395115,-1.181179,-0.000474,-0.043396,0.002409,0.148618,,
98.4129,S4,,0.395111,-1.181590,-0.000451,-0.041807,0.002348,0.152118,,
98.4229,S4,,0.395107,-1.182002,-0.000428,-0.040218,0.002286,0.155618,,
98.4329,S4,,0.395102,-1.182414,-0.000404,-0.038630,0.002224,0.159119,,
98.4429,S4,,0.395098,-1.182825,-0.000381,-0.037041,0.002162,0.162619,-51.2040,28.6612
98.4529,S4,,0.395093,-1.183237,-0.000358,-0.035453,0.002101,0.166119,,
98.4629,S4,,0.395090,-1.183547,-0.000339,-0.033855,0.002030,0.164501,,
98.4729,S4,,0.395088,-1.183840,-0.000321,-0.032256,0.001958,0.161980,,
98.4829,S4,,0.395085,-1.184133,-0.000302,-0.030657,0.001885,0.159459,,
98.4929,S4,,0.395082,-1.184425,-0.000284,-0.029058,0.001813,0.156938,-51.1946,28.6576
98.5029,S4,,0.395079,-1.184718,-0.000266,-0.027459,0.001741,0.154417,,
98.5129,S4,,0.395076,-1.185011,-0.000247,-0.025860,0.001669,0.151896,,
98.5229,S4,,0.395073,-1.185303,-0.000229,-0.024261,0.001596,0.149375,,
98.5329,S4,,0.395071,-1.185537,-0.000214,-0.022825,0.001526,0.145452,,
98.5429,S4,,0.395069,-1.185722,-0.000201,-0.021519,0.001458,0.140399,-51.1706,28.6431
98.5529,S4,,0.395068,-1.185908,-0.000188,-0.020214,0.001389,0.135346,,
98.5629,S4,,0.395066,-1.186093,-0.000174,-0.018908,0.001320,0.130293,,
98.5729,S4,,0.395064,-1.186279,-0.000161,-0.017603,0.001252,0.125240,,
98.5829,S4,,0.395063,-1.186465,-0.000148,-0.016298,0.001183,0.120188,,
98.5929,S4,,0.395061,-1.186650,-0.000135,-0.014992,0.001115,0.115135,-51.1350,28.6198
98.6029,S4,,0.395059,-1.186815,-0.000123,-0.013787,0.001049,0.110010,,
98.6129,S4,,0.395058,-1.186919,-0.000115,-0.012871,0.000993,0.104678,,
98.6229,S4,,0.395058,-1.187024,-0.000106,-0.011954,0.000936,0.099346,,
98.6329,S4,,0.395057,-1.187128,-0.000098,-0.011038,0.000879,0.094014,,
98.6429,S4,,0.395056,-1.187233,-0.000089,-0.010122,0.000823,0.088682,-51.0983,28.5949
98.6529,S4,,0.395055,-1.187337,-0.000081,-0.009206,0.000766,0.083350,,
98.6629,S4,,0.395054,-1.187442,-0.000072,-0.008289,0.000710,0.078018,,
98.6729,S4,,0.395053,-1.187546,-0.000064,-0.007373,0.000653,0.072686,,
98.6829,S4,,0.395053,-1.187599,-0.000059,-0.006802,0.000611,0.068267,,
98.6929,S4,,0.395052,-1.187650,-0.000054,-0.006245,0.000570,0.063884,-51.0640,28.5714
98.7029,S4,,0.395052,-1.187701,-0.000049,-0.005688,0.000529,0.059501,,
98.7129,S4,,0.395051,-1.187752,-0.000044,-0.005131,0.000487,0.055119,,
98.7229,S4,,0.395051,-1.187804,-0.000039,-0.004574,0.000446,0.050736,,
98.7329,S4,,0.395050,-1.187855,-0.000034,-0.004017,0.000405,0.046353,,
98.7429,S4,,0.395050,-1.187906,-0.000029,-0.003460,0.000364,0.041970,-51.0338,28.5506
98.7529,S4,,0.395050,-1.187937,-0.000026,-0.003082,0.000332,0.038517,,
98.7629,S4,,0.395049,-1.187958,-0.000024,-0.002795,0.000306,0.035532,,
98.7729,S4,,0.395049,-1.187979,-0.000021,-0.002507,0.000280,0.032548,,
98.7829,S4,,0.395049,-1.188000,-0.000019,-0.002220,0.000253,0.029563,,
98.7929,S4,,0.395049,-1.188020,-0.000016,-0.001932,0.000227,0.026578,-51.0127,28.5359
98.8029,S4,,0.395049,-1.188041,-0.000014,-0.001645,0.000201,0.023594,,
98.8129,S4,,0.395049,-1.188062,-0.000011,-0.001358,0.000174,0.020609,,
98.8229,S4,,0.395048,-1.188078,-0.000009,-0.001132,0.000153,0.018111,,
98.8329,S4,,0.395048,-1.188085,-0.000008,-0.001013,0.000139,0.016448,,
98.8429,S4,,0.395048,-1.188091,-0.000007,-0.000893,0.000124,0.014784,-50.9965,28.5246
98.8529,S4,,0.395048,-1.188098,-0.000006,-0.000774,0.000110,0.013121,,
98.8629,S4,,0.395048,-1.188105,-0.000005,-0.000654,0.000096,0.011457,,
98.8729,S4,,0.395048,-1.188111,-0.000004,-0.000535,0.000082,0.009794,,
98.8829,S4,,0.395048,-1.188118,-0.000003,-0.000416,0.000068,0.008130,,
98.8929,S4,,0.395048,-1.188124,-0.000003,-0.000302,0.000054,0.006536,-50.9852,28.5167
98.9029,S4,,0.395048,-1.188126,-0.000002,-0.000266,0.000048,0.005831,,
98.9129,S4,,0.395048,-1.188127,-0.000002,-0.000231,0.000043,0.005127,,
98.9229,S4,,0.395048,-1.188129,-0.000002,-0.000195,0.000037,0.004423,,
98.9329,S4,,0.395048,-1.188130,-0.000001,-0.000159,0.000031,0.003718,,
98.9429,S4,,0.395048,-1.188131,-0.000001,-0.000124,0.000025,0.003014,-50.9804,28.5133
98.9529,S4,,0.395048,-1.188133,-0.000001,-0.000088,0.000019,0.002310,,
98.9629,S4,,0.395048,-1.188134,-0.000000,-0.000052,0.000013,0.001605,,
98.9729,S4,,0.395048,-1.188135,-0.000000,-0.000040,0.000011,0.001305,,
98.9829,S4,,0.395048,-1.188135,-0.000000,-0.000034,0.000009,0.001121,,
98.9929,S4,,0.395048,-1.188135,-0.000000,-0.000028,0.000008,0.000937,-50.9776,28.5113
99.0029,S4,,0.395048,-1.188135,-0.000000,-0.000022,0.000006,0.000753,,
99.0129,S4,,0.395048,-1.188135,-0.000000,-0.000016,0.000005,0.000570,,
99.0229,S4,,0.395048,-1.188136,-0.000000,-0.000011,0.000003,0.000386,,
99.0329,S4,,0.395048,-1.188136,-0.000000,-0.000005,0.000002,0.000202,,
99.0429,S4,,0.395048,-1.188136,-0.000000,-0.000002,0.000001,0.000099,-50.9764,28.5105
99.0529,S4,,0.395048,-1.188136,-0.000000,-0.000001,0.000001,0.000085,,
99.0629,S4,,0.395048,-1.188136,-0.000000,-0.000001,0.000001,0.000070,,
99.0729,S4,,0.395048,-1.188136,-0.000000,-0.000001,0.000000,0.000056,,
99.0829,S4,,0.395048,-1.188136,-0.000000,-0.000001,0.000000,0.000041,,
99.0929,S4,,0.395048,-1.188136,-0.000000,-0.000000,0.000000,0.000026,-50.9763,28.5104
99.1029,S4,,0.395048,-1.188136,-0.000000,-0.000000,0.000000,0.000012,,
99.1129,S4,,0.395048,-1.188136,-0.000000,-0.000000,0.000000,0.000000,,
99.1148,S4,,0.395048,-1.188136,0.000000,0.000000,0.000000,0.000000,-50.9763,28.5104
100.1148,S4,,0.395048,-1.188136,0.000000,0.000000,0.000000,0.000000,-50.9763,28.5104
101.1148,S4,,0.395048,-1.188136,0.000000,0.000000,0.000000,0.000000,-50.9763,28.5104
102.1148,S4,,0.395048,-1.188136,0.000000,0.000000,0.000000,0.000000,-50.9763,28.5104
103.1148,S4,,0.395048,-1.188136,0.000000,0.000000,0.000000,0.000000,-50.9763,28.5104
104.1148,S4,,0.395048,-1.188136,0.000000,0.000000,0.000000,0.000000,-50.9763,28.5104
104.1248,S4,new,0.395048,-1.188136,0.000000,0.000000,0.000000,0.000012,,
104.1348,S4,new,0.395048,-1.188136,0.000000,0.000000,0.000000,0.000024,,
104.1448,S4,new,0.395048,-1.188136,0.000000,0.000001,0.000000,0.000036,,
104.1548,S4,new,0.395048,-1.188136,0.000000,0.000001,0.000000,0.000048,,
104.1648,S4,new,0.395048,-1.188136,0.000000,0.000001,0.000000,0.000060,-92.5428,59.4789
104.1748,S4,new,0.395048,-1.188136,0.000000,0.000001,0.000000,0.000072,,
104.1848,S4,new,0.395048,-1.188136,0.000000,0.000001,0.000000,0.000084,,
104.1948,S4,new,0.395048,-1.188136,0.000000,0.000005,0.000000,0.000207,,
104.2048,S4,new,0.395048,-1.188136,0.000000,0.000010,0.000001,0.000376,,
104.2148,S4,new,0.395048,-1.188135,0.000000,0.000015,0.000001,0.000544,-92.5443,59.4800
104.2248,S4,new,0.395048,-1.188135,0.000000,0.000021,0.000002,0.000713,,
104.2348,S4,new,0.395048,-1.188135,0.000000,0.000026,0.000002,0.000881,,
104.2448,S4,new,0.395048,-1.188135,0.000000,0.000031,0.000002,0.001050,,
104.2548,S4,new,0.395048,-1.188135,0.000000,0.000036,0.000003,0.001218,,
104.2648,S4,new,0.395048,-1.188134,0.000000,0.000053,0.000004,0.001597,-92.5475,59.4823
104.2748,S4,new,0.395048,-1.188133,0.000000,0.000086,0.000005,0.002267,,
104.2848,S4,new,0.395048,-1.188132,0.000000,0.000120,0.000007,0.002937,,
104.2948,S4,new,0.395048,-1.188130,0.000000,0.000153,0.000009,0.003606,,
104.3048,S4,new,0.395048,-1.188129,0.000000,0.000186,0.000010,0.004276,,
104.3148,S4,new,0.395048,-1.188128,0.000001,0.000219,0.000012,0.004946,-92.5578,59.4897
104.3248,S4,new,0.395048,-1.188126,0.000001,0.000252,0.000014,0.005615,,
104.3348,S4,new,0.395048,-1.188124,0.000001,0.000296,0.000016,0.006407,,
104.3448,S4,new,0.395048,-1.188118,0.000001,0.000410,0.000020,0.008017,,
104.3548,S4,new,0.395048,-1.188112,0.000001,0.000523,0.000024,0.009627,,
104.3648,S4,new,0.395048,-1.188106,0.000002,0.000637,0.000029,0.011237,-92.5771,59.5036
104.3748,S4,new,0.395048,-1.188099,0.000002,0.000751,0.000033,0.012848,,
104.3848,S4,new,0.395048,-1.188093,0.000002,0.000864,0.000038,0.014458,,
104.3948,S4,new,0.395048,-1.188087,0.000002,0.000978,0.000042,0.016068,,
104.4048,S4,new,0.395048,-1.188081,0.000003,0.001092,0.000046,0.017679,,
104.4148,S4,new,0.395048,-1.188063,0.000003,0.001343,0.000055,0.020389,-92.6052,59.5238
104.4248,S4,new,0.395048,-1.188043,0.000004,0.001620,0.000064,0.023311,,
104.4348,S4,new,0.395048,-1.188023,0.000005,0.001897,0.000073,0.026233,,
104.4448,S4,new,0.395048,-1.188003,0.000006,0.002174,0.000083,0.029155,,
104.4548,S4,new,0.395048,-1.187983,0.000007,0.002451,0.000092,0.032077,,
104.4648,S4,new,0.395048,-1.187963,0.000007,0.002729,0.000101,0.034999,-92.6500,59.5560
104.4748,S4,new,0.395048,-1.187944,0.000008,0.003006,0.000110,0.037921,,
104.4848,S4,new,0.395049,-1.187908,0.000009,0.003428,0.000124,0.041615,,
104.4948,S4,new,0.395049,-1.187858,0.000011,0.003971,0.000141,0.045944,,
104.5048,S4,new,0.395049,-1.187809,0.000013,0.004513,0.000159,0.050272,,
104.5148,S4,new,0.395049,-1.187760,0.000014,0.005055,0.000176,0.054601,-92.7103,59.5991
104.5248,S4,new,0.395049,-1.187711,0.000016,0.005597,0.000194,0.058929,,
104.5348,S4,new,0.395049,-1.187662,0.000018,0.006139,0.000211,0.063258,,
104.5448,S4,new,0.395049,-1.187613,0.000020,0.006682,0.000228,0.067586,,
104.5548,S4,new,0.395050,-1.187550,0.000022,0.007316,0.000249,0.072169,,
104.5648,S4,new,0.395050,-1.187449,0.000025,0.008214,0.000279,0.077481,-92.7808,59.6492
104.5748,S4,new,0.395050,-1.187348,0.000029,0.009112,0.000310,0.082793,,
104.5848,S4,new,0.395051,-1.187246,0.000032,0.010011,0.000340,0.088105,,
104.5948,S4,new,0.395051,-1.187145,0.000035,0.010909,0.000371,0.093417,,
104.6048,S4,new,0.395051,-1.187044,0.000039,0.011807,0.000401,0.098729,,
104.6148,S4,new,0.395051,-1.186943,0.000042,0.012705,0.000431,0.104041,-92.8629,59.7070
104.6248,S4,new,0.395052,-1.186842,0.000046,0.013604,0.000462,0.109353,,
104.6348,S4,new,0.395052,-1.186663,0.000052,0.014879,0.000511,0.114458,,
104.6448,S4,new,0.395053,-1.186482,0.000058,0.016167,0.000562,0.119556,,
104.6548,S4,new,0.395054,-1.186301,0.000065,0.017455,0.000612,0.124654,,
104.6648,S4,new,0.395054,-1.186120,0.000071,0.018742,0.000662,0.129751,-92.9427,59.7622
104.6748,S4,new,0.395055,-1.185939,0.000077,0.020030,0.000713,0.134849,,
104.6848,S4,new,0.395056,-1.185758,0.000084,0.021318,0.000763,0.139947,,
104.6948,S4,new,0.395056,-1.185577,0.000090,0.022606,0.000813,0.145045,,
104.7048,S4,new,0.395058,-1.185324,0.000099,0.024097,0.000883,0.148492,,
104.7148,S4,new,0.395059,-1.185038,0.000110,0.025685,0.000963,0.151155,-93.0095,59.8071
104.7248,S4,new,0.395060,-1.184751,0.000121,0.027273,0.001043,0.153818,,
104.7348,S4,new,0.395061,-1.184464,0.000132,0.028860,0.001123,0.156480,,
104.7448,S4,new,0.395063,-1.184177,0.000143,0.030448,0.001203,0.159143,,
104.7548,S4,new,0.395064,-1.183890,0.000154,0.032036,0.001283,0.161806,,
104.7648,S4,new,0.395065,-1.183603,0.000165,0.033624,0.001363,0.164469,-93.0519,59.8331
104.7748,S4,new,0.395067,-1.183270,0.000179,0.035213,0.001459,0.164846,,
104.7848,S4,new,0.395069,-1.182865,0.000197,0.036805,0.001582,0.161612,,
104.7948,S4,new,0.395072,-1.182460,0.000216,0.038397,0.001704,0.158379,,
104.8048,S4,new,0.395074,-1.182054,0.000234,0.039989,0.001826,0.155146,,
104.8148,S4,new,0.395076,-1.181649,0.000252,0.041581,0.001949,0.151912,-93.0147,59.8004
104.8248,S4,new,0.395079,-1.181243,0.000270,0.043173,0.002071,0.148679,,
104.8348,S4,new,0.395081,-1.180838,0.000289,0.044766,0.002194,0.145446,,
104.8448,S4,new,0.395083,-1.180423,0.000308,0.046300,0.002322,0.141163,,
104.8548,S4,new,0.395087,-1.179918,0.000337,0.047298,0.002503,0.127167,,
104.8648,S4,new,0.395092,-1.179414,0.000367,0.048296,0.002685,0.113170,-92.8966,59.7089
104.8748,S4,new,0.395096,-1.178909,0.000396,0.049294,0.002866,0.099174,,
104.8848,S4,new,0.395100,-1.178405,0.000425,0.050292,0.003047,0.085178,,
104.8948,S4,new,0.395104,-1.177900,0.000454,0.051290,0.003229,0.071181,,
104.9048,S4,new,0.395108,-1.177396,0.000483,0.052289,0.003410,0.057185,,
104.9148,S4,new,0.395112,-1.176891,0.000513,0.053287,0.003592,0.043189,-92.6815,59.5477
104.9248,S4,new,0.395118,-1.176363,0.000553,0.053391,0.003758,0.033452,,
104.9348,S4,new,0.395125,-1.175829,0.000596,0.053282,0.003922,0.024731,,
104.9448,S4,new,0.395131,-1.175294,0.000639,0.053173,0.004085,0.016011,,
104.9548,S4,new,0.395138,-1.174760,0.000682,0.053065,0.004248,0.007291,,
104.9648,S4,new,0.395145,-1.174226,0.000725,0.052956,0.004411,-0.001430,-92.5455,59.4422
104.9748,S4,new,0.395151,-1.173692,0.000768,0.052847,0.004574,-0.010150,,
104.9848,S4,new,0.395158,-1.173158,0.000812,0.052738,0.004737,-0.018870,,
104.9948,S4,new,0.395166,-1.172631,0.000859,0.052609,0.004871,-0.021421,,
105.0048,S4,new,0.395177,-1.172111,0.000912,0.052462,0.004976,-0.018208,,
105.0148,S4,new,0.395187,-1.171591,0.000964,0.052314,0.005082,-0.014995,-92.5065,59.4051
105.0248,S4,new,0.395197,-1.171071,0.001016,0.052166,0.005188,-0.011782,,
105.0348,S4,new,0.395207,-1.170551,0.001068,0.052019,0.005293,-0.008569,,
105.0448,S4,new,0.395217,-1.170031,0.001120,0.051871,0.005399,-0.005355,,
105.0548,S4,new,0.395228,-1.169511,0.001173,0.051723,0.005505,-0.002142,,
105.0648,S4,new,0.395239,-1.168990,0.001226,0.051682,0.005599,0.002629,-92.5652,59.4363
105.0748,S4,new,0.395253,-1.168467,0.001285,0.052003,0.005657,0.012712,,
105.0848,S4,new,0.395267,-1.167943,0.001343,0.052324,0.005714,0.022796,,
105.0948,S4,new,0.395281,-1.167420,0.001401,0.052645,0.005771,0.032879,,
105.1048,S4,new,0.395296,-1.166896,0.001460,0.052967,0.005829,0.042962,,
105.1148,S4,new,0.395310,-1.166373,0.001518,0.053288,0.005886,0.053046,-92.7283,59.5390
105.1248,S4,new,0.395324,-1.165850,0.001576,0.053609,0.005944,0.063129,,
105.1348,S4,new,0.395338,-1.165326,0.001635,0.053930,0.006001,0.073213,,
105.1448,S4,new,0.395357,-1.164749,0.001695,0.055175,0.006055,0.085105,,
105.1548,S4,new,0.395375,-1.164168,0.001756,0.056482,0.006109,0.097119,,
105.1648,S4,new,0.395394,-1.163587,0.001817,0.057789,0.006162,0.109133,-92.9105,59.6526
105.1748,S4,new,0.395412,-1.163007,0.001877,0.059097,0.006216,0.121147,,
105.1848,S4,new,0.395431,-1.162426,0.001938,0.060404,0.006270,0.133162,,
105.1948,S4,new,0.395449,-1.161845,0.001999,0.061711,0.006324,0.145176,,
105.2048,S4,new,0.395468,-1.161264,0.002059,0.063019,0.006378,0.157190,,
105.2148,S4,new,0.395490,-1.160612,0.002127,0.064449,0.006535,0.159005,-93.0741,59.7510
105.2248,S4,new,0.395513,-1.159921,0.002199,0.065947,0.006748,0.155239,,
105.2348,S4,new,0.395536,-1.159230,0.002270,0.067445,0.006961,0.151472,,
105.2448,S4,new,0.395560,-1.158539,0.002342,0.068942,0.007175,0.147705,,
105.2548,S4,new,0.395583,-1.157848,0.002413,0.070440,0.007388,0.143939,,
105.2648,S4,new,0.395606,-1.157157,0.002484,0.071938,0.007602,0.140172,-93.0227,59.6963
105.2748,S4,new,0.395630,-1.156466,0.002556,0.073435,0.007815,0.136405,,
105.2848,S4,new,0.395655,-1.155740,0.002634,0.074787,0.008045,0.131265,,
105.2948,S4,new,0.395684,-1.154953,0.002722,0.075875,0.008304,0.123641,,
105.3048,S4,new,0.395713,-1.154166,0.002811,0.076964,0.008563,0.116017,,
105.3148,S4,new,0.395742,-1.153379,0.002900,0.078052,0.008822,0.108393,-92.9312,59.6118
105.3248,S4,new,0.395772,-1.152592,0.002988,0.079140,0.009082,0.100769,,
105.3348,S4,new,0.395801,-1.151805,0.003077,0.080228,0.009341,0.093146,,
105.3448,S4,new,0.395830,-1.151018,0.003166,0.081316,0.009600,0.085522,,
105.3548,S4,new,0.395859,-1.150227,0.003255,0.082379,0.009856,0.078373,,
105.3648,S4,new,0.395896,-1.149379,0.003362,0.083077,0.010057,0.077978,-92.8444,59.5288
105.3748,S4,new,0.395932,-1.148530,0.003468,0.083775,0.010259,0.077582,,
105.3848,S4,new,0.395968,-1.147682,0.003575,0.084473,0.010461,0.077186,,
105.3948,S4,new,0.396005,-1.146833,0.003681,0.085171,0.010662,0.076791,,
105.4048,S4,new,0.396041,-1.145985,0.003787,0.085869,0.010864,0.076395,,
105.4148,S4,new,0.396077,-1.145136,0.003894,0.086567,0.011065,0.075999,-92.8488,59.5060
105.4248,S4,new,0.396113,-1.144288,0.004000,0.087265,0.011267,0.075604,,
105.4348,S4,new,0.396156,-1.143396,0.004117,0.088088,0.011448,0.077922,,
105.4448,S4,new,0.396201,-1.142492,0.004236,0.088947,0.011622,0.081027,,
105.4548,S4,new,0.396245,-1.141588,0.004356,0.089807,0.011797,0.084131,,
105.4648,S4,new,0.396290,-1.140684,0.004475,0.090666,0.011972,0.087235,-92.8969,59.5098
105.4748,S4,new,0.396334,-1.139779,0.004595,0.091526,0.012146,0.090340,,
105.4848,S4,new,0.396379,-1.138875,0.004714,0.092385,0.012321,0.093444,,
105.4948,S4,new,0.396423,-1.137971,0.004834,0.093245,0.012495,0.096548,,
105.5048,S4,new,0.396472,-1.137033,0.004960,0.094188,0.012683,0.098312,,
105.5148,S4,new,0.396526,-1.136058,0.005093,0.095220,0.012884,0.098654,-92.9468,59.5119
105.5248,S4,new,0.396580,-1.135084,0.005226,0.096252,0.013086,0.098997,,
105.5348,S4,new,0.396633,-1.134109,0.005359,0.097284,0.013287,0.099339,,
105.5448,S4,new,0.396687,-1.133135,0.005491,0.098315,0.013488,0.099681,,
105.5548,S4,new,0.396741,-1.132160,0.005624,0.099347,0.013690,0.100023,,
105.5648,S4,new,0.396794,-1.131186,0.005757,0.100379,0.013891,0.100365,-92.9678,59.4907
105.5748,S4,new,0.396850,-1.130197,0.005893,0.101396,0.014095,0.100344,,
105.5848,S4,new,0.396914,-1.129149,0.006041,0.102350,0.014311,0.098823,,
105.5948,S4,new,0.396978,-1.128102,0.006190,0.103305,0.014527,0.097301,,
105.6048,S4,new,0.397042,-1.127054,0.006338,0.104259,0.014743,0.095780,,
105.6148,S4,new,0.397106,-1.126007,0.006487,0.105214,0.014960,0.094258,-92.9665,59.4499
105.6248,S4,new,0.397170,-1.124959,0.006635,0.106168,0.015176,0.092737,,
105.6348,S4,new,0.397234,-1.123912,0.006783,0.107123,0.015392,0.091215,,
105.6448,S4,new,0.397298,-1.122864,0.006932,0.108077,0.015608,0.089694,,
105.6548,S4,new,0.397372,-1.121756,0.007094,0.108967,0.015807,0.089421,,
105.6648,S4,new,0.397447,-1.120643,0.007258,0.109850,0.016005,0.089279,-92.9700,59.4092
105.6748,S4,new,0.397523,-1.119529,0.007421,0.110732,0.016203,0.089137,,
105.6848,S4,new,0.397598,-1.118415,0.007585,0.111615,0.016400,0.088996,,
105.6948,S4,new,0.397673,-1.117301,0.007748,0.112498,0.016598,0.088854,,
105.7048,S4,new,0.397749,-1.116187,0.007912,0.113381,0.016796,0.088712,,
105.7148,S4,new,0.397824,-1.115073,0.008076,0.114264,0.016993,0.088571,-92.9888,59.3750
105.7248,S4,new,0.397907,-1.113920,0.008248,0.115151,0.017184,0.088531,,
105.7348,S4,new,0.397995,-1.112741,0.008425,0.116040,0.017371,0.088554,,
105.7448,S4,new,0.398083,-1.111563,0.008603,0.116930,0.017557,0.088577,,
105.7548,S4,new,0.398170,-1.110384,0.008780,0.117819,0.017743,0.088600,,
105.7648,S4,new,0.398258,-1.109206,0.008958,0.118709,0.017930,0.088624,-93.0137,59.3392
105.7748,S4,new,0.398346,-1.108028,0.009135,0.119598,0.018116,0.088647,,
105.7848,S4,new,0.398434,-1.106849,0.009313,0.120488,0.018303,0.088670,,
105.7948,S4,new,0.398526,-1.105650,0.009495,0.121370,0.018486,0.088508,,
105.8048,S4,new,0.398627,-1.104407,0.009686,0.122238,0.018665,0.087960,,
105.8148,S4,new,0.398728,-1.103164,0.009877,0.123105,0.018843,0.087412,-93.0361,59.2979
105.8248,S4,new,0.398829,-1.101922,0.010067,0.123973,0.019021,0.086864,,
105.8348,S4,new,0.398931,-1.100679,0.010258,0.124840,0.019200,0.086316,,
105.8448,S4,new,0.399032,-1.099436,0.010449,0.125708,0.019378,0.085768,,
105.8548,S4,new,0.399133,-1.098193,0.010640,0.126575,0.019556,0.085220,,
105.8648,S4,new,0.399235,-1.096949,0.010831,0.127441,0.019734,0.084673,-93.0552,59.2506
105.8748,S4,new,0.399350,-1.095644,0.011035,0.128268,0.019895,0.084171,,
105.8848,S4,new,0.399466,-1.094340,0.011238,0.129096,0.020056,0.083668,,
105.8948,S4,new,0.399582,-1.093035,0.011441,0.129923,0.020216,0.083166,,
105.9048,S4,new,0.399697,-1.091731,0.011644,0.130750,0.020377,0.082663,,
105.9148,S4,new,0.399813,-1.090426,0.011848,0.131577,0.020538,0.082160,-93.0797,59.2000
105.9248,S4,new,0.399928,-1.089122,0.012051,0.132404,0.020699,0.081658,,
105.9348,S4,new,0.400044,-1.087817,0.012254,0.133231,0.020860,0.081155,,
105.9448,S4,new,0.400171,-1.086469,0.012466,0.134033,0.021005,0.080669,,
105.9548,S4,new,0.400302,-1.085105,0.012680,0.134826,0.021145,0.080189,,
105.9648,S4,new,0.400432,-1.083741,0.012894,0.135620,0.021286,0.079709,-93.1062,59.1464
105.9748,S4,new,0.400563,-1.082378,0.013108,0.136413,0.021426,0.079229,,
105.9848,S4,new,0.400694,-1.081014,0.013323,0.137206,0.021566,0.078749,,
105.9948,S4,new,0.400825,-1.079651,0.013537,0.138000,0.021706,0.078269,,
106.0048,S4,new,0.400956,-1.078287,0.013751,0.138793,0.021847,0.077789,,
106.0148,S4,new,0.401094,-1.076898,0.013970,0.139569,0.021977,0.077259,-93.1344,59.0896
106.0248,S4,new,0.401240,-1.075478,0.014193,0.140323,0.022096,0.076668,,
106.0348,S4,new,0.401387,-1.074058,0.014417,0.141077,0.022215,0.076078,,
106.0448,S4,new,0.401534,-1.072638,0.014641,0.141831,0.022333,0.075488,,
106.0548,S4,new,0.401681,-1.071218,0.014865,0.142585,0.022452,0.074898,,
106.0648,S4,new,0.401828,-1.069798,0.015088,0.143339,0.022571,0.074308,-93.1657,59.0279
106.0748,S4,new,0.401974,-1.068378,0.015312,0.144093,0.022690,0.073717,,
106.0848,S4,new,0.402124,-1.066949,0.015537,0.144840,0.022804,0.073121,,
106.0948,S4,new,0.402287,-1.065476,0.015768,0.145549,0.022895,0.072492,,
106.1048,S4,new,0.402451,-1.064002,0.016000,0.146259,0.022986,0.071863,,
106.1148,S4,new,0.402614,-1.062529,0.016231,0.146968,0.023077,0.071234,-93.1992,58.9625
106.1248,S4,new,0.402777,-1.061056,0.016462,0.147678,0.023168,0.070604,,
106.1348,S4,new,0.402941,-1.059582,0.016694,0.148387,0.023259,0.069975,,
106.1448,S4,new,0.403104,-1.058109,0.016925,0.149097,0.023350,0.069346,,
106.1548,S4,new,0.403268,-1.056636,0.017157,0.149806,0.023441,0.068717,,
106.1648,S4,new,0.403446,-1.055119,0.017393,0.150474,0.023510,0.068051,-93.2342,58.8934
106.1748,S4,new,0.403626,-1.053595,0.017630,0.151136,0.023576,0.067379,,
106.1848,S4,new,0.403807,-1.052072,0.017867,0.151799,0.023642,0.066707,,
106.1948,S4,new,0.403987,-1.050548,0.018104,0.152461,0.023708,0.066036,,
106.2048,S4,new,0.404168,-1.049025,0.018341,0.153123,0.023774,0.065364,,
106.2148,S4,new,0.404348,-1.047502,0.018578,0.153785,0.023840,0.064692,-93.2729,58.8200
106.2248,S4,new,0.404529,-1.045978,0.018815,0.154447,0.023906,0.064020,,
106.2348,S4,new,0.404719,-1.044428,0.019054,0.155080,0.023960,0.063321,,
106.2448,S4,new,0.404917,-1.042858,0.019296,0.155692,0.024006,0.062603,,
106.2548,S4,new,0.405115,-1.041288,0.019537,0.156303,0.024052,0.061885,,
106.2648,S4,new,0.405313,-1.039718,0.019778,0.156914,0.024098,0.061166,-93.3142,58.7425
106.2748,S4,new,0.405511,-1.038148,0.020019,0.157526,0.024145,0.060448,,
106.2848,S4,new,0.405709,-1.036578,0.020260,0.158137,0.024191,0.059729,,
106.2948,S4,new,0.405907,-1.035009,0.020501,0.158749,0.024237,0.059011,,
106.3048,S4,new,0.406110,-1.033426,0.020743,0.159345,0.024259,0.058278,,
106.3148,S4,new,0.406325,-1.031814,0.020985,0.159902,0.024223,0.057508,-93.3574,58.6613
106.3248,S4,new,0.406541,-1.030201,0.021226,0.160459,0.024188,0.056739,,
106.3348,S4,new,0.406756,-1.028589,0.021468,0.161016,0.024152,0.055970,,
106.3448,S4,new,0.406972,-1.026976,0.021710,0.161574,0.024117,0.055200,,
106.3548,S4,new,0.407188,-1.025364,0.021951,0.162131,0.024081,0.054431,,
106.3648,S4,new,0.407403,-1.023752,0.022193,0.162688,0.024045,0.053661,-93.4049,58.5763
106.3748,S4,new,0.407619,-1.022139,0.022435,0.163245,0.024010,0.052892,,
106.3848,S4,new,0.407852,-1.020488,0.022675,0.163746,0.024068,0.052115,,
106.3948,S4,new,0.408085,-1.018837,0.022916,0.164246,0.024127,0.051338,,
106.4048,S4,new,0.408318,-1.017186,0.023157,0.164746,0.024186,0.050560,,
106.4148,S4,new,0.408551,-1.015535,0.023397,0.165247,0.024244,0.049783,-93.4530,58.4864
106.4248,S4,new,0.408784,-1.013884,0.023638,0.165747,0.024303,0.049006,,
106.4348,S4,new,0.409017,-1.012233,0.023878,0.166248,0.024361,0.048229,,
106.4448,S4,new,0.409250,-1.010582,0.024119,0.166748,0.024420,0.047452,,
106.4548,S4,new,0.409496,-1.008906,0.024363,0.167207,0.024343,0.046624,,
106.4648,S4,new,0.409747,-1.007221,0.024609,0.167650,0.024212,0.045776,-93.5036,58.3929
106.4748,S4,new,0.409998,-1.005535,0.024855,0.168093,0.024081,0.044928,,
106.4848,S4,new,0.410249,-1.003850,0.025101,0.168536,0.023950,0.044080,,
106.4948,S4,new,0.410500,-1.002165,0.025347,0.168979,0.023819,0.043231,,
106.5048,S4,new,0.410750,-1.000479,0.025593,0.169422,0.023688,0.042383,,
106.5148,S4,new,0.411001,-0.998794,0.025839,0.169865,0.023557,0.041535,-93.5599,58.2963
106.5248,S4,new,0.411259,-0.997096,0.026069,0.170279,0.023165,0.040616,,
106.5348,S4,new,0.411527,-0.995380,0.026277,0.170653,0.022417,0.039600,,
106.5448,S4,new,0.411795,-0.993665,0.026485,0.171027,0.021668,0.038584,,
106.5548,S4,new,0.412062,-0.991950,0.026693,0.171400,0.020920,0.037568,,
106.5648,S4,new,0.412330,-0.990234,0.026901,0.171774,0.020172,0.036552,-93.6363,58.1996
106.5748,S4,new,0.412598,-0.988519,0.027109,0.172148,0.019423,0.035536,,
106.5848,S4,new,0.412866,-0.986804,0.027317,0.172521,0.018675,0.034520,,
106.5948,S4,new,0.413135,-0.985085,0.027532,0.172888,0.018326,0.033596,,
106.6048,S4,new,0.413419,-0.983345,0.027794,0.173213,0.020613,0.033282,,
106.6148,S4,new,0.413702,-0.981604,0.028056,0.173538,0.022901,0.032968,-93.6761,58.0903
106.6248,S4,new,0.413986,-0.979864,0.028318,0.173862,0.025188,0.032654,,
106.6348,S4,new,0.414269,-0.978124,0.028580,0.174187,0.027476,0.032340,,
106.6448,S4,new,0.414553,-0.976383,0.028841,0.174511,0.029763,0.032026,,
106.6548,S4,new,0.414836,-0.974643,0.029103,0.174836,0.032051,0.031712,,
106.6648,S4,new,0.415120,-0.972902,0.029365,0.175161,0.034338,0.031399,-93.6630,57.9644
106.6748,S4,new,0.415423,-0.971143,0.029686,0.175446,0.033181,0.030260,,
106.6848,S4,new,0.415731,-0.969380,0.030018,0.175725,0.031375,0.028966,,
106.6948,S4,new,0.416038,-0.967617,0.030351,0.176003,0.029568,0.027672,,
106.7048,S4,new,0.416345,-0.965854,0.030683,0.176282,0.027761,0.026378,,
106.7148,S4,new,0.416652,-0.964091,0.031015,0.176560,0.025955,0.025084,-93.7791,57.8638
106.7248,S4,new,0.416959,-0.962329,0.031347,0.176839,0.024148,0.023790,,
106.7348,S4,new,0.417266,-0.960566,0.031680,0.177117,0.022341,0.022496,,
106.7448,S4,new,0.417582,-0.958794,0.031879,0.177329,0.020392,0.021161,,
106.7548,S4,new,0.417905,-0.957015,0.031971,0.177487,0.018327,0.019794,,
106.7648,S4,new,0.418228,-0.955236,0.032063,0.177645,0.016261,0.018428,-93.9048,57.7621
106.7748,S4,new,0.418550,-0.953457,0.032154,0.177803,0.014196,0.017061,,
106.7848,S4,new,0.418873,-0.951679,0.032246,0.177961,0.012130,0.015694,,
106.7948,S4,new,0.419196,-0.949900,0.032337,0.178119,0.010065,0.014327,,
106.8048,S4,new,0.419519,-0.948121,0.032429,0.178277,0.008000,0.012960,,
106.8148,S4,new,0.419843,-0.946340,0.032534,0.178421,0.007044,0.011853,-94.0290,57.6566
106.8248,S4,new,0.420172,-0.944552,0.032679,0.178527,0.009233,0.011480,,
106.8348,S4,new,0.420502,-0.942764,0.032823,0.178633,0.011423,0.011108,,
106.8448,S4,new,0.420831,-0.940976,0.032968,0.178739,0.013612,0.010735,,
106.8548,S4,new,0.421160,-0.939188,0.033112,0.178845,0.015801,0.010363,,
106.8648,S4,new,0.421490,-0.937400,0.033256,0.178951,0.017990,0.009990,-94.0279,57.5178
106.8748,S4,new,0.421819,-0.935612,0.033401,0.179057,0.020180,0.009618,,
106.8848,S4,new,0.422148,-0.933824,0.033545,0.179163,0.022369,0.009245,,
106.8948,S4,new,0.422491,-0.932030,0.033745,0.179219,0.021704,0.008203,,
106.9048,S4,new,0.422834,-0.930236,0.033946,0.179273,0.020954,0.007140,,
106.9148,S4,new,0.423177,-0.928442,0.034146,0.179328,0.020203,0.006077,-94.0818,57.3889
106.9248,S4,new,0.423520,-0.926648,0.034347,0.179383,0.019452,0.005014,,
106.9348,S4,new,0.423864,-0.924854,0.034548,0.179437,0.018701,0.003951,,
106.9448,S4,new,0.424207,-0.923059,0.034749,0.179492,0.017950,0.002887,,
106.9548,S4,new,0.424550,-0.921265,0.034950,0.179546,0.017199,0.001824,,
106.9648,S4,new,0.424902,-0.919470,0.035115,0.179548,0.016673,0.000817,-94.1722,57.2660
106.9748,S4,new,0.425257,-0.917675,0.035262,0.179526,0.016254,-0.000163,,
106.9848,S4,new,0.425613,-0.915880,0.035410,0.179503,0.015834,-0.001144,,
106.9948,S4,new,0.425969,-0.914085,0.035557,0.179480,0.015415,-0.002124,,
107.0048,S4,new,0.426324,-0.912289,0.035705,0.179458,0.014995,-0.003105,,
107.0148,S4,new,0.426680,-0.910494,0.035852,0.179435,0.014575,-0.004085,-94.2567,57.1386
107.0248,S4,new,0.427036,-0.908699,0.036000,0.179413,0.014156,-0.005066,,
107.0348,S4,new,0.427395,-0.906905,0.036142,0.179364,0.013841,-0.006019,,
107.0448,S4,new,0.427761,-0.905114,0.036277,0.179274,0.013689,-0.006930,,
107.0548,S4,new,0.428127,-0.903323,0.036411,0.179185,0.013537,-0.007841,,
107.0648,S4,new,0.428493,-0.901532,0.036546,0.179095,0.013385,-0.008752,-94.3365,57.0076
107.0748,S4,new,0.428859,-0.899741,0.036681,0.179006,0.013233,-0.009663,,
107.0848,S4,new,0.429225,-0.897950,0.036815,0.178916,0.013081,-0.010574,,
107.0948,S4,new,0.429591,-0.896159,0.036950,0.178826,0.012930,-0.011485,,
107.1048,S4,new,0.429957,-0.894368,0.037083,0.178730,0.012760,-0.012400,,
107.1148,S4,new,0.430333,-0.892586,0.037198,0.178572,0.012426,-0.013348,-94.4151,56.8740
107.1248,S4,new,0.430708,-0.890804,0.037314,0.178415,0.012091,-0.014296,,
107.1348,S4,new,0.431083,-0.889022,0.037430,0.178257,0.011757,-0.015245,,
107.1448,S4,new,0.431458,-0.887240,0.037546,0.178099,0.011423,-0.016193,,
107.1548,S4,new,0.431833,-0.885458,0.037662,0.177942,0.011089,-0.017141,,
107.1648,S4,new,0.432208,-0.883676,0.037778,0.177784,0.010755,-0.018089,-94.4998,56.7398
107.1748,S4,new,0.432583,-0.881893,0.037894,0.177626,0.010421,-0.019037,,
107.1848,S4,new,0.432964,-0.880123,0.037990,0.177413,0.010105,-0.019965,,
107.1948,S4,new,0.433347,-0.878354,0.038082,0.177187,0.009794,-0.020888,,
107.2048,S4,new,0.433730,-0.876586,0.038174,0.176961,0.009482,-0.021811,,
107.2148,S4,new,0.434112,-0.874818,0.038266,0.176735,0.009171,-0.022734,-94.5853,56.6043
107.2248,S4,new,0.434495,-0.873050,0.038358,0.176509,0.008860,-0.023656,,
107.2348,S4,new,0.434877,-0.871282,0.038450,0.176283,0.008548,-0.024579,,
107.2448,S4,new,0.435260,-0.869514,0.038542,0.176057,0.008237,-0.025502,,
107.2548,S4,new,0.435646,-0.867755,0.038622,0.175797,0.007924,-0.026417,,
107.2648,S4,new,0.436034,-0.866006,0.038692,0.175504,0.007611,-0.027325,-94.6707,56.4672
107.2748,S4,new,0.436423,-0.864257,0.038761,0.175212,0.007298,-0.028232,,
107.2848,S4,new,0.436811,-0.862508,0.038831,0.174919,0.006985,-0.029140,,
107.2948,S4,new,0.437200,-0.860759,0.038900,0.174627,0.006672,-0.030048,,
107.3048,S4,new,0.437588,-0.859009,0.038970,0.174334,0.006359,-0.030956,,
107.3148,S4,new,0.437977,-0.857260,0.039040,0.174042,0.006046,-0.031863,-94.7568,56.3290
107.3248,S4,new,0.438366,-0.855516,0.039104,0.173734,0.005728,-0.032771,,
107.3348,S4,new,0.438759,-0.853791,0.039150,0.173375,0.005393,-0.033677,,
107.3448,S4,new,0.439152,-0.852065,0.039196,0.173016,0.005059,-0.034583,,
107.3548,S4,new,0.439545,-0.850340,0.039241,0.172657,0.004725,-0.035489,,
107.3648,S4,new,0.439937,-0.848614,0.039287,0.172299,0.004390,-0.036395,-94.8445,56.1907
107.3748,S4,new,0.440330,-0.846889,0.039333,0.171940,0.004056,-0.037301,,
107.3848,S4,new,0.440723,-0.845163,0.039379,0.171581,0.003721,-0.038207,,
107.3948,S4,new,0.441116,-0.843438,0.039425,0.171222,0.003387,-0.039113,,
107.4048,S4,new,0.441511,-0.841739,0.039448,0.170803,0.003059,-0.039962,,
107.4148,S4,new,0.441906,-0.840042,0.039470,0.170380,0.002732,-0.040806,-94.9320,56.0518
107.4248,S4,new,0.442301,-0.838345,0.039491,0.169957,0.002404,-0.041651,,
107.4348,S4,new,0.442696,-0.836648,0.039513,0.169534,0.002077,-0.042496,,
107.4448,S4,new,0.443092,-0.834951,0.039534,0.169110,0.001749,-0.043340,,
107.4548,S4,new,0.443487,-0.833255,0.039556,0.168687,0.001422,-0.044185,,
107.4648,S4,new,0.443882,-0.831558,0.039578,0.168264,0.001094,-0.045029,-95.0197,55.9125
107.4748,S4,new,0.444278,-0.829882,0.039584,0.167802,0.000769,-0.045844,,
107.4848,S4,new,0.444674,-0.828218,0.039582,0.167320,0.000445,-0.046642,,
107.4948,S4,new,0.445070,-0.826554,0.039580,0.166837,0.000121,-0.047440,,
107.5048,S4,new,0.445466,-0.824890,0.039578,0.166355,-0.000203,-0.048239,,
107.5148,S4,new,0.445861,-0.823226,0.039576,0.165872,-0.000527,-0.049037,-95.1086,55.7745
107.5248,S4,new,0.446257,-0.821562,0.039574,0.165390,-0.000851,-0.049835,,
107.5348,S4,new,0.446653,-0.819899,0.039572,0.164907,-0.001175,-0.050633,,
107.5448,S4,new,0.447049,-0.818248,0.039561,0.164402,-0.001518,-0.051481,,
107.5548,S4,new,0.447444,-0.816621,0.039533,0.163857,-0.001893,-0.052417,,
107.5648,S4,new,0.447839,-0.814995,0.039506,0.163312,-0.002267,-0.053353,-95.1963,55.6360
107.5748,S4,new,0.448233,-0.813368,0.039479,0.162766,-0.002642,-0.054289,,
107.5848,S4,new,0.448628,-0.811742,0.039451,0.162221,-0.003017,-0.055225,,
107.5948,S4,new,0.449023,-0.810115,0.039424,0.161675,-0.003392,-0.056161,,
107.6048,S4,new,0.449418,-0.808489,0.039396,0.161130,-0.003767,-0.057097,,
107.6148,S4,new,0.449813,-0.806865,0.039367,0.160580,-0.004140,-0.058025,-95.2829,55.4971
107.6248,S4,new,0.450205,-0.805281,0.039313,0.159968,-0.004489,-0.058848,,
107.6348,S4,new,0.450597,-0.803697,0.039258,0.159355,-0.004837,-0.059670,,
107.6448,S4,new,0.450988,-0.802112,0.039203,0.158743,-0.005186,-0.060493,,
107.6548,S4,new,0.451380,-0.800528,0.039149,0.158131,-0.005534,-0.061316,,
107.6648,S4,new,0.451772,-0.798944,0.039094,0.157519,-0.005883,-0.062138,-95.3703,55.3611
107.6748,S4,new,0.452164,-0.797360,0.039039,0.156906,-0.006232,-0.062961,,
107.6848,S4,new,0.452556,-0.795775,0.038985,0.156294,-0.006580,-0.063784,,
107.6948,S4,new,0.452944,-0.794227,0.038915,0.155652,-0.006813,-0.064208,,
107.7048,S4,new,0.453331,-0.792689,0.038842,0.155001,-0.007013,-0.064518,,
107.7148,S4,new,0.453718,-0.791151,0.038768,0.154350,-0.007213,-0.064828,-95.4580,55.2272
107.7248,S4,new,0.454105,-0.789613,0.038694,0.153700,-0.007412,-0.065139,,
107.7348,S4,new,0.454493,-0.788075,0.038620,0.153049,-0.007612,-0.065449,,
107.7448,S4,new,0.454880,-0.786537,0.038547,0.152398,-0.007812,-0.065759,,
107.7548,S4,new,0.455267,-0.784999,0.038473,0.151747,-0.008012,-0.066070,,
107.7648,S4,new,0.455651,-0.783485,0.038391,0.151084,-0.008257,-0.066525,-95.5456,55.0951
107.7748,S4,new,0.456032,-0.781995,0.038302,0.150408,-0.008550,-0.067134,,
107.7848,S4,new,0.456413,-0.780505,0.038213,0.149732,-0.008843,-0.067742,,
107.7948,S4,new,0.456795,-0.779016,0.038123,0.149055,-0.009137,-0.068351,,
107.8048,S4,new,0.457176,-0.777526,0.038034,0.148379,-0.009430,-0.068959,,
107.8148,S4,new,0.457557,-0.776036,0.037945,0.147703,-0.009723,-0.069567,-95.6310,54.9641
107.8248,S4,new,0.457938,-0.774546,0.037855,0.147027,-0.010016,-0.070176,,
107.8348,S4,new,0.458318,-0.773067,0.037758,0.146330,-0.010383,-0.071030,,
107.8448,S4,new,0.458691,-0.771630,0.037631,0.145554,-0.011050,-0.072884,,
107.8548,S4,new,0.459065,-0.770192,0.037503,0.144778,-0.011717,-0.074738,,
107.8648,S4,new,0.459438,-0.768755,0.037376,0.144002,-0.012384,-0.076591,-95.7103,54.8307
107.8748,S4,new,0.459812,-0.767318,0.037249,0.143225,-0.013051,-0.078445,,
107.8848,S4,new,0.460185,-0.765880,0.037121,0.142449,-0.013718,-0.080299,,
107.8948,S4,new,0.460559,-0.764443,0.036994,0.141673,-0.014384,-0.082152,,
107.9048,S4,new,0.460932,-0.763006,0.036866,0.140896,-0.015051,-0.084006,,
107.9148,S4,new,0.461296,-0.761624,0.036698,0.140009,-0.015627,-0.085550,-95.7860,54.6968
107.9248,S4,new,0.461658,-0.760248,0.036526,0.139110,-0.016193,-0.087062,,
107.9348,S4,new,0.462021,-0.758871,0.036353,0.138211,-0.016760,-0.088573,,
107.9448,S4,new,0.462383,-0.757495,0.036181,0.137312,-0.017326,-0.090085,,
107.9548,S4,new,0.462746,-0.756119,0.036009,0.136413,-0.017892,-0.091597,,
107.9648,S4,new,0.463108,-0.754743,0.035836,0.135514,-0.018459,-0.093109,-95.8612,54.5678
107.9748,S4,new,0.463471,-0.753367,0.035664,0.134615,-0.019025,-0.094621,,
107.9848,S4,new,0.463825,-0.752031,0.035495,0.133744,-0.018813,-0.093517,,
107.9948,S4,new,0.464175,-0.750721,0.035327,0.132891,-0.018117,-0.090789,,
108.0048,S4,new,0.464525,-0.749411,0.035160,0.132038,-0.017421,-0.088061,,
108.0148,S4,new,0.464874,-0.748100,0.034993,0.131184,-0.016725,-0.085333,-95.9513,54.4579
108.0248,S4,new,0.465224,-0.746790,0.034825,0.130331,-0.016028,-0.082604,,
108.0348,S4,new,0.465573,-0.745480,0.034658,0.129478,-0.015332,-0.079876,,
108.0448,S4,new,0.465923,-0.744169,0.034491,0.128625,-0.014636,-0.077148,,
108.0548,S4,new,0.466269,-0.742877,0.034338,0.127830,-0.014008,-0.074649,,
108.0648,S4,new,0.466608,-0.741622,0.034216,0.127156,-0.013519,-0.072622,-96.0451,54.3548
108.0748,S4,new,0.466947,-0.740367,0.034094,0.126482,-0.013030,-0.070595,,
108.0848,S4,new,0.467286,-0.739112,0.033971,0.125808,-0.012541,-0.068568,,
108.0948,S4,new,0.467625,-0.737857,0.033849,0.125133,-0.012052,-0.066541,,
108.1048,S4,new,0.467964,-0.736602,0.033727,0.124459,-0.011563,-0.064515,,
108.1148,S4,new,0.468304,-0.735347,0.033604,0.123785,-0.011074,-0.062488,-96.1342,54.2516
108.1248,S4,new,0.468642,-0.734094,0.033482,0.123113,-0.010643,-0.060657,,
108.1348,S4,new,0.468973,-0.732884,0.033364,0.122481,-0.011758,-0.064035,,
108.1448,S4,new,0.469304,-0.731674,0.033246,0.121849,-0.012873,-0.067412,,
108.1548,S4,new,0.469635,-0.730464,0.033128,0.121216,-0.013987,-0.070789,,
108.1648,S4,new,0.469966,-0.729255,0.033010,0.120584,-0.015102,-0.074166,-96.1975,54.1292
108.1748,S4,new,0.470298,-0.728045,0.032892,0.119952,-0.016217,-0.077543,,
108.1848,S4,new,0.470629,-0.726835,0.032774,0.119320,-0.017332,-0.080920,,
108.1948,S4,new,0.470960,-0.725625,0.032656,0.118688,-0.018447,-0.084297,,
108.2048,S4,new,0.471280,-0.724462,0.032420,0.117680,-0.020436,-0.090626,,
108.2148,S4,new,0.471598,-0.723315,0.032144,0.116544,-0.022723,-0.097960,-96.2454,53.9970
108.2248,S4,new,0.471915,-0.722168,0.031869,0.115408,-0.025010,-0.105294,,
108.2348,S4,new,0.472232,-0.721021,0.031593,0.114273,-0.027297,-0.112628,,
108.2448,S4,new,0.472549,-0.719874,0.031317,0.113137,-0.029585,-0.119962,,
108.2548,S4,new,0.472866,-0.718727,0.031041,0.112001,-0.031872,-0.127295,,
108.2648,S4,new,0.473184,-0.717580,0.030766,0.110865,-0.034159,-0.134629,-96.2767,53.8558
108.2748,S4,new,0.473489,-0.716478,0.030427,0.109530,-0.036087,-0.140763,,
108.2848,S4,new,0.473781,-0.715431,0.030014,0.107957,-0.037586,-0.145463,,
108.2948,S4,new,0.474073,-0.714384,0.029601,0.106385,-0.039086,-0.150164,,
108.3048,S4,new,0.474365,-0.713336,0.029188,0.104812,-0.040585,-0.154865,,
108.3148,S4,new,0.474656,-0.712289,0.028775,0.103240,-0.042084,-0.159565,-96.3160,53.7341
108.3248,S4,new,0.474948,-0.711242,0.028361,0.101667,-0.043584,-0.164266,,
108.3348,S4,new,0.475240,-0.710195,0.027948,0.100095,-0.045083,-0.168967,,
108.3448,S4,new,0.475526,-0.709168,0.027527,0.098498,-0.046096,-0.172034,,
108.3548,S4,new,0.475785,-0.708245,0.027062,0.096775,-0.044657,-0.166873,,
108.3648,S4,new,0.476043,-0.707322,0.026596,0.095052,-0.043218,-0.161712,-96.3763,53.6401
108.3748,S4,new,0.476302,-0.706399,0.026131,0.093330,-0.041780,-0.156551,,
108.3848,S4,new,0.476560,-0.705475,0.025666,0.091607,-0.040341,-0.151390,,
108.3948,S4,new,0.476819,-0.704552,0.025201,0.089884,-0.038903,-0.146229,,
108.4048,S4,new,0.477078,-0.703629,0.024736,0.088162,-0.037464,-0.141068,,
108.4148,S4,new,0.477336,-0.702706,0.024271,0.086439,-0.036025,-0.135907,-96.4631,53.5787
108.4248,S4,new,0.477572,-0.701867,0.024036,0.085508,-0.032393,-0.123387,,
108.4348,S4,new,0.477805,-0.701041,0.023833,0.084690,-0.028448,-0.109819,,
108.4448,S4,new,0.478038,-0.700214,0.023630,0.083872,-0.024503,-0.096252,,
108.4548,S4,new,0.478271,-0.699388,0.023427,0.083054,-0.020558,-0.082684,,
108.4648,S4,new,0.478504,-0.698562,0.023225,0.082236,-0.016614,-0.069116,-96.5899,53.5644
108.4748,S4,new,0.478737,-0.697735,0.023022,0.081418,-0.012669,-0.055549,,
108.4848,S4,new,0.478970,-0.696909,0.022819,0.080600,-0.008724,-0.041981,,
108.4948,S4,new,0.479200,-0.696099,0.022746,0.080229,-0.005811,-0.031896,,
108.5048,S4,new,0.479427,-0.695302,0.022764,0.080175,-0.003628,-0.024280,,
108.5148,S4,new,0.479654,-0.694505,0.022782,0.080122,-0.001446,-0.016664,-96.6997,53.5370
108.5248,S4,new,0.479881,-0.693708,0.022800,0.080068,0.000736,-0.009048,,
108.5348,S4,new,0.480108,-0.692910,0.022818,0.080015,0.002918,-0.001432,,
108.5448,S4,new,0.480335,-0.692113,0.022837,0.079961,0.005101,0.006184,,
108.5548,S4,new,0.480562,-0.691316,0.022855,0.079908,0.007283,0.013801,,
108.5648,S4,new,0.480791,-0.690515,0.022905,0.079965,0.009055,0.020030,-96.7912,53.4951
108.5748,S4,new,0.481024,-0.689706,0.023029,0.080288,0.009847,0.022943,,
108.5848,S4,new,0.481257,-0.688896,0.023153,0.080610,0.010638,0.025856,,
108.5948,S4,new,0.481489,-0.688087,0.023278,0.080933,0.011429,0.028769,,
108.6048,S4,new,0.481722,-0.687278,0.023402,0.081256,0.012221,0.031683,,
108.6148,S4,new,0.481955,-0.686469,0.023527,0.081579,0.013012,0.034596,-96.8597,53.4310
108.6248,S4,new,0.482188,-0.685660,0.023651,0.081901,0.013804,0.037509,,
108.6348,S4,new,0.482421,-0.684850,0.023775,0.082224,0.014584,0.040385,,
108.6448,S4,new,0.482664,-0.684014,0.023908,0.082593,0.013018,0.035343,,
108.6548,S4,new,0.482907,-0.683177,0.024041,0.082963,0.011452,0.030300,,
108.6648,S4,new,0.483150,-0.682340,0.024175,0.083332,0.009886,0.025258,-96.9028,53.3426
108.6748,S4,new,0.483393,-0.681503,0.024308,0.083701,0.008319,0.020215,,
108.6848,S4,new,0.483636,-0.680666,0.024441,0.084070,0.006753,0.015173,,
108.6948,S4,new,0.483879,-0.679829,0.024574,0.084439,0.005187,0.010130,,
108.7048,S4,new,0.484122,-0.678992,0.024707,0.084808,0.003621,0.005088,,
108.7148,S4,new,0.484365,-0.678158,0.024611,0.084419,-0.000721,-0.009310,-96.9187,53.2298
108.7248,S4,new,0.484608,-0.677327,0.024423,0.083726,-0.006173,-0.027449,,
108.7348,S4,new,0.484851,-0.676495,0.024236,0.083033,-0.011625,-0.045587,,
108.7448,S4,new,0.485094,-0.675663,0.024049,0.082340,-0.017077,-0.063725,,
108.7548,S4,new,0.485337,-0.674831,0.023862,0.081647,-0.022529,-0.081863,,
108.7648,S4,new,0.485580,-0.673999,0.023674,0.080954,-0.027981,-0.100001,-96.8726,53.0663
108.7748,S4,new,0.485823,-0.673167,0.023487,0.080261,-0.033433,-0.118139,,
108.7848,S4,new,0.486055,-0.672373,0.023178,0.079164,-0.037668,-0.132198,,
108.7948,S4,new,0.486273,-0.671631,0.022703,0.077519,-0.040253,-0.140719,,
108.8048,S4,new,0.486491,-0.670888,0.022229,0.075874,-0.042838,-0.149239,,
108.8148,S4,new,0.486708,-0.670146,0.021754,0.074228,-0.045422,-0.157760,-96.8587,52.9394
108.8248,S4,new,0.486926,-0.669404,0.021280,0.072583,-0.048007,-0.166281,,
108.8348,S4,new,0.487144,-0.668661,0.020805,0.070937,-0.050591,-0.174801,,
108.8448,S4,new,0.487361,-0.667919,0.020330,0.069292,-0.053176,-0.183322,,
108.8548,S4,new,0.487574,-0.667195,0.019841,0.067598,-0.055494,-0.190950,,
108.8648,S4,new,0.487752,-0.666588,0.019256,0.065591,-0.056088,-0.192803,-96.8657,52.8389
108.8748,S4,new,0.487930,-0.665982,0.018670,0.063584,-0.056682,-0.194656,,
108.8848,S4,new,0.488108,-0.665376,0.018085,0.061577,-0.057277,-0.196509,,
108.8948,S4,new,0.488286,-0.664769,0.017499,0.059570,-0.057871,-0.198362,,
108.9048,S4,new,0.488464,-0.664163,0.016914,0.057563,-0.058465,-0.200215,,
108.9148,S4,new,0.488642,-0.663557,0.016328,0.055556,-0.059060,-0.202069,-96.8943,52.7719
108.9248,S4,new,0.488820,-0.662950,0.015743,0.053549,-0.059654,-0.203922,,
108.9348,S4,new,0.488962,-0.662468,0.015163,0.051568,-0.059191,-0.202240,,
108.9448,S4,new,0.489097,-0.662009,0.014583,0.049593,-0.058533,-0.199904,,
108.9548,S4,new,0.489232,-0.661550,0.014004,0.047617,-0.057874,-0.197568,,
108.9648,S4,new,0.489367,-0.661090,0.013425,0.045641,-0.057216,-0.195232,-96.9332,52.7301
108.9748,S4,new,0.489503,-0.660631,0.012846,0.043665,-0.056557,-0.192896,,
108.9848,S4,new,0.489638,-0.660172,0.012267,0.041689,-0.055898,-0.190560,,
108.9948,S4,new,0.489773,-0.659713,0.011688,0.039713,-0.055240,-0.188224,,
109.0048,S4,new,0.489886,-0.659328,0.011150,0.037882,-0.054213,-0.184663,,
109.0148,S4,new,0.489981,-0.659004,0.010647,0.036168,-0.052890,-0.180115,-96.9763,52.7030
109.0248,S4,new,0.490077,-0.658681,0.010143,0.034453,-0.051567,-0.175567,,
109.0348,S4,new,0.490172,-0.658357,0.009639,0.032739,-0.050243,-0.171019,,
109.0448,S4,new,0.490267,-0.658033,0.009135,0.031025,-0.048920,-0.166471,,
109.0548,S4,new,0.490363,-0.657709,0.008632,0.029310,-0.047597,-0.161923,,
109.0648,S4,new,0.490458,-0.657385,0.008128,0.027596,-0.046274,-0.157375,-97.0219,52.6916
109.0748,S4,new,0.490545,-0.657091,0.007652,0.025978,-0.044891,-0.152633,,
109.0848,S4,new,0.490607,-0.656879,0.007255,0.024629,-0.043343,-0.147351,,
109.0948,S4,new,0.490669,-0.656667,0.006858,0.023280,-0.041795,-0.142068,,
109.1048,S4,new,0.490732,-0.656456,0.006462,0.021932,-0.040247,-0.136785,,
109.1148,S4,new,0.490794,-0.656244,0.006065,0.020583,-0.038699,-0.131502,-97.0649,52.6922
109.1248,S4,new,0.490857,-0.656032,0.005668,0.019235,-0.037151,-0.126219,,
109.1348,S4,new,0.490919,-0.655820,0.005271,0.017886,-0.035603,-0.120936,,
109.1448,S4,new,0.490981,-0.655608,0.004874,0.016538,-0.034054,-0.115654,,
109.1548,S4,new,0.491020,-0.655479,0.004586,0.015559,-0.032579,-0.110635,,
109.1648,S4,new,0.491057,-0.655351,0.004300,0.014590,-0.031106,-0.105624,-97.1047,52.6976
109.1748,S4,new,0.491095,-0.655224,0.004015,0.013622,-0.029633,-0.100613,,
109.1848,S4,new,0.491132,-0.655096,0.003730,0.012653,-0.028160,-0.095602,,
109.1948,S4,new,0.491170,-0.654969,0.003445,0.011684,-0.026687,-0.090590,,
109.2048,S4,new,0.491208,-0.654841,0.003159,0.010716,-0.025214,-0.085579,,
109.2148,S4,new,0.491245,-0.654714,0.002874,0.009747,-0.023741,-0.080568,-97.1404,52.7072
109.2248,S4,new,0.491271,-0.654626,0.002656,0.009008,-0.022439,-0.076144,,
109.2348,S4,new,0.491292,-0.654556,0.002470,0.008376,-0.021217,-0.071993,,
109.2448,S4,new,0.491312,-0.654487,0.002283,0.007744,-0.019995,-0.067842,,
109.2548,S4,new,0.491333,-0.654417,0.002097,0.007112,-0.018773,-0.063691,,
109.2648,S4,new,0.491353,-0.654348,0.001911,0.006480,-0.017551,-0.059541,-97.1683,52.7186
109.2748,S4,new,0.491374,-0.654278,0.001724,0.005847,-0.016329,-0.055390,,
109.2848,S4,new,0.491394,-0.654209,0.001538,0.005215,-0.015106,-0.051239,,
109.2948,S4,new,0.491410,-0.654153,0.001382,0.004686,-0.014011,-0.047521,,
109.3048,S4,new,0.491420,-0.654120,0.001273,0.004317,-0.013113,-0.044472,,
109.3148,S4,new,0.491430,-0.654086,0.001164,0.003948,-0.012215,-0.041424,-97.1916,52.7295
109.3248,S4,new,0.491440,-0.654053,0.001056,0.003579,-0.011316,-0.038376,,
109.3348,S4,new,0.491450,-0.654019,0.000947,0.003210,-0.010418,-0.035328,,
109.3448,S4,new,0.491460,-0.653986,0.000838,0.002840,-0.009520,-0.032280,,
109.3548,S4,new,0.491470,-0.653952,0.000729,0.002471,-0.008621,-0.029232,,
109.3648,S4,new,0.491479,-0.653921,0.000626,0.002121,-0.007755,-0.026294,-97.2105,52.7397
109.3748,S4,new,0.491483,-0.653907,0.000570,0.001933,-0.007176,-0.024330,,
109.3848,S4,new,0.491487,-0.653893,0.000515,0.001746,-0.006597,-0.022365,,
109.3948,S4,new,0.491491,-0.653880,0.000460,0.001559,-0.006017,-0.020400,,
109.4048,S4,new,0.491495,-0.653866,0.000405,0.001372,-0.005438,-0.018436,,
109.4148,S4,new,0.491499,-0.653852,0.000350,0.001185,-0.004859,-0.016471,-97.2222,52.7470
109.4248,S4,new,0.491503,-0.653839,0.000294,0.000997,-0.004279,-0.014506,,
109.4348,S4,new,0.491507,-0.653825,0.000239,0.000810,-0.003700,-0.012542,,
109.4448,S4,new,0.491509,-0.653819,0.000210,0.000712,-0.003334,-0.011301,,
109.4548,S4,new,0.491510,-0.653814,0.000187,0.000634,-0.003017,-0.010228,,
109.4648,S4,new,0.491512,-0.653810,0.000164,0.000556,-0.002701,-0.009155,-97.2309,52.7527
109.4748,S4,new,0.491513,-0.653805,0.000141,0.000478,-0.002384,-0.008081,,
109.4848,S4,new,0.491514,-0.653801,0.000118,0.000400,-0.002068,-0.007008,,
109.4948,S4,new,0.491516,-0.653797,0.000095,0.000322,-0.001751,-0.005935,,
109.5048,S4,new,0.491517,-0.653792,0.000072,0.000244,-0.001435,-0.004862,,
109.5148,S4,new,0.491518,-0.653789,0.000057,0.000194,-0.001213,-0.004109,-97.2367,52.7567
109.5248,S4,new,0.491518,-0.653788,0.000050,0.000170,-0.001077,-0.003651,,
109.5348,S4,new,0.491518,-0.653787,0.000043,0.000146,-0.000942,-0.003192,,
109.5448,S4,new,0.491519,-0.653787,0.000036,0.000122,-0.000807,-0.002734,,
109.5548,S4,new,0.491519,-0.653786,0.000029,0.000098,-0.000671,-0.002275,,
109.5648,S4,new,0.491519,-0.653785,0.000022,0.000074,-0.000536,-0.001816,-97.2393,52.7587
109.5748,S4,new,0.491520,-0.653784,0.000015,0.000051,-0.000401,-0.001358,,
109.5848,S4,new,0.491520,-0.653783,0.000009,0.000031,-0.000288,-0.000976,,
109.5948,S4,new,0.491520,-0.653783,0.000008,0.000027,-0.000251,-0.000850,,
109.6048,S4,new,0.491520,-0.653783,0.000007,0.000023,-0.000214,-0.000724,,
109.6148,S4,new,0.491520,-0.653782,0.000005,0.000019,-0.000177,-0.000598,-97.2407,52.7597
109.6248,S4,new,0.491520,-0.653782,0.000004,0.000014,-0.000139,-0.000472,,
109.6348,S4,new,0.491520,-0.653782,0.000003,0.000010,-0.000102,-0.000346,,
109.6448,S4,new,0.491520,-0.653782,0.000002,0.000006,-0.000065,-0.000220,,
109.6548,S4,new,0.491520,-0.653782,0.000001,0.000002,-0.000028,-0.000094,,
109.6648,S4,new,0.491520,-0.653782,0.000000,0.000001,-0.000022,-0.000075,-97.2413,52.7602
109.6748,S4,new,0.491520,-0.653782,0.000000,0.000001,-0.000019,-0.000064,,
109.6848,S4,new,0.491520,-0.653782,0.000000,0.000001,-0.000015,-0.000052,,
109.6948,S4,new,0.491520,-0.653782,0.000000,0.000001,-0.000012,-0.000040,,
109.7048,S4,new,0.491520,-0.653782,0.000000,0.000000,-0.000008,-0.000028,,
109.7148,S4,new,0.491520,-0.653782,0.000000,0.000000,-0.000005,-0.000016,-97.2413,52.7602
109.7248,S4,new,0.491520,-0.653782,0.000000,0.000000,-0.000001,-0.000004,,
109.7348,S4,new,0.491520,-0.653782,0.000000,0.000000,-0.000000,-0.000000,,
109.7389,S4,new,0.491520,-0.653782,0.000000,0.000000,0.000000,0.000000,-97.2414,52.7602
109.7489,S4,new,0.491520,-0.653782,0.000027,0.000082,0.008128,0.024607,,
109.7589,S4,new,0.491521,-0.653779,0.000215,0.000651,0.031910,0.096611,,
109.7689,S4,new,0.491525,-0.653766,0.000712,0.002155,0.069548,0.210561,,
109.7789,S4,new,0.491537,-0.653731,0.001642,0.004972,0.118038,0.357370,,
109.7889,S4,new,0.491560,-0.653661,0.003095,0.009370,0.173181,0.524319,-93.4801,58.6959
109.7989,S4,new,0.491600,-0.653539,0.004941,0.014958,0.179354,0.543010,,
109.8089,S4,new,0.491659,-0.653361,0.006826,0.020668,0.196807,0.595850,,
109.8189,S4,new,0.491737,-0.653124,0.008853,0.026803,0.207157,0.627183,,
109.8289,S4,new,0.491836,-0.652825,0.010939,0.033119,0.208305,0.630660,,
109.8389,S4,new,0.491956,-0.652462,0.012981,0.039301,0.197990,0.599430,-93.8998,60.1976
109.8489,S4,new,0.492096,-0.652039,0.014969,0.045321,0.189955,0.575103,,
109.8589,S4,new,0.492254,-0.651559,0.016683,0.050508,0.149193,0.451693,,
109.8689,S4,new,0.492430,-0.651026,0.018452,0.055866,0.145453,0.440371,,
109.8789,S4,new,0.492621,-0.650448,0.019805,0.059962,0.157257,0.476107,,
109.8889,S4,new,0.492824,-0.649833,0.020708,0.062694,0.057782,0.174940,-98.3996,56.3116
109.8989,S4,new,0.493040,-0.649179,0.022410,0.067849,0.144167,0.436476,,
109.9089,S4,new,0.493274,-0.648472,0.024289,0.073538,0.192656,0.583280,,
109.9189,S4,new,0.493524,-0.647713,0.025803,0.078120,0.090247,0.273231,,
109.9289,S4,new,0.493789,-0.646913,0.027061,0.081930,0.142720,0.432095,,
109.9389,S4,new,0.494069,-0.646065,0.028912,0.087532,0.168737,0.510863,-98.8435,62.3798
109.9489,S4,new,0.494367,-0.645161,0.030826,0.093328,0.193395,0.585520,,
109.9589,S4,new,0.494685,-0.644200,0.032685,0.098956,0.170775,0.517036,,
109.9689,S4,new,0.495021,-0.643182,0.034523,0.104522,0.185258,0.560883,,
109.9789,S4,new,0.495374,-0.642113,0.035979,0.108929,0.128408,0.388765,,
109.9889,S4,new,0.495734,-0.641024,0.035970,0.108901,0.003063,0.009275,-104.1465,57.2257
109.9989,S4,new,0.496094,-0.639935,0.035969,0.108898,-0.002126,-0.006437,,
110.0089,S4,new,0.496454,-0.638845,0.035981,0.108936,0.002029,0.006143,,
110.0189,S4,new,0.496813,-0.637756,0.035983,0.108941,-0.001123,-0.003401,,
110.0289,S4,new,0.497173,-0.636667,0.035984,0.108944,0.000341,0.001033,,
110.0389,S4,new,0.497533,-0.635577,0.035980,0.108933,-0.000479,-0.001449,-104.9955,58.3981
110.0489,S4,new,0.497893,-0.634488,0.035980,0.108932,0.000346,0.001048,,
110.0589,S4,new,0.498253,-0.633399,0.035980,0.108931,-0.000040,-0.000120,,
110.0689,S4,new,0.498612,-0.632309,0.035981,0.108934,0.000115,0.000348,,
110.0789,S4,new,0.498972,-0.631220,0.035981,0.108934,-0.000108,-0.000328,,
110.0889,S4,new,0.499332,-0.630131,0.035981,0.108934,-0.000004,-0.000013,-105.7511,59.7055
110.0989,S4,new,0.499692,-0.629041,0.035981,0.108934,0.000030,0.000091,,
110.1089,S4,new,0.500052,-0.627952,0.035980,0.108934,0.000033,0.000099,,
110.1189,S4,new,0.500411,-0.626863,0.035980,0.108933,0.000006,0.000017,,
110.1289,S4,new,0.500771,-0.625773,0.035980,0.108934,-0.000022,-0.000067,,
110.1389,S4,new,0.501131,-0.624684,0.035980,0.108934,-0.000010,-0.000030,-106.4700,60.9293
110.1489,S4,new,0.501491,-0.623595,0.035980,0.108934,-0.000002,-0.000007,,
110.1589,S4,new,0.501851,-0.622505,0.035980,0.108934,0.000005,0.000015,,
110.1689,S4,new,0.502210,-0.621416,0.035980,0.108934,0.000000,0.000001,,
110.1789,S4,new,0.502570,-0.620327,0.035980,0.108934,0.000001,0.000003,,
110.1889,S4,new,0.502930,-0.619237,0.035980,0.108934,-0.000001,-0.000004,-107.1484,62.0915
110.1989,S4,new,0.503290,-0.618148,0.035980,0.108934,0.000000,0.000001,,
110.2089,S4,new,0.503650,-0.617059,0.035980,0.108934,0.000000,0.000000,,
110.2189,S4,new,0.504009,-0.615969,0.035980,0.108934,0.000001,0.000002,,
110.2289,S4,new,0.504369,-0.614880,0.035980,0.108934,0.000000,0.000001,,
110.2389,S4,new,0.504729,-0.613791,0.035980,0.108934,0.000000,0.000001,-107.7871,63.1874
110.2489,S4,new,0.505089,-0.612701,0.035980,0.108934,-0.000000,-0.000001,,
110.2589,S4,new,0.505449,-0.611612,0.035980,0.108934,-0.000000,-0.000000,,
110.2689,S4,new,0.505808,-0.610523,0.035980,0.108934,-0.000000,-0.000001,,
110.2789,S4,new,0.506168,-0.609433,0.035980,0.108934,-0.000000,-0.000000,,
110.2889,S4,new,0.506528,-0.608344,0.035980,0.108934,0.000000,0.000000,-108.3868,64.2145
110.2989,S4,new,0.506888,-0.607255,0.035980,0.108934,-0.000000,-0.000000,,
110.3089,S4,new,0.507248,-0.606165,0.035980,0.108934,-0.000000,-0.000000,,
110.3189,S4,new,0.507607,-0.605076,0.035980,0.108934,-0.000000,-0.000000,,
110.3289,S4,new,0.507967,-0.603987,0.035980,0.108934,0.000000,0.000000,,
110.3389,S4,new,0.508327,-0.602897,0.035980,0.108934,0.000000,0.000000,-108.9487,65.1706
110.3489,S4,new,0.508687,-0.601808,0.035980,0.108934,0.000000,0.000000,,
110.3589,S4,new,0.509047,-0.600719,0.035980,0.108934,0.000000,0.000000,,
110.3689,S4,new,0.509407,-0.599629,0.035980,0.108934,-0.000000,-0.000000,,
110.3789,S4,new,0.509766,-0.598540,0.035980,0.108934,-0.000000,-0.000000,,
110.3889,S4,new,0.510126,-0.597450,0.035980,0.108934,-0.000000,-0.000000,-109.4741,66.0539
110.3989,S4,new,0.510486,-0.596361,0.035980,0.108934,-0.000000,-0.000000,,
110.4089,S4,new,0.510846,-0.595272,0.035980,0.108934,0.000000,0.000000,,
110.4189,S4,new,0.511206,-0.594182,0.035980,0.108934,0.000001,0.000001,,
110.4289,S4,new,0.511565,-0.593093,0.035980,0.108934,0.000000,0.000000,,
110.4389,S4,new,0.511925,-0.592004,0.035980,0.108934,-0.000000,-0.000000,-109.9644,66.8631
110.4489,S4,new,0.512285,-0.590914,0.035980,0.108934,-0.000002,-0.000003,,
110.4589,S4,new,0.512645,-0.589825,0.035980,0.108934,-0.000002,-0.000003,,
110.4689,S4,new,0.513005,-0.588736,0.035980,0.108934,0.000001,0.000002,,
110.4789,S4,new,0.513364,-0.587646,0.035980,0.108934,0.000005,0.000009,,
110.4889,S4,new,0.513724,-0.586557,0.035981,0.108934,0.000009,0.000014,-110.4212,67.5975
110.4989,S4,new,0.514084,-0.585468,0.035981,0.108934,-0.000000,-0.000000,,
110.5089,S4,new,0.514444,-0.584378,0.035981,0.108934,-0.000015,-0.000023,,
110.5189,S4,new,0.514804,-0.583289,0.035980,0.108933,-0.000031,-0.000050,,
110.5289,S4,new,0.515163,-0.582200,0.035980,0.108933,-0.000014,-0.000021,,
110.5389,S4,new,0.515523,-0.581110,0.035980,0.108933,0.000042,0.000064,-110.8462,68.2567
110.5489,S4,new,0.515883,-0.580021,0.035981,0.108934,0.000102,0.000163,,
110.5589,S4,new,0.516243,-0.578932,0.035982,0.108936,0.000109,0.000173,,
110.5689,S4,new,0.516603,-0.577842,0.035982,0.108936,-0.000100,-0.000153,,
110.5789,S4,new,0.516962,-0.576753,0.035980,0.108933,-0.000323,-0.000518,,
110.5889,S4,new,0.517322,-0.575664,0.035976,0.108926,-0.000534,-0.000849,-111.2486,68.8442
110.5989,S4,new,0.517682,-0.574575,0.035974,0.108923,0.000168,0.000251,,
110.6089,S4,new,0.518042,-0.573485,0.035979,0.108932,0.000997,0.001610,,
110.6189,S4,new,0.518402,-0.572396,0.035993,0.108954,0.001776,0.002820,,
110.6289,S4,new,0.518762,-0.571306,0.036007,0.108976,0.000147,0.000277,,
110.6389,S4,new,0.519122,-0.570216,0.035993,0.108954,-0.002763,-0.004244,-111.6466,69.3778
110.6489,S4,new,0.519481,-0.569127,0.035950,0.108885,-0.005857,-0.009317,,
110.6589,S4,new,0.519841,-0.568039,0.035887,0.108785,-0.003438,-0.005564,,
110.6689,S4,new,0.520199,-0.566951,0.035909,0.108820,0.007436,0.011331,,
110.6789,S4,new,0.520559,-0.565862,0.036041,0.109030,0.018960,0.030232,,
110.6889,S4,new,0.520921,-0.564770,0.036282,0.109414,0.023628,0.037789,-111.6611,69.6840
110.6989,S4,new,0.521284,-0.563675,0.036309,0.109455,-0.016826,-0.025157,,
110.7089,S4,new,0.521645,-0.562583,0.035924,0.108847,-0.059966,-0.095907,,
110.7189,S4,new,0.522001,-0.561500,0.035121,0.107575,-0.101806,-0.161738,,
110.7289,S4,new,0.522349,-0.560430,0.034626,0.106785,0.023907,0.033039,,
110.7389,S4,new,0.522699,-0.559356,0.035674,0.108444,0.185028,0.297298,-109.8808,69.3533
110.7489,S4,new,0.523067,-0.558254,0.038235,0.112491,0.328962,0.520700,,
110.7589,S4,new,0.523464,-0.557108,0.040329,0.114978,-0.150785,-0.501285,,
110.7689,S4,new,0.523851,-0.555998,0.036310,0.105824,-0.626373,-1.282640,,
110.7789,S4,new,0.524177,-0.555013,0.028293,0.090299,-0.966851,-1.808797,,
110.7889,S4,new,0.524406,-0.554209,0.017055,0.069517,-1.188372,-2.189115,-123.4387,53.5614
110.7989,S4,new,0.524542,-0.553582,0.012486,0.059813,0.186595,0.012122,,
110.8089,S4,new,0.524694,-0.552954,0.019207,0.067913,1.027647,1.356387,,
110.8189,S4,new,0.524943,-0.552198,0.030858,0.083585,1.198233,1.603495,,
110.8289,S4,new,0.525309,-0.551284,0.042176,0.098741,1.008374,1.317822,,
110.8389,S4,new,0.525779,-0.550233,0.051045,0.110739,0.441137,0.494196,-101.1151,50.6976
110.8489,S4,new,0.526293,-0.549132,0.050561,0.107637,-0.379658,-0.821369,,
110.8589,S4,new,0.526768,-0.548116,0.043513,0.093846,-0.854606,-1.583430,,
110.8689,S4,new,0.527153,-0.547269,0.032883,0.074433,-1.239278,-2.243851,,
110.8789,S4,new,0.527416,-0.546643,0.019471,0.050404,-1.433589,-2.543728,,
110.8889,S4,new,0.527536,-0.546272,0.004227,0.023408,-1.597915,-2.825851,-128.0331,57.4079
110.8989,S4,new,0.527496,-0.546182,-0.012710,-0.006060,-1.812259,-3.138743,,
110.9089,S4,new,0.527274,-0.546406,-0.031951,-0.039368,-2.030669,-3.513720,,
110.9189,S4,new,0.526850,-0.546981,-0.053219,-0.076156,-2.217825,-3.835036,,
110.9289,S4,new,0.526208,-0.547933,-0.075742,-0.114877,-2.738533,-4.592008,,
110.9389,S4,new,0.525309,-0.549319,-0.104336,-0.162892,-2.968228,-4.990884,-147.3753,68.1009
110.9489,S4,new,0.524116,-0.551200,-0.134281,-0.213351,-2.968064,-5.013569,,
110.9589,S4,new,0.522624,-0.553585,-0.164003,-0.263594,-2.960354,-5.007992,,
110.9689,S4,new,0.520837,-0.556469,-0.193143,-0.312925,-2.849137,-4.826608,,
110.9789,S4,new,0.518762,-0.559843,-0.223592,-0.364351,-3.476217,-5.844666,,
110.9889,S4,new,0.516355,-0.563773,-0.256413,-0.419627,-0.193608,-0.470259,-108.9860,62.1392
110.9989,S4,new,0.513795,-0.567970,-0.254479,-0.417698,0.553233,0.809752,,
111.0089,S4,new,0.511302,-0.572066,-0.241991,-0.397940,1.673830,2.696667,,
111.0189,S4,new,0.508958,-0.575923,-0.232641,-0.382958,-0.809583,-1.359555,,
111.0289,S4,new,0.506601,-0.579804,-0.237692,-0.391419,-0.197909,-0.326558,,
111.0389,S4,new,0.504188,-0.583776,-0.245004,-0.403283,-0.722353,-1.150592,-115.5641,81.2599
111.0489,S4,new,0.501682,-0.587898,-0.258594,-0.424967,-1.679575,-2.659218,,
111.0589,S4,new,0.498994,-0.592309,-0.283380,-0.464121,-3.316668,-5.217378,,
111.0689,S4,new,0.495980,-0.597232,-0.323187,-0.525972,-4.683737,-7.180615,,
111.0789,S4,new,0.492513,-0.602843,-0.370277,-0.595924,-4.780203,-6.844156,,
111.0889,S4,new,0.488600,-0.609089,-0.409881,-0.648052,-3.090983,-3.508953,-165.7572,96.8993
111.0989,S4,new,0.484327,-0.615771,-0.443692,-0.687985,2.890353,5.049031,,
111.1089,S4,new,0.480041,-0.622423,-0.409612,-0.639344,4.242742,5.394272,,
111.1189,S4,new,0.476131,-0.628601,-0.373703,-0.599329,3.232199,3.205203,,
111.1289,S4,new,0.472560,-0.634427,-0.339931,-0.564919,3.572619,3.856390,,
111.1389,S4,new,0.469350,-0.639859,-0.300946,-0.518489,4.249772,5.532452,-25.9311,39.7132
111.1489,S4,new,0.466540,-0.644780,-0.264683,-0.470950,3.013886,3.965544,,
111.1589,S4,new,0.464054,-0.649252,-0.234979,-0.426418,1.941398,3.021882,,
111.1689,S4,new,0.461810,-0.653341,-0.213160,-0.389198,2.381128,4.303392,,
111.1789,S4,new,0.459771,-0.657060,-0.195514,-0.355931,1.704515,3.344341,,
111.1889,S4,new,0.457904,-0.660444,-0.178238,-0.321157,1.349851,2.873224,-87.8094,73.7754
111.1989,S4,new,0.456191,-0.663506,-0.164146,-0.290692,1.459289,3.193305,,
111.2089,S4,new,0.454624,-0.666250,-0.149223,-0.257783,1.517419,3.365806,,
111.2189,S4,new,0.453208,-0.668658,-0.133944,-0.223798,1.531600,3.411770,,
111.2289,S4,new,0.451944,-0.670726,-0.119203,-0.190682,0.995506,2.537750,,
111.2389,S4,new,0.450803,-0.672504,-0.108960,-0.164473,1.051058,2.698728,-94.3487,78.5276
111.2489,S4,new,0.449767,-0.674011,-0.098218,-0.136812,1.095709,2.828380,,
111.2589,S4,new,0.448842,-0.675233,-0.086585,-0.107424,1.185185,2.978463,,
111.2689,S4,new,0.448036,-0.676159,-0.074721,-0.077595,1.185618,2.981582,,
111.2789,S4,new,0.447347,-0.676786,-0.062911,-0.047903,1.174526,2.951598,,
111.2889,S4,new,0.446777,-0.677118,-0.051266,-0.018664,1.152966,2.891459,-92.4433,78.6050
111.2989,S4,new,0.446321,-0.677163,-0.040092,0.009238,1.047700,2.591665,,
111.3089,S4,new,0.445966,-0.676945,-0.031309,0.034254,0.796802,2.462091,,
111.3189,S4,new,0.445693,-0.676481,-0.023528,0.058343,0.758467,2.352719,,
111.3289,S4,new,0.445494,-0.675782,-0.016161,0.081247,0.713692,2.224970,,
111.3389,S4,new,0.445367,-0.674852,-0.009375,0.104630,0.668266,2.317059,-101.2498,83.3729
111.3489,S4,new,0.445306,-0.673691,-0.002834,0.127396,0.637342,2.228830,,
111.3589,S4,new,0.445309,-0.672307,0.003335,0.149591,0.597348,2.233561,,
111.3689,S4,new,0.445371,-0.670702,0.009064,0.171231,0.544688,2.083315,,
111.3789,S4,new,0.445488,-0.668888,0.014160,0.191193,0.487218,2.118644,,
111.3889,S4,new,0.445653,-0.666874,0.018603,0.211154,0.394894,1.855235,-104.8075,84.8104
111.3989,S4,new,0.445856,-0.664676,0.021922,0.227910,0.261754,1.475373,,
111.4089,S4,new,0.446088,-0.662314,0.024040,0.243839,0.119287,1.349589,,
111.4189,S4,new,0.446330,-0.659819,0.024037,0.253925,-0.065194,1.346332,,
111.4289,S4,new,0.446561,-0.657229,0.021586,0.262254,-0.448817,0.251815,,
111.4389,S4,new,0.446751,-0.654603,0.016191,0.264237,-0.551131,0.653117,-122.3477,93.2528
111.4489,S4,new,0.446883,-0.651933,0.010208,0.269420,-0.636742,0.408857,,
111.4589,S4,new,0.446953,-0.649215,0.003667,0.274123,-0.663861,0.467970,,
111.4689,S4,new,0.446957,-0.646453,-0.002770,0.277924,-0.603151,0.356591,,
111.4789,S4,new,0.446902,-0.643652,-0.007992,0.282026,-0.415160,0.361125,,
111.4889,S4,new,0.446805,-0.640803,-0.010736,0.288018,-0.105426,0.553117,-106.4430,82.5212
111.4989,S4,new,0.446699,-0.637879,-0.010005,0.297753,0.268935,1.135299,,
111.5089,S4,new,0.446618,-0.634829,-0.005893,0.313167,0.438850,1.620092,,
111.5189,S4,new,0.446579,-0.631620,-0.001947,0.328256,0.349059,1.479969,,
111.5289,S4,new,0.446576,-0.628268,0.001083,0.341888,0.255915,1.334860,,
111.5389,S4,new,0.446598,-0.624787,0.003146,0.353991,0.155712,1.179860,-103.4915,84.1495
111.5489,S4,new,0.446635,-0.621193,0.004152,0.364447,0.044149,1.008631,,
111.5589,S4,new,0.446677,-0.617504,0.003962,0.373083,-0.084302,0.812222,,
111.5689,S4,new,0.446710,-0.613738,0.002632,0.379961,-0.139186,0.708429,,
111.5789,S4,new,0.446730,-0.609902,0.001380,0.387149,-0.110094,0.712662,,
111.5889,S4,new,0.446739,-0.605994,0.000456,0.394355,-0.073418,0.730876,-105.2772,84.5143
111.5989,S4,new,0.446740,-0.602014,-0.000065,0.401684,-0.029638,0.762652,,
111.6089,S4,new,0.446739,-0.597960,-0.000116,0.409236,0.020447,0.806821,,
111.6189,S4,new,0.446740,-0.593828,0.000319,0.417217,0.051607,0.813153,,
111.6289,S4,new,0.446745,-0.589616,0.000772,0.425160,0.038681,0.773780,,
111.6389,S4,new,0.446755,-0.585326,0.001088,0.432697,0.024332,0.732940,-100.6020,82.1714
111.6489,S4,new,0.446766,-0.580964,0.001253,0.439807,0.008505,0.688216,,
111.6589,S4,new,0.446779,-0.576532,0.001253,0.446478,-0.008839,0.646248,,
111.6689,S4,new,0.446791,-0.572036,0.001116,0.452709,-0.013086,0.611854,,
111.6789,S4,new,0.446802,-0.567478,0.001010,0.458749,-0.008078,0.603667,,
111.6889,S4,new,0.446811,-0.562861,0.000956,0.464630,-0.002627,0.578020,-98.3020,80.5269
111.6989,S4,new,0.446821,-0.558186,0.000959,0.470399,0.003329,0.574467,,
111.7089,S4,new,0.446831,-0.553453,0.001022,0.476102,0.007793,0.562589,,
111.7189,S4,new,0.446841,-0.548664,0.001081,0.481688,0.003982,0.551806,,
111.7289,S4,new,0.446852,-0.543820,0.001101,0.487151,-0.000099,0.541921,,
111.7389,S4,new,0.446863,-0.538922,0.001078,0.492498,-0.004459,0.529149,-95.7731,78.9970
111.7489,S4,new,0.446874,-0.533970,0.001011,0.497755,-0.009081,0.522427,,
111.7589,S4,new,0.446884,-0.528967,0.000969,0.502969,0.001124,0.520784,,
111.7689,S4,new,0.446893,-0.523911,0.001036,0.508174,0.012292,0.520224,,
111.7789,S4,new,0.446905,-0.518803,0.001217,0.513387,0.024166,0.523369,,
111.7889,S4,new,0.446918,-0.513643,0.001521,0.518633,0.036764,0.525872,-93.6928,77.6687
111.7989,S4,new,0.446935,-0.508431,0.001702,0.523876,-0.003405,0.522504,,
111.8089,S4,new,0.446951,-0.503166,0.001444,0.529122,-0.048665,0.526843,,
111.8189,S4,new,0.446962,-0.497848,0.000720,0.534394,-0.096546,0.529334,,
111.8289,S4,new,0.446964,-0.492477,-0.000488,0.539741,-0.128002,0.536094,,
111.8389,S4,new,0.446955,-0.487053,-0.000881,0.545142,0.051034,0.553379,-91.7078,76.3349
111.8489,S4,new,0.446952,-0.481574,0.000572,0.550870,0.241839,0.613325,,
111.8589,S4,new,0.446973,-0.476034,0.004005,0.557023,0.447532,0.619652,,
111.8689,S4,new,0.447039,-0.470432,0.008952,0.563298,0.319367,0.591956,,
111.8789,S4,new,0.447131,-0.464769,0.008288,0.569184,-0.460787,0.514701,,
111.8889,S4,new,0.447178,-0.459050,-0.000351,0.574710,-1.270744,0.581361,-91.7613,77.1794
111.8989,S4,new,0.447097,-0.453288,-0.016836,0.571256,-1.924552,-2.736045,,
111.9089,S4,new,0.446852,-0.447717,-0.028251,0.541325,0.174217,-4.190484,,
111.9189,S4,new,0.446614,-0.442525,-0.016153,0.495370,2.067156,-5.044724,,
111.9289,S4,new,0.446575,-0.437809,0.009892,0.449102,3.041653,-4.505731,,
111.9389,S4,new,0.446836,-0.433521,0.043272,0.408289,3.537333,-4.115160,-47.4330,-7.5283
111.9489,S4,new,0.447438,-0.429646,0.073150,0.366307,1.309155,-4.169372,,
111.9589,S4,new,0.448180,-0.426167,0.070847,0.333137,-1.483327,-2.475477,,
111.9689,S4,new,0.448782,-0.422943,0.046928,0.314097,-3.174055,-1.358761,,
111.9789,S4,new,0.449072,-0.419860,0.009064,0.304439,-4.341212,-0.527499,,
111.9889,S4,new,0.448929,-0.416835,-0.039155,0.302134,-5.313535,0.260282,-104.5487,77.5304
111.9989,S4,new,0.448257,-0.413797,-0.096809,0.306390,-6.289796,0.871304,,
112.0089,S4,new,0.446959,-0.410686,-0.164065,0.316100,-6.848124,0.998637,,
112.0189,S4,new,0.445009,-0.407482,-0.222892,0.323858,-4.949613,0.560450,,
112.0289,S4,new,0.442543,-0.404199,-0.269237,0.334064,-4.125496,1.118785,,
112.0389,S4,new,0.439664,-0.400804,-0.304911,0.345205,-3.038885,1.137149,-101.8263,83.6643
112.0489,S4,new,0.436486,-0.397300,-0.328796,0.355625,-1.872233,1.110068,,
112.0589,S4,new,0.433131,-0.393695,-0.339624,0.364957,-0.529502,1.044736,,
112.0689,S4,new,0.429739,-0.390000,-0.335609,0.373242,1.156345,0.655083,,
112.0789,S4,new,0.426430,-0.386228,-0.326900,0.381583,0.666539,0.909248,,
112.0889,S4,new,0.423190,-0.382367,-0.321830,0.390524,0.280137,0.938684,-83.9290,70.9843
112.0989,S4,new,0.419978,-0.378415,-0.321316,0.399974,-0.229914,0.995646,,
112.1089,S4,new,0.416743,-0.374364,-0.326549,0.410199,-0.858601,1.082811,,
112.1189,S4,new,0.413422,-0.370205,-0.338982,0.421894,-1.653136,1.270371,,
112.1289,S4,new,0.409950,-0.365924,-0.354988,0.433978,-1.423741,1.098340,,
112.1389,S4,new,0.406333,-0.361531,-0.367885,0.444546,-1.118580,0.975505,-86.1646,71.1588
112.1489,S4,new,0.402603,-0.357038,-0.377531,0.453819,-0.757772,0.822396,,
112.1589,S4,new,0.398796,-0.352460,-0.383321,0.461494,-0.323186,0.629376,,
112.1689,S4,new,0.394953,-0.347816,-0.384801,0.467310,-0.239426,0.720480,,
112.1789,S4,new,0.391092,-0.343111,-0.388936,0.474867,-0.634073,0.837168,,
112.1889,S4,new,0.387157,-0.338310,-0.395393,0.481407,0.736718,-1.220878,-84.4364,39.3442
112.1989,S4,new,0.383246,-0.333569,-0.381035,0.459399,3.116053,-4.316880,,
112.2089,S4,new,0.379582,-0.329181,-0.354350,0.421573,2.027529,-3.006099,,
112.2189,S4,new,0.376158,-0.325130,-0.330441,0.389323,2.301005,-2.875507,,
112.2289,S4,new,0.372993,-0.321404,-0.301120,0.354829,2.642371,-2.966255,,
112.2389,S4,new,0.370130,-0.318018,-0.270255,0.320987,3.463083,-3.738223,-10.0968,-24.3919
112.2489,S4,new,0.367593,-0.314984,-0.237433,0.286504,3.375073,-3.488344,,
112.2589,S4,new,0.365392,-0.312298,-0.203702,0.252301,2.878158,-2.735446,,
112.2689,S4,new,0.363511,-0.309923,-0.171298,0.221524,3.602179,-3.419263,,
112.2789,S4,new,0.361980,-0.307875,-0.134456,0.187982,4.084378,-3.669396,,
112.2889,S4,new,0.360837,-0.306176,-0.094475,0.152106,3.853697,-3.450769,27.9882,-35.2840
112.2989,S4,new,0.360079,-0.304822,-0.057811,0.119373,3.456940,-3.074883,,
112.3089,S4,new,0.359660,-0.303756,-0.026533,0.095275,3.054176,-2.228072,,
112.3189,S4,new,0.359544,-0.302911,0.002713,0.074364,2.707918,-1.868148,,
112.3289,S4,new,0.359693,-0.302249,0.025250,0.059294,1.619996,-1.087645,,
112.3389,S4,new,0.359999,-0.301685,0.032816,0.055727,-0.297276,0.285774,-74.8630,55.5970
112.3489,S4,new,0.360280,-0.301083,0.020083,0.067765,-2.254379,2.094403,,
112.3589,S4,new,0.360363,-0.300296,-0.002727,0.088960,-2.028311,1.880228,,
112.3689,S4,new,0.360244,-0.299321,-0.020328,0.105257,-1.516485,1.490475,,
112.3789,S4,new,0.359973,-0.298201,-0.033067,0.117864,-1.028146,1.027824,,
112.3889,S4,new,0.359597,-0.296973,-0.041264,0.127046,-0.570119,0.683512,-77.3480,61.9266
112.3989,S4,new,0.359163,-0.295670,-0.044721,0.132635,-0.068600,0.302393,,
112.4089,S4,new,0.358720,-0.294332,-0.042719,0.134106,0.537300,-0.163033,,
112.4189,S4,new,0.358321,-0.292995,-0.037250,0.133575,0.506449,-0.005264,,
112.4289,S4,new,0.357972,-0.291659,-0.032704,0.133703,0.394086,0.031762,,
112.4389,S4,new,0.357662,-0.290318,-0.029673,0.134781,0.211200,0.153269,-52.0835,45.2003
112.4489,S4,new,0.357372,-0.288959,-0.028734,0.137211,-0.027284,0.317562,,
112.4589,S4,new,0.357078,-0.287567,-0.030402,0.141410,-0.313643,0.531393,,
112.4689,S4,new,0.356757,-0.286125,-0.033812,0.146983,-0.312244,0.530067,,
112.4789,S4,new,0.356404,-0.284629,-0.036586,0.152045,-0.241181,0.482089,,
112.4889,S4,new,0.356028,-0.283086,-0.038583,0.156519,-0.157361,0.415738,-66.1738,54.0358
112.4989,S4,new,0.355636,-0.281501,-0.039694,0.160330,-0.061604,0.340548,,
112.5089,S4,new,0.355237,-0.279882,-0.039896,0.163502,-0.006875,0.310211,,
112.5189,S4,new,0.354837,-0.278231,-0.040082,0.166684,-0.030562,0.324645,,
112.5289,S4,new,0.354435,-0.276548,-0.040519,0.169996,-0.058645,0.342646,,
112.5389,S4,new,0.354026,-0.274831,-0.041242,0.173431,-0.088118,0.351583,-66.4709,53.1561
112.5489,S4,new,0.353609,-0.273078,-0.042282,0.177071,-0.110002,0.367865,,
112.5589,S4,new,0.353180,-0.271289,-0.043336,0.180706,-0.100556,0.359157,,
112.5689,S4,new,0.352742,-0.269465,-0.044290,0.184253,-0.089988,0.349791,,
112.5789,S4,new,0.352295,-0.267605,-0.045136,0.187715,-0.078693,0.341613,,
112.5889,S4,new,0.351840,-0.265710,-0.045888,0.191108,-0.075221,0.338750,-68.3902,53.4583
112.5989,S4,new,0.351377,-0.263782,-0.046655,0.194505,-0.078243,0.340699,,
112.6089,S4,new,0.350907,-0.261820,-0.047453,0.197918,-0.081497,0.342347,,
112.6189,S4,new,0.350428,-0.259824,-0.048287,0.201356,-0.084991,0.345135,,
112.6289,S4,new,0.349941,-0.257793,-0.049133,0.204807,-0.084203,0.345138,,
112.6389,S4,new,0.349445,-0.255728,-0.049958,0.208204,-0.080554,0.333591,-71.1765,53.9957
112.6489,S4,new,0.348942,-0.253630,-0.050737,0.211451,-0.075409,0.316192,,
112.6589,S4,new,0.348431,-0.251499,-0.051474,0.214547,-0.071549,0.300235,,
112.6689,S4,new,0.347913,-0.249339,-0.052180,0.217506,-0.068340,0.285736,,
112.6789,S4,new,0.347387,-0.247150,-0.052857,0.220331,-0.067040,0.279092,,
112.6889,S4,new,0.346855,-0.244933,-0.053507,0.223033,-0.064014,0.266203,-74.3967,53.4707
112.6989,S4,new,0.346317,-0.242690,-0.054129,0.225621,-0.061091,0.254360,,
112.7089,S4,new,0.345773,-0.240421,-0.054725,0.228102,-0.058436,0.243656,,
112.7189,S4,new,0.345223,-0.238128,-0.055296,0.230486,-0.056123,0.234113,,
112.7289,S4,new,0.344667,-0.235811,-0.055847,0.232783,-0.054144,0.225764,,
112.7389,S4,new,0.344106,-0.233472,-0.056380,0.235004,-0.052446,0.218579,-76.8797,52.7930
112.7489,S4,new,0.343540,-0.231112,-0.056897,0.237159,-0.051007,0.212561,,
112.7589,S4,new,0.342968,-0.228729,-0.057401,0.239259,-0.049836,0.207709,,
112.7689,S4,new,0.342392,-0.226326,-0.057894,0.241317,-0.048949,0.204041,,
112.7789,S4,new,0.341810,-0.223903,-0.058381,0.243343,-0.048355,0.201568,,
112.7889,S4,new,0.341224,-0.221460,-0.058862,0.245351,-0.048052,0.200296,-78.6217,52.1690
112.7989,S4,new,0.340633,-0.218996,-0.059342,0.247352,-0.048010,0.200113,,
112.8089,S4,new,0.340037,-0.216513,-0.059823,0.249356,-0.048139,0.200651,,
112.8189,S4,new,0.339436,-0.214009,-0.060307,0.251374,-0.048560,0.202408,,
112.8289,S4,new,0.338831,-0.211485,-0.060799,0.253422,-0.049743,0.207341,,
112.8389,S4,new,0.338220,-0.208940,-0.061300,0.255512,-0.050902,0.212172,-79.8630,51.7253
112.8489,S4,new,0.337605,-0.206375,-0.061815,0.257660,-0.052359,0.218245,,
112.8589,S4,new,0.336984,-0.203787,-0.062348,0.259881,-0.054116,0.225567,,
112.8689,S4,new,0.336358,-0.201177,-0.062902,0.262189,-0.056174,0.234145,,
112.8789,S4,new,0.335726,-0.198543,-0.063481,0.264603,-0.059829,0.249382,,
112.8889,S4,new,0.335088,-0.195884,-0.064090,0.267142,-0.062648,0.261131,-80.9442,51.6935
112.8989,S4,new,0.334444,-0.193200,-0.064732,0.269817,-0.065774,0.274160,,
112.9089,S4,new,0.333793,-0.190487,-0.065411,0.272648,-0.069208,0.288476,,
112.9189,S4,new,0.333136,-0.187746,-0.066134,0.275659,-0.074943,0.312377,,
112.9289,S4,new,0.332471,-0.184974,-0.066903,0.278865,-0.079156,0.329940,,
112.9389,S4,new,0.331797,-0.182168,-0.067722,0.282282,-0.083684,0.348813,-82.3354,52.2055
112.9489,S4,new,0.331116,-0.179327,-0.068602,0.285946,-0.091068,0.379593,,
112.9589,S4,new,0.330425,-0.176448,-0.069541,0.289863,-0.096389,0.401769,,
112.9689,S4,new,0.329725,-0.173529,-0.070550,0.294068,-0.104969,0.437534,,
112.9789,S4,new,0.329014,-0.170566,-0.071632,0.298577,-0.111092,0.463054,,
112.9889,S4,new,0.328292,-0.167556,-0.072795,0.303425,-0.120882,0.503862,-84.8624,53.8890
112.9989,S4,new,0.327558,-0.164496,-0.074043,0.308626,-0.127815,0.532761,,
113.0089,S4,new,0.326811,-0.161382,-0.075387,0.314231,-0.138828,0.578667,,
113.0189,S4,new,0.326050,-0.158210,-0.076832,0.320251,-0.150582,0.627658,,
113.0289,S4,new,0.325274,-0.154976,-0.078383,0.326718,-0.156097,0.650651,,
113.0389,S4,new,0.324485,-0.151690,-0.078921,0.328960,0.000001,0.000003,-77.4425,41.3392
113.0489,S4,new,0.323696,-0.148400,-0.078921,0.328960,0.000001,-0.000010,,
113.0589,S4,new,0.322907,-0.145111,-0.078921,0.328960,-0.000002,-0.000024,,
113.0689,S4,new,0.322118,-0.141821,-0.078921,0.328960,0.000002,0.000008,,
113.0789,S4,new,0.321329,-0.138532,-0.078921,0.328960,0.000006,0.000082,,
113.0889,S4,new,0.320539,-0.135242,-0.078921,0.328961,0.000004,-0.000052,-74.7504,38.6779
113.0989,S4,new,0.319750,-0.131952,-0.078921,0.328960,-0.000029,-0.000262,,
113.1089,S4,new,0.318961,-0.128663,-0.078921,0.328957,0.000016,-0.000039,,
113.1189,S4,new,0.318172,-0.125373,-0.078921,0.328961,0.000146,0.000714,,
113.1289,S4,new,0.317383,-0.122084,-0.078920,0.328971,0.000175,-0.000463,,
113.1389,S4,new,0.316593,-0.118794,-0.078921,0.328958,-0.000308,-0.003284,-71.3514,35.7025
113.1489,S4,new,0.315804,-0.115504,-0.078926,0.328916,-0.000201,-0.001538,,
113.1589,S4,new,0.315015,-0.112215,-0.078920,0.328960,0.001593,0.009024,,
113.1689,S4,new,0.314226,-0.108925,-0.078903,0.329110,-0.000922,0.017883,,
113.1789,S4,new,0.313437,-0.105634,-0.078919,0.328985,-0.002636,-0.042236,,
113.1889,S4,new,0.312668,-0.102434,-0.074395,0.309358,0.505243,-2.170855,-8.0214,-14.3667
113.1989,S4,new,0.311949,-0.099443,-0.069469,0.289164,0.481625,-1.887640,,
113.2089,S4,new,0.311278,-0.096643,-0.064730,0.271231,0.467375,-1.715308,,
113.2189,S4,new,0.310655,-0.094021,-0.059906,0.252157,0.506383,-2.216298,,
113.2289,S4,new,0.310080,-0.091613,-0.055003,0.229053,0.486326,-2.428918,,
113.2389,S4,new,0.309554,-0.089446,-0.050189,0.204063,0.487219,-2.593377,17.1796,-30.6607
113.2489,S4,new,0.309076,-0.087522,-0.045526,0.182457,0.471309,-1.771203,,
113.2589,S4,new,0.308642,-0.085769,-0.041389,0.169812,0.369123,-0.870627,,
113.2689,S4,new,0.308243,-0.084093,-0.038664,0.166392,0.214681,0.000591,,
113.2789,S4,new,0.307867,-0.082427,-0.036575,0.167109,0.206386,0.102705,,
113.2889,S4,new,0.307516,-0.080791,-0.032994,0.155777,0.471010,-2.147207,3.7931,-17.1780
113.2989,S4,new,0.307208,-0.079340,-0.028864,0.134117,0.406973,-2.362985,,
113.3089,S4,new,0.306937,-0.078112,-0.025399,0.111893,0.330155,-2.260364,,
113.3189,S4,new,0.306699,-0.077104,-0.022465,0.090121,0.269718,-2.147648,,
113.3289,S4,new,0.306488,-0.076313,-0.019714,0.067986,0.278406,-2.254611,,
113.3389,S4,new,0.306305,-0.075746,-0.016933,0.045481,0.276076,-2.225921,18.6768,-30.7434
113.3489,S4,new,0.306141,-0.075386,-0.015805,0.026014,0.115629,-1.988817,,
113.3589,S4,new,0.305988,-0.075223,-0.014712,0.006897,0.102225,-1.823804,,
113.3689,S4,new,0.305846,-0.075242,-0.013843,-0.010295,0.062317,-1.622102,,
113.3789,S4,new,0.305710,-0.075422,-0.013324,-0.025353,0.021234,-1.407410,,
113.3889,S4,new,0.305578,-0.075741,-0.013239,-0.037858,-0.006636,-1.064308,-14.6380,-6.6454
113.3989,S4,new,0.305443,-0.076168,-0.013716,-0.046740,-0.073989,-0.618664,,
113.4089,S4,new,0.305301,-0.076657,-0.015042,-0.050004,-0.177963,0.102850,,
113.4189,S4,new,0.305138,-0.077138,-0.017712,-0.044657,-0.307128,0.823390,,
113.4289,S4,new,0.304944,-0.077545,-0.021176,-0.036807,-0.347847,0.795443,,
113.4389,S4,new,0.304715,-0.077876,-0.024508,-0.029682,-0.303242,0.578198,-68.2177,33.2070
113.4489,S4,new,0.304456,-0.078152,-0.027074,-0.026596,-0.211796,-0.038610,,
113.4589,S4,new,0.304178,-0.078433,-0.028279,-0.031305,-0.064527,-0.943570,,
113.4689,S4,new,0.303892,-0.078790,-0.029015,-0.039782,-0.090730,-0.749211,,
113.4789,S4,new,0.303597,-0.079222,-0.030091,-0.046008,-0.124684,-0.479761,,
113.4889,S4,new,0.303289,-0.079701,-0.031672,-0.049243,-0.183081,-0.130562,-44.9914,19.5470
113.4989,S4,new,0.302962,-0.080195,-0.033771,-0.049578,-0.213622,-0.047134,,
113.5089,S4,new,0.302614,-0.080695,-0.035666,-0.050339,-0.160672,-0.108578,,
113.5189,S4,new,0.302256,-0.081197,-0.035798,-0.050244,0.005883,-0.053967,,
113.5289,S4,new,0.301898,-0.081703,-0.035675,-0.050959,0.009433,-0.058730,,
113.5389,S4,new,0.301542,-0.082215,-0.035609,-0.051345,0.002917,-0.019621,-63.5968,34.6134
113.5489,S4,new,0.301186,-0.082729,-0.035610,-0.051342,-0.003400,0.019569,,
113.5589,S4,new,0.300830,-0.083241,-0.035641,-0.051153,-0.002388,0.013830,,
113.5689,S4,new,0.300473,-0.083752,-0.035656,-0.051066,-0.000645,0.003379,,
113.5789,S4,new,0.300117,-0.084263,-0.035653,-0.051084,0.000977,-0.006135,,
113.5889,S4,new,0.299760,-0.084774,-0.035646,-0.051130,0.000602,-0.003198,-65.8266,37.0812
113.5989,S4,new,0.299404,-0.085285,-0.035642,-0.051149,0.000029,-0.000550,,
113.6089,S4,new,0.299047,-0.085797,-0.035644,-0.051141,-0.000248,0.001513,,
113.6189,S4,new,0.298691,-0.086308,-0.035646,-0.051129,-0.000123,0.000762,,
113.6289,S4,new,0.298334,-0.086819,-0.035646,-0.051126,0.000002,0.000011,,
113.6389,S4,new,0.297978,-0.087331,-0.035646,-0.051129,0.000064,-0.000369,-67.3066,38.8487
113.6489,S4,new,0.297622,-0.087842,-0.035645,-0.051131,0.000030,-0.000168,,
113.6589,S4,new,0.297265,-0.088353,-0.035645,-0.051132,-0.000003,0.000033,,
113.6689,S4,new,0.296909,-0.088864,-0.035645,-0.051131,-0.000016,0.000089,,
113.6789,S4,new,0.296552,-0.089376,-0.035645,-0.051130,-0.000005,0.000038,,
113.6889,S4,new,0.296196,-0.089887,-0.035645,-0.051130,0.000003,-0.000016,-68.3181,40.1686
113.6989,S4,new,0.295839,-0.090398,-0.035645,-0.051131,0.000004,-0.000022,,
113.7089,S4,new,0.295483,-0.090910,-0.035645,-0.051131,0.000001,-0.000008,,
113.7189,S4,new,0.295126,-0.091421,-0.035645,-0.051131,-0.000001,0.000007,,
113.7289,S4,new,0.294770,-0.091932,-0.035645,-0.051131,-0.000001,0.000005,,
113.7389,S4,new,0.294413,-0.092444,-0.035645,-0.051131,-0.000000,0.000001,-68.8166,41.0663
113.7489,S4,new,0.294057,-0.092955,-0.035645,-0.051131,0.000000,-0.000003,,
113.7589,S4,new,0.293701,-0.093466,-0.035645,-0.051131,-0.000000,-0.000001,,
113.7689,S4,new,0.293344,-0.093978,-0.035645,-0.051131,-0.000000,0.000001,,
113.7789,S4,new,0.292988,-0.094489,-0.035645,-0.051131,-0.000001,0.000002,,
113.7889,S4,new,0.292631,-0.095000,-0.035645,-0.051131,0.000001,-0.000002,-68.7222,41.5344
113.7989,S4,new,0.292275,-0.095511,-0.035645,-0.051131,0.000002,-0.000008,,
113.8089,S4,new,0.291918,-0.096023,-0.035645,-0.051131,0.000001,-0.000004,,
113.8189,S4,new,0.291562,-0.096534,-0.035645,-0.051131,-0.000003,0.000013,,
113.8289,S4,new,0.291205,-0.097045,-0.035645,-0.051130,-0.000007,0.000031,,
113.8389,S4,new,0.290849,-0.097557,-0.035646,-0.051130,-0.000002,0.000004,-67.9721,41.5643
113.8489,S4,new,0.290492,-0.098068,-0.035645,-0.051130,0.000015,-0.000060,,
113.8589,S4,new,0.290136,-0.098579,-0.035645,-0.051131,0.000030,-0.000126,,
113.8689,S4,new,0.289780,-0.099091,-0.035645,-0.051132,-0.000005,0.000021,,
113.8789,S4,new,0.289423,-0.099602,-0.035645,-0.051131,-0.000065,0.000263,,
113.8889,S4,new,0.289067,-0.100113,-0.035646,-0.051127,-0.000125,0.000505,-66.5417,41.1581
113.8989,S4,new,0.288710,-0.100624,-0.035647,-0.051125,0.000059,-0.000216,,
113.9089,S4,new,0.288354,-0.101136,-0.035645,-0.051132,0.000284,-0.001119,,
113.9189,S4,new,0.287997,-0.101647,-0.035641,-0.051147,0.000520,-0.001964,,
113.9289,S4,new,0.287641,-0.102159,-0.035640,-0.051151,-0.000321,0.001404,,
113.9389,S4,new,0.287284,-0.102670,-0.035648,-0.051120,-0.001160,0.004774,-64.4792,40.3538
113.9489,S4,new,0.286928,-0.103181,-0.035664,-0.051058,-0.001357,0.005408,,
113.9589,S4,new,0.286571,-0.103691,-0.035661,-0.051067,0.001777,-0.007162,,
113.9689,S4,new,0.286215,-0.104203,-0.035628,-0.051201,0.004914,-0.019742,,
113.9789,S4,new,0.285859,-0.104716,-0.035571,-0.051429,0.002891,-0.013022,,
113.9889,S4,new,0.285503,-0.105230,-0.035598,-0.051321,-0.008826,0.033943,-62.1843,39.4151
113.9989,S4,new,0.285146,-0.105741,-0.035741,-0.050741,-0.019692,0.081902,,
114.0089,S4,new,0.284789,-0.106242,-0.035514,-0.049380,0.109793,0.178194,,
114.0189,S4,new,0.284440,-0.106730,-0.034156,-0.048310,0.162504,0.044500,,
114.0289,S4,new,0.284107,-0.107212,-0.032323,-0.048424,0.204474,-0.059116,,
114.0389,S4,new,0.283795,-0.107700,-0.030359,-0.048725,0.145162,0.131787,-29.9388,26.5102
114.0489,S4,new,0.283496,-0.108174,-0.029514,-0.045417,0.028976,0.513519,,
114.0589,S4,new,0.283201,-0.108597,-0.029686,-0.038764,-0.058413,0.803236,,
114.0689,S4,new,0.282900,-0.108941,-0.030557,-0.029751,-0.063761,0.827153,,
114.0789,S4,new,0.282597,-0.109215,-0.029497,-0.026768,0.260439,-0.180505,,
114.0889,S4,new,0.282319,-0.109505,-0.025797,-0.032525,0.462516,-0.934014,-1.0657,7.7106
114.0989,S4,new,0.282087,-0.109887,-0.020439,-0.044762,0.605340,-1.476378,,
114.1089,S4,new,0.281914,-0.110416,-0.013933,-0.061575,0.617295,-1.569769,,
114.1189,S4,new,0.281794,-0.111070,-0.011007,-0.065151,-0.001216,0.735336,,
114.1289,S4,new,0.281676,-0.111658,-0.013363,-0.050205,-0.433869,2.150369,,
114.1389,S4,new,0.281516,-0.112037,-0.019070,-0.024199,-0.678413,2.960984,-74.9825,58.6971
114.1489,S4,new,0.281289,-0.112124,-0.026420,0.007321,-0.765143,3.265088,,
114.1589,S4,new,0.280987,-0.111888,-0.033972,0.039670,-0.714459,3.127922,,
114.1689,S4,new,0.280621,-0.111366,-0.037910,0.060204,0.013317,0.689653,,
114.1789,S4,new,0.280248,-0.110756,-0.035732,0.058691,0.460014,-0.970172,,
114.1889,S4,new,0.279917,-0.110234,-0.030098,0.044311,0.680139,-1.886912,11.6745,-5.1738
114.1989,S4,new,0.279654,-0.109898,-0.022368,0.022048,0.828674,-2.494985,,
114.2089,S4,new,0.279474,-0.109810,-0.013348,-0.005359,0.962109,-2.942033,,
114.2189,S4,new,0.279390,-0.110017,-0.003371,-0.036518,1.039924,-3.280955,,
114.2289,S4,new,0.279410,-0.110550,0.007358,-0.070432,1.098246,-3.476356,,
114.2389,S4,new,0.279538,-0.111430,0.018451,-0.105565,1.113602,-3.527802,34.2474,-24.4068
114.2489,S4,new,0.279779,-0.112663,0.030110,-0.143417,1.460655,-5.142544,,
114.2589,S4,new,0.280158,-0.114373,0.046122,-0.199554,1.674380,-5.858602,,
114.2689,S4,new,0.280704,-0.116664,0.063035,-0.258527,1.677213,-5.820206,,
114.2789,S4,new,0.281419,-0.119541,0.079832,-0.316811,1.676032,-5.816291,,
114.2889,S4,new,0.282300,-0.122998,0.096428,-0.374424,1.636447,-5.683729,53.8145,-42.7750
114.2989,S4,new,0.283346,-0.127024,0.112905,-0.431869,1.880018,-6.650131,,
114.3089,S4,new,0.284568,-0.131673,0.131506,-0.497702,1.825784,-6.468522,,
114.3189,S4,new,0.285978,-0.136989,0.150770,-0.566425,1.923909,-6.890839,,
114.3289,S4,new,0.287583,-0.143001,0.170912,-0.639137,2.192645,-7.988063,,
114.3389,S4,new,0.289397,-0.149779,0.192836,-0.719738,2.662270,-9.904551,94.2527,-77.7011
114.3489,S4,new,0.291448,-0.157437,0.217314,-0.812239,2.782686,-10.689624,,
114.3589,S4,new,0.293740,-0.166026,0.240858,-0.906031,2.670249,-10.797975,,
114.3689,S4,new,0.296277,-0.175611,0.266759,-1.012131,2.577139,-10.658892,,
114.3789,S4,new,0.299077,-0.186280,0.293255,-1.121815,2.561325,-10.611350,,
114.3889,S4,new,0.302095,-0.197861,0.303771,-1.168108,-1.344620,4.863856,-140.2715,103.1079
114.3989,S4,new,0.305085,-0.209362,0.295711,-1.136750,-0.297293,1.503311,,
114.4089,S4,new,0.308042,-0.220704,0.295754,-1.132147,-0.093366,0.771490,,
114.4189,S4,new,0.310990,-0.231970,0.293258,-1.119420,-0.402836,1.767828,,
114.4289,S4,new,0.313897,-0.243061,0.287859,-1.097308,-0.657406,2.584646,,
114.4389,S4,new,0.316739,-0.253891,0.280083,-1.067539,-0.889544,3.341292,-111.9019,86.2833
114.4489,S4,new,0.319492,-0.264391,0.270393,-1.031636,-1.012439,3.723289,,
114.4589,S4,new,0.322148,-0.274527,0.260875,-0.996334,-0.900165,3.369726,,
114.4689,S4,new,0.324714,-0.284332,0.252627,-0.965185,-0.767217,2.925723,,
114.4789,S4,new,0.327204,-0.293842,0.245424,-0.937442,-0.680643,2.649346,,
114.4889,S4,new,0.329626,-0.303091,0.239187,-0.912885,-0.574708,2.291120,-101.1223,78.9086
114.4989,S4,new,0.331990,-0.312109,0.233763,-0.891007,-0.509950,2.083451,,
114.5089,S4,new,0.334302,-0.320916,0.228693,-0.870680,-0.505739,1.973396,,
114.5189,S4,new,0.336564,-0.329525,0.223561,-0.851168,-0.515553,1.912118,,
114.5289,S4,new,0.338773,-0.337942,0.218364,-0.832326,-0.523000,1.855367,,
114.5389,S4,new,0.340931,-0.346174,0.213123,-0.814105,-0.528353,1.802959,-101.3319,79.1851
114.5489,S4,new,0.343036,-0.354226,0.207862,-0.796479,-0.523225,1.721607,,
114.5589,S4,new,0.345088,-0.362105,0.202648,-0.779597,-0.504617,1.598144,,
114.5689,S4,new,0.347090,-0.369821,0.197849,-0.763645,-0.442519,1.577634,,
114.5789,S4,new,0.349047,-0.377378,0.193739,-0.747894,-0.382370,1.579046,,
114.5889,S4,new,0.350967,-0.384779,0.190243,-0.732310,-0.328007,1.576892,-98.5146,77.8956
114.5989,S4,new,0.352854,-0.392024,0.187295,-0.716873,-0.278495,1.572879,,
114.6089,S4,new,0.354714,-0.399117,0.184843,-0.701558,-0.233040,1.568251,,
114.6189,S4,new,0.356552,-0.406057,0.182843,-0.686338,-0.190959,1.563911,,
114.6289,S4,new,0.358373,-0.412845,0.181258,-0.671187,-0.151653,1.560506,,
114.6389,S4,new,0.360177,-0.419485,0.179443,-0.657430,-0.280999,1.411702,-99.3727,78.8537
114.6489,S4,new,0.361956,-0.425996,0.176294,-0.645196,-0.414872,1.288063,,
114.6589,S4,new,0.363698,-0.432390,0.171841,-0.633957,-0.533550,1.186811,,
114.6689,S4,new,0.365389,-0.438676,0.166264,-0.623501,-0.632702,1.110417,,
114.6789,S4,new,0.367019,-0.444859,0.159775,-0.613589,-0.709624,1.057883,,
114.6889,S4,new,0.368581,-0.450945,0.152573,-0.603894,-0.729402,0.891620,-111.3390,85.6550
114.6989,S4,new,0.370069,-0.456936,0.144897,-0.594256,-0.774935,0.928620,,
114.7089,S4,new,0.371480,-0.462837,0.137382,-0.586366,-0.747399,0.738682,,
114.7189,S4,new,0.372821,-0.468665,0.131487,-0.579483,-0.465597,0.820058,,
114.7289,S4,new,0.374115,-0.474409,0.127824,-0.569672,-0.226239,0.928887,,
114.7389,S4,new,0.375384,-0.480048,0.126069,-0.557373,-0.005519,0.986907,-93.9917,75.8956
114.7489,S4,new,0.376645,-0.485561,0.126400,-0.544209,0.071081,1.641554,,
114.7589,S4,new,0.377919,-0.490930,0.128713,-0.529587,0.308211,1.657147,,
114.7689,S4,new,0.379225,-0.496140,0.133204,-0.513178,0.608111,1.607635,,
114.7789,S4,new,0.380590,-0.501179,0.140442,-0.494727,1.052123,1.398007,,
114.7889,S4,new,0.382050,-0.506034,0.151736,-0.474144,1.211212,2.758089,-74.8702,67.4956
114.7989,S4,new,0.383660,-0.510691,0.171096,-0.454080,2.103828,3.148314,,
114.8089,S4,new,0.385497,-0.515065,0.197434,-0.418628,2.808593,4.121048,,
114.8189,S4,new,0.387613,-0.519039,0.225696,-0.375914,2.826728,4.276103,,
114.8289,S4,new,0.390010,-0.522594,0.253607,-0.336462,2.731509,3.430248,,
114.8389,S4,new,0.392688,-0.525826,0.282036,-0.313834,2.998502,0.809955,-13.4005,28.0788
114.8489,S4,new,0.395656,-0.528982,0.311950,-0.324709,3.057769,-3.477551,,
114.8589,S4,new,0.398933,-0.532517,0.343919,-0.394870,3.923347,-10.958136,,
114.8689,S4,new,0.402567,-0.537015,0.382800,-0.504130,3.864021,-10.629970,,
114.8789,S4,new,0.406583,-0.542552,0.419793,-0.598823,3.580536,-7.984745,,
114.8889,S4,new,0.410836,-0.548693,0.425268,-0.614247,0.201516,1.152002,-98.6946,78.6094
114.8989,S4,new,0.415105,-0.554739,0.428835,-0.594456,0.347208,1.762672,,
114.9089,S4,new,0.419402,-0.560603,0.429650,-0.579101,-0.154788,1.260407,,
114.9189,S4,new,0.423682,-0.566339,0.425400,-0.568763,-0.658907,0.768231,,
114.9289,S4,new,0.427895,-0.571995,0.416707,-0.562560,-0.969588,0.673767,,
114.9389,S4,new,0.432017,-0.577585,0.407928,-0.555493,-0.786896,0.733713,-127.8255,93.9370
114.9489,S4,new,0.436059,-0.583102,0.400865,-0.547861,-0.615975,0.774336,,
114.9589,S4,new,0.440039,-0.588541,0.395298,-0.539665,-0.500105,0.864847,,
114.9689,S4,new,0.443967,-0.593895,0.390337,-0.531427,-0.483061,0.771282,,
114.9789,S4,new,0.447846,-0.599172,0.385525,-0.524070,-0.478692,0.700130,,
114.9889,S4,new,0.451678,-0.604379,0.380836,-0.517507,-0.465345,0.621440,-121.9410,89.1818
114.9989,S4,new,0.455464,-0.609525,0.376306,-0.511683,-0.436288,0.555646,,
115.0089,S4,new,0.459205,-0.614614,0.372089,-0.506246,-0.399777,0.521472,,
115.0189,S4,new,0.462906,-0.619651,0.368180,-0.501079,-0.382765,0.512824,,
115.0289,S4,new,0.466570,-0.624637,0.364545,-0.496144,-0.353368,0.486450,,
115.0389,S4,new,0.470198,-0.629574,0.361111,-0.491385,-0.333458,0.461985,-120.4510,86.7560
115.0489,S4,new,0.473793,-0.634465,0.357826,-0.486844,-0.324769,0.448035,,
115.0589,S4,new,0.477355,-0.639312,0.354673,-0.482503,-0.311248,0.427622,,
115.0689,S4,new,0.480886,-0.644115,0.351611,-0.478305,-0.301449,0.412377,,
115.0789,S4,new,0.484387,-0.648878,0.348602,-0.474207,-0.301565,0.408369,,
115.0889,S4,new,0.487858,-0.653600,0.345594,-0.470156,-0.301806,0.404195,-121.7809,85.9561
115.0989,S4,new,0.491299,-0.658281,0.342561,-0.466115,-0.305126,0.404441,,
115.1089,S4,new,0.494709,-0.662922,0.339489,-0.462064,-0.309085,0.405785,,
115.1189,S4,new,0.498089,-0.667522,0.336430,-0.457997,-0.299530,0.406920,,
115.1289,S4,new,0.501439,-0.672082,0.333499,-0.453924,-0.286649,0.407347,,
115.1389,S4,new,0.504759,-0.676601,0.330667,-0.449812,-0.279062,0.414000,-123.7360,85.5967
115.1489,S4,new,0.508052,-0.681078,0.327913,-0.445641,-0.270577,0.418449,,
115.1589,S4,new,0.511317,-0.685513,0.325061,-0.441341,-0.311709,0.439638,,
115.1689,S4,new,0.514551,-0.689904,0.321627,-0.436819,-0.381717,0.474110,,
115.1789,S4,new,0.517748,-0.694248,0.317540,-0.431999,-0.438682,0.494769,,
115.1889,S4,new,0.520900,-0.698543,0.312860,-0.426919,-0.492875,0.515722,-129.1209,86.8279
115.1989,S4,new,0.524003,-0.702786,0.307663,-0.421531,-0.496385,0.547510,,
115.2089,S4,new,0.527057,-0.706974,0.303482,-0.416109,-0.340759,0.535754,,
115.2189,S4,new,0.530077,-0.711108,0.300750,-0.410735,-0.207067,0.538546,,
115.2289,S4,new,0.533077,-0.715188,0.299320,-0.405362,-0.081147,0.536313,,
115.2389,S4,new,0.536068,-0.719215,0.299037,-0.399939,0.017368,0.555232,-125.4923,84.5134
115.2489,S4,new,0.539057,-0.723186,0.298108,-0.394158,-0.340007,0.627954,,
115.2589,S4,new,0.542012,-0.727095,0.292088,-0.387326,-0.849800,0.729527,,
115.2689,S4,new,0.544882,-0.730929,0.281132,-0.379382,-1.336925,0.864871,,
115.2789,S4,new,0.547620,-0.734679,0.265799,-0.370402,-1.732033,0.946282,,
115.2889,S4,new,0.550186,-0.738334,0.246750,-0.360567,-2.067481,1.018736,-153.1344,95.3557
115.2989,S4,new,0.552558,-0.741890,0.229665,-0.350759,-1.042925,0.906320,,
115.3089,S4,new,0.554825,-0.745355,0.225890,-0.342585,0.251877,0.739725,,
115.3189,S4,new,0.557115,-0.748746,0.234058,-0.335830,1.352626,0.614621,,
115.3289,S4,new,0.559540,-0.752076,0.252366,-0.330213,2.280412,0.513371,,
115.3389,S4,new,0.562191,-0.755354,0.279097,-0.325466,3.037691,0.440371,-96.0791,71.0176
115.3489,S4,new,0.565144,-0.758587,0.311936,-0.321223,2.905418,0.477258,,
115.3589,S4,new,0.568347,-0.761767,0.322579,-0.313754,-0.655455,0.980508,,
115.3689,S4,new,0.571487,-0.764846,0.300354,-0.301328,-3.634115,1.447524,,
115.3789,S4,new,0.574267,-0.767780,0.251906,-0.284793,-5.902526,1.808867,,
115.3889,S4,new,0.576462,-0.770533,0.184462,-0.265253,-7.453589,2.064179,-215.9094,120.3651
115.3989,S4,new,0.577917,-0.773079,0.104989,-0.243747,-8.332243,2.220489,,
115.4089,S4,new,0.578543,-0.775408,0.019821,-0.222717,-8.700711,1.900268,,
115.4189,S4,new,0.578301,-0.777539,-0.067750,-0.203650,-8.177633,1.840776,,
115.4289,S4,new,0.577254,-0.779488,-0.138036,-0.186548,-5.941746,1.586653,,
115.4389,S4,new,0.575495,-0.781382,-0.217201,-0.195235,-8.479607,-1.206855,-182.0647,86.6202
115.4489,S4,new,0.572896,-0.783394,-0.302623,-0.207233,-8.469070,-1.208073,,
115.4589,S4,new,0.569451,-0.785531,-0.385897,-0.221092,-8.034120,-1.572605,,
115.4689,S4,new,0.565201,-0.787834,-0.464270,-0.241639,-7.404997,-2.554679,,
115.4789,S4,new,0.560202,-0.790408,-0.534363,-0.277101,-5.544957,-4.362669,,
115.4889,S4,new,0.554722,-0.793401,-0.550137,-0.322178,0.597150,-4.665829,-57.6636,22.6288
115.4989,S4,new,0.549252,-0.796856,-0.544302,-0.368819,0.324638,-4.634620,,
115.5089,S4,new,0.543798,-0.800775,-0.550169,-0.414816,-1.883072,-4.572763,,
115.5189,S4,new,0.538138,-0.805148,-0.589190,-0.459079,-5.978202,-3.921068,,
115.5289,S4,new,0.531865,-0.809914,-0.669517,-0.492116,-8.459273,-2.989217,,
115.5389,S4,new,0.524755,-0.814996,-0.752386,-0.526110,-8.247422,-3.995408,-144.1325,56.0552
115.5489,S4,new,0.516839,-0.820470,-0.827374,-0.569596,-6.234315,-4.510995,,
115.5589,S4,new,0.508337,-0.826371,-0.858876,-0.602146,3.182222,1.102567,,
115.5689,S4,new,0.499892,-0.832334,-0.831413,-0.590195,2.318396,1.277550,,
115.5789,S4,new,0.491683,-0.838168,-0.811725,-0.576356,1.615704,1.471457,,
115.5889,S4,new,0.483647,-0.843857,-0.794821,-0.561453,1.812814,1.484771,-105.1415,75.3034
115.5989,S4,new,0.475796,-0.849396,-0.774966,-0.546249,2.124774,1.536643,,
115.6089,S4,new,0.468157,-0.854781,-0.752532,-0.530762,2.352035,1.578549,,
115.6189,S4,new,0.460749,-0.860009,-0.728910,-0.514694,2.365755,1.629351,,
115.6289,S4,new,0.453580,-0.865073,-0.704850,-0.497938,2.425867,1.706329,,
115.6389,S4,new,0.446654,-0.869966,-0.680262,-0.480495,2.434942,1.738105,-95.0577,71.8690
115.6489,S4,new,0.439971,-0.874686,-0.656205,-0.463365,2.469691,1.754040,,
115.6589,S4,new,0.433532,-0.879231,-0.631192,-0.445639,2.584244,1.827672,,
115.6689,S4,new,0.427350,-0.883596,-0.605044,-0.427175,2.711734,1.912163,,
115.6789,S4,new,0.421428,-0.887778,-0.579633,-0.409266,2.255902,1.590157,,
115.6889,S4,new,0.415757,-0.891782,-0.554035,-0.391211,2.776883,1.959338,-87.5888,69.3122
115.6989,S4,new,0.410350,-0.895599,-0.527362,-0.372387,2.671241,1.885774,,
115.7089,S4,new,0.405214,-0.899226,-0.499550,-0.352747,3.054135,2.157061,,
115.7189,S4,new,0.400370,-0.902647,-0.471933,-0.333240,1.589286,1.122848,,
115.7289,S4,new,0.395746,-0.905912,-0.451618,-0.318891,2.820907,1.992206,,
115.7389,S4,new,0.391357,-0.909011,-0.424844,-0.299983,2.978655,2.103332,-81.7471,67.1281
115.7489,S4,new,0.387252,-0.911909,-0.396044,-0.279647,3.119817,2.202878,,
115.7589,S4,new,0.383425,-0.914612,-0.368920,-0.260495,3.130717,2.210535,,
115.7689,S4,new,0.379823,-0.917156,-0.351303,-0.248057,2.619985,1.849925,,
115.7789,S4,new,0.376436,-0.919547,-0.326992,-0.230891,2.660431,1.878511,,
115.7889,S4,new,0.373314,-0.921751,-0.297683,-0.210196,2.753461,1.944215,-79.1064,64.6647
115.7989,S4,new,0.370487,-0.923747,-0.266625,-0.188266,3.399000,2.400044,,
115.8089,S4,new,0.367984,-0.925515,-0.234111,-0.165308,3.343486,2.360852,,
115.8189,S4,new,0.365814,-0.927047,-0.199447,-0.140831,3.556926,2.511568,,
115.8289,S4,new,0.363999,-0.928329,-0.163569,-0.115497,3.591481,2.535971,,
115.8389,S4,new,0.362542,-0.929358,-0.127967,-0.090358,3.546203,2.504003,-72.9186,65.1268
115.8489,S4,new,0.361435,-0.930139,-0.093811,-0.066241,3.266715,2.306656,,
115.8589,S4,new,0.360655,-0.930690,-0.062943,-0.044445,2.893856,2.043378,,
115.8689,S4,new,0.360186,-0.931021,-0.032733,-0.023113,2.441314,1.723835,,
115.8789,S4,new,0.359963,-0.931179,-0.013667,-0.009650,1.405099,0.992154,,
115.8889,S4,new,0.359882,-0.931236,-0.003816,-0.002695,0.612308,0.432357,-87.3000,58.9216
115.8989,S4,new,0.359865,-0.931248,-0.000376,-0.000265,0.132032,0.093229,,
115.9074,S4,new,0.359864,-0.931248,-0.000000,-0.000000,0.000000,0.000000,-90.4191,57.6879
115.9174,S4,new,0.359864,-0.931248,-0.000000,-0.000000,-0.000002,-0.000010,,
115.9274,S4,new,0.359864,-0.931248,-0.000000,-0.000000,-0.000004,-0.000020,,
115.9374,S4,new,0.359864,-0.931248,-0.000000,-0.000000,-0.000006,-0.000029,,
115.9474,S4,new,0.359864,-0.931248,-0.000000,-0.000001,-0.000009,-0.000039,,
115.9574,S4,new,0.359864,-0.931248,-0.000000,-0.000001,-0.000011,-0.000049,-90.4190,57.6879
115.9674,S4,new,0.359864,-0.931248,-0.000000,-0.000001,-0.000013,-0.000059,,
115.9774,S4,new,0.359864,-0.931249,-0.000000,-0.000001,-0.000015,-0.000068,,
115.9874,S4,new,0.359864,-0.931249,-0.000000,-0.000001,-0.000017,-0.000078,,
115.9974,S4,new,0.359864,-0.931249,-0.000001,-0.000005,-0.000037,-0.000172,,
116.0074,S4,new,0.359864,-0.931249,-0.000002,-0.000009,-0.000067,-0.000308,-90.4186,57.6875
116.0174,S4,new,0.359864,-0.931249,-0.000003,-0.000014,-0.000097,-0.000444,,
116.0274,S4,new,0.359864,-0.931249,-0.000004,-0.000019,-0.000127,-0.000580,,
116.0374,S4,new,0.359864,-0.931249,-0.000005,-0.000024,-0.000157,-0.000717,,
116.0474,S4,new,0.359864,-0.931249,-0.000006,-0.000029,-0.000186,-0.000853,,
116.0574,S4,new,0.359864,-0.931249,-0.000007,-0.000034,-0.000216,-0.000989,-90.4174,57.6865
116.0674,S4,new,0.359864,-0.931250,-0.000008,-0.000038,-0.000246,-0.001125,,
116.0774,S4,new,0.359864,-0.931250,-0.000011,-0.000051,-0.000304,-0.001390,,
116.0874,S4,new,0.359863,-0.931251,-0.000018,-0.000082,-0.000421,-0.001927,,
116.0974,S4,new,0.359863,-0.931253,-0.000025,-0.000113,-0.000538,-0.002464,,
116.1074,S4,new,0.359863,-0.931254,-0.000031,-0.000143,-0.000655,-0.003001,-90.4138,57.6837
116.1174,S4,new,0.359862,-0.931256,-0.000038,-0.000174,-0.000773,-0.003538,,
116.1274,S4,new,0.359862,-0.931257,-0.000045,-0.000204,-0.000890,-0.004074,,
116.1374,S4,new,0.359862,-0.931258,-0.000051,-0.000235,-0.001007,-0.004611,,
116.1474,S4,new,0.359862,-0.931260,-0.000058,-0.000266,-0.001124,-0.005148,,
116.1574,S4,new,0.359861,-0.931261,-0.000065,-0.000296,-0.001242,-0.005685,-90.4090,57.6800
116.1674,S4,new,0.359860,-0.931268,-0.000087,-0.000399,-0.001518,-0.006953,,
116.1774,S4,new,0.359858,-0.931274,-0.000110,-0.000503,-0.001798,-0.008235,,
116.1874,S4,new,0.359857,-0.931281,-0.000133,-0.000607,-0.002078,-0.009516,,
116.1974,S4,new,0.359855,-0.931287,-0.000155,-0.000711,-0.002358,-0.010798,,
116.2074,S4,new,0.359854,-0.931294,-0.000178,-0.000815,-0.002637,-0.012080,-90.3974,57.6713
116.2174,S4,new,0.359853,-0.931300,-0.000201,-0.000919,-0.002917,-0.013361,,
116.2274,S4,new,0.359851,-0.931307,-0.000223,-0.001023,-0.003197,-0.014643,,
116.2374,S4,new,0.359850,-0.931314,-0.000246,-0.001127,-0.003477,-0.015924,,
116.2474,S4,new,0.359846,-0.931329,-0.000290,-0.001327,-0.003901,-0.017871,,
116.2574,S4,new,0.359842,-0.931350,-0.000345,-0.001579,-0.004407,-0.020187,-90.3827,57.6604
116.2674,S4,new,0.359837,-0.931371,-0.000400,-0.001832,-0.004912,-0.022503,,
116.2774,S4,new,0.359833,-0.931392,-0.000455,-0.002084,-0.005417,-0.024820,,
116.2874,S4,new,0.359828,-0.931413,-0.000510,-0.002337,-0.005922,-0.027136,,
116.2974,S4,new,0.359824,-0.931434,-0.000565,-0.002590,-0.006428,-0.029452,,
116.3074,S4,new,0.359819,-0.931454,-0.000620,-0.002842,-0.006933,-0.031769,-90.3614,57.6452
116.3174,S4,new,0.359814,-0.931475,-0.000676,-0.003095,-0.007438,-0.034085,,
116.3274,S4,new,0.359808,-0.931505,-0.000747,-0.003420,-0.008017,-0.036741,,
116.3374,S4,new,0.359797,-0.931557,-0.000854,-0.003913,-0.008766,-0.040180,,
116.3474,S4,new,0.359786,-0.931608,-0.000962,-0.004406,-0.009516,-0.043618,,
116.3574,S4,new,0.359774,-0.931659,-0.001069,-0.004899,-0.010265,-0.047057,-90.3329,57.6260
116.3674,S4,new,0.359763,-0.931710,-0.001177,-0.005392,-0.011014,-0.050495,,
116.3774,S4,new,0.359752,-0.931762,-0.001284,-0.005885,-0.011763,-0.053934,,
116.3874,S4,new,0.359741,-0.931813,-0.001392,-0.006378,-0.012512,-0.057372,,
116.3974,S4,new,0.359730,-0.931864,-0.001499,-0.006871,-0.013261,-0.060811,,
116.4074,S4,new,0.359718,-0.931915,-0.001607,-0.007364,-0.014010,-0.064249,-90.3006,57.6048
116.4174,S4,new,0.359696,-0.932019,-0.001783,-0.008170,-0.014935,-0.068504,,
116.4274,S4,new,0.359673,-0.932124,-0.001961,-0.008989,-0.015866,-0.072789,,
116.4374,S4,new,0.359650,-0.932230,-0.002139,-0.009807,-0.016797,-0.077074,,
116.4474,S4,new,0.359627,-0.932335,-0.002318,-0.010626,-0.017728,-0.081360,,
116.4574,S4,new,0.359604,-0.932441,-0.002496,-0.011445,-0.018659,-0.085645,-90.2588,57.5811
116.4674,S4,new,0.359581,-0.932546,-0.002675,-0.012263,-0.019591,-0.089931,,
116.4774,S4,new,0.359558,-0.932652,-0.002853,-0.013082,-0.020522,-0.094216,,
116.4874,S4,new,0.359535,-0.932757,-0.003031,-0.013900,-0.021453,-0.098501,,
116.4974,S4,new,0.359500,-0.932915,-0.003259,-0.014948,-0.022388,-0.102820,,
116.5074,S4,new,0.359459,-0.933104,-0.003517,-0.016134,-0.023325,-0.107158,-90.2157,57.5590
116.5174,S4,new,0.359418,-0.933293,-0.003775,-0.017320,-0.024263,-0.111495,,
116.5274,S4,new,0.359377,-0.933482,-0.004033,-0.018505,-0.025200,-0.115833,,
116.5374,S4,new,0.359336,-0.933671,-0.004291,-0.019691,-0.026138,-0.120171,,
116.5474,S4,new,0.359294,-0.933860,-0.004549,-0.020877,-0.027075,-0.124509,,
116.5574,S4,new,0.359253,-0.934049,-0.004807,-0.022063,-0.028012,-0.128847,-90.1702,57.5403
116.5674,S4,new,0.359212,-0.934238,-0.005065,-0.023248,-0.028950,-0.133185,,
116.5774,S4,new,0.359164,-0.934459,-0.005343,-0.024524,-0.029798,-0.137126,,
116.5874,S4,new,0.359098,-0.934761,-0.005668,-0.026026,-0.030421,-0.140067,,
116.5974,S4,new,0.359032,-0.935062,-0.005994,-0.027528,-0.031044,-0.143008,,
116.6074,S4,new,0.358967,-0.935364,-0.006320,-0.029030,-0.031667,-0.145949,-90.1299,57.5329
116.6174,S4,new,0.358901,-0.935666,-0.006646,-0.030532,-0.032291,-0.148890,,
116.6274,S4,new,0.358835,-0.935968,-0.006972,-0.032033,-0.032914,-0.151832,,
116.6374,S4,new,0.358770,-0.936270,-0.007298,-0.033535,-0.033537,-0.154773,,
116.6474,S4,new,0.358704,-0.936572,-0.007623,-0.035037,-0.034160,-0.157714,,
116.6574,S4,new,0.358638,-0.936874,-0.007949,-0.036539,-0.034784,-0.160655,-90.0922,57.5314
116.6674,S4,new,0.358545,-0.937300,-0.008297,-0.038148,-0.034650,-0.160195,,
116.6774,S4,new,0.358451,-0.937734,-0.008645,-0.039763,-0.034473,-0.159537,,
116.6874,S4,new,0.358357,-0.938168,-0.008993,-0.041378,-0.034296,-0.158879,,
116.6974,S4,new,0.358263,-0.938602,-0.009342,-0.042994,-0.034119,-0.158221,,
116.7074,S4,new,0.358168,-0.939036,-0.009690,-0.044609,-0.033942,-0.157563,-90.0807,57.5638
116.7174,S4,new,0.358074,-0.939470,-0.010039,-0.046224,-0.033765,-0.156905,,
116.7274,S4,new,0.357980,-0.939904,-0.010387,-0.047839,-0.033588,-0.156247,,
116.7374,S4,new,0.357885,-0.940338,-0.010736,-0.049454,-0.033411,-0.155589,,
116.7474,S4,new,0.357775,-0.940848,-0.011041,-0.050884,-0.032348,-0.150931,,
116.7574,S4,new,0.357653,-0.941407,-0.011319,-0.052192,-0.030708,-0.143670,-90.0863,57.6143
116.7674,S4,new,0.357532,-0.941967,-0.011597,-0.053501,-0.029068,-0.136409,,
116.7774,S4,new,0.357411,-0.942527,-0.011875,-0.054809,-0.027428,-0.129148,,
116.7874,S4,new,0.357290,-0.943086,-0.012153,-0.056118,-0.025789,-0.121887,,
116.7974,S4,new,0.357168,-0.943646,-0.012431,-0.057427,-0.024149,-0.114626,,
116.8074,S4,new,0.357047,-0.944206,-0.012709,-0.058735,-0.022509,-0.107365,-90.1277,57.7026
116.8174,S4,new,0.356926,-0.944765,-0.012987,-0.060044,-0.020869,-0.100104,,
116.8274,S4,new,0.356801,-0.945344,-0.013205,-0.061087,-0.018776,-0.090803,,
116.8374,S4,new,0.356664,-0.945977,-0.013260,-0.061400,-0.015434,-0.075880,,
116.8474,S4,new,0.356528,-0.946610,-0.013314,-0.061712,-0.012093,-0.060958,,
116.8574,S4,new,0.356392,-0.947243,-0.013369,-0.062025,-0.008751,-0.046036,-90.2105,57.8303
116.8674,S4,new,0.356255,-0.947875,-0.013424,-0.062337,-0.005410,-0.031113,,
116.8774,S4,new,0.356119,-0.948508,-0.013478,-0.062649,-0.002068,-0.016191,,
116.8874,S4,new,0.355983,-0.949141,-0.013533,-0.062962,0.001273,-0.001269,,
116.8974,S4,new,0.355846,-0.949774,-0.013588,-0.063274,0.004615,0.013654,,
116.9074,S4,new,0.355710,-0.950406,-0.013642,-0.063587,0.007957,0.028576,-90.3151,57.9792
116.9174,S4,new,0.355577,-0.951030,-0.013566,-0.063333,0.008197,0.029159,,
116.9274,S4,new,0.355444,-0.951654,-0.013479,-0.063036,0.008194,0.028611,,
116.9374,S4,new,0.355311,-0.952277,-0.013392,-0.062738,0.008190,0.028062,,
116.9474,S4,new,0.355178,-0.952900,-0.013306,-0.062441,0.008187,0.027514,,
116.9574,S4,new,0.355045,-0.953524,-0.013219,-0.062143,0.008183,0.026966,-90.2847,58.0161
116.9674,S4,new,0.354913,-0.954147,-0.013132,-0.061845,0.008179,0.026418,,
116.9774,S4,new,0.354780,-0.954771,-0.013045,-0.061548,0.008176,0.025870,,
116.9874,S4,new,0.354647,-0.955394,-0.012958,-0.061250,0.008172,0.025322,,
116.9974,S4,new,0.354518,-0.956006,-0.012892,-0.061076,0.007656,0.022306,,
117.0074,S4,new,0.354391,-0.956611,-0.012839,-0.060988,0.006780,0.017558,-90.2404,58.0406
117.0174,S4,new,0.354265,-0.957216,-0.012787,-0.060900,0.005903,0.012809,,
117.0274,S4,new,0.354138,-0.957821,-0.012735,-0.060813,0.005027,0.008061,,
117.0374,S4,new,0.354012,-0.958426,-0.012682,-0.060725,0.004151,0.003312,,
117.0474,S4,new,0.353885,-0.959031,-0.012630,-0.060638,0.003275,-0.001436,,
117.0574,S4,new,0.353759,-0.959636,-0.012577,-0.060550,0.002398,-0.006185,-90.1708,58.0426
117.0674,S4,new,0.353632,-0.960241,-0.012525,-0.060462,0.001522,-0.010933,,
117.0774,S4,new,0.353505,-0.960849,-0.012503,-0.060530,0.000344,-0.017126,,
117.0874,S4,new,0.353379,-0.961470,-0.012572,-0.061070,-0.001749,-0.027694,,
117.0974,S4,new,0.353252,-0.962090,-0.012641,-0.061609,-0.003841,-0.038262,,
117.1074,S4,new,0.353126,-0.962710,-0.012710,-0.062148,-0.005934,-0.048831,-90.0672,58.0166
117.1174,S4,new,0.352999,-0.963331,-0.012778,-0.062688,-0.008027,-0.059399,,
117.1274,S4,new,0.352873,-0.963951,-0.012847,-0.063227,-0.010120,-0.069967,,
117.1374,S4,new,0.352746,-0.964571,-0.012916,-0.063767,-0.012213,-0.080536,,
117.1474,S4,new,0.352620,-0.965192,-0.012985,-0.064306,-0.014305,-0.091104,,
117.1574,S4,new,0.352493,-0.965812,-0.013054,-0.064846,-0.016398,-0.101672,-89.9451,57.9749
117.1674,S4,new,0.352354,-0.966509,-0.013276,-0.066146,-0.017388,-0.106486,,
117.1774,S4,new,0.352214,-0.967213,-0.013513,-0.067523,-0.018266,-0.110721,,
117.1874,S4,new,0.352074,-0.967918,-0.013750,-0.068900,-0.019144,-0.114957,,
117.1974,S4,new,0.351934,-0.968622,-0.013987,-0.070277,-0.020023,-0.119192,,
117.2074,S4,new,0.351794,-0.969327,-0.014224,-0.071654,-0.020901,-0.123427,-89.8824,57.9854
117.2174,S4,new,0.351654,-0.970031,-0.014461,-0.073031,-0.021779,-0.127662,,
117.2274,S4,new,0.351514,-0.970735,-0.014699,-0.074408,-0.022658,-0.131897,,
117.2374,S4,new,0.351374,-0.971440,-0.014936,-0.075785,-0.023536,-0.136133,,
117.2474,S4,new,0.351223,-0.972208,-0.015157,-0.077071,-0.023475,-0.135482,,
117.2574,S4,new,0.351063,-0.973025,-0.015367,-0.078288,-0.022705,-0.131134,-89.8459,58.0192
117.2674,S4,new,0.350904,-0.973842,-0.015578,-0.079504,-0.021934,-0.126786,,
117.2774,S4,new,0.350744,-0.974659,-0.015788,-0.080721,-0.021163,-0.122438,,
117.2874,S4,new,0.350584,-0.975476,-0.015998,-0.081938,-0.020392,-0.118090,,
117.2974,S4,new,0.350425,-0.976293,-0.016208,-0.083155,-0.019621,-0.113741,,
117.3074,S4,new,0.350265,-0.977110,-0.016418,-0.084371,-0.018850,-0.109393,-89.8643,58.1026
117.3174,S4,new,0.350106,-0.977927,-0.016628,-0.085588,-0.018080,-0.105045,,
117.3274,S4,new,0.349943,-0.978764,-0.016819,-0.086695,-0.017227,-0.100227,,
117.3374,S4,new,0.349769,-0.979664,-0.016946,-0.087435,-0.016098,-0.093834,,
117.3474,S4,new,0.349595,-0.980564,-0.017072,-0.088175,-0.014969,-0.087441,,
117.3574,S4,new,0.349421,-0.981464,-0.017199,-0.088915,-0.013841,-0.081049,-89.8944,58.1995
117.3674,S4,new,0.349247,-0.982364,-0.017326,-0.089655,-0.012712,-0.074656,,
117.3774,S4,new,0.349073,-0.983264,-0.017452,-0.090395,-0.011583,-0.068263,,
117.3874,S4,new,0.348899,-0.984165,-0.017579,-0.091135,-0.010455,-0.061870,,
117.3974,S4,new,0.348726,-0.985065,-0.017706,-0.091875,-0.009326,-0.055477,,
117.4074,S4,new,0.348552,-0.985965,-0.017832,-0.092615,-0.008197,-0.049084,-89.9305,58.3036
117.4174,S4,new,0.348371,-0.986908,-0.017916,-0.093173,-0.008041,-0.049610,,
117.4274,S4,new,0.348189,-0.987857,-0.017995,-0.093708,-0.008004,-0.050987,,
117.4374,S4,new,0.348007,-0.988805,-0.018074,-0.094244,-0.007968,-0.052365,,
117.4474,S4,new,0.347825,-0.989754,-0.018153,-0.094780,-0.007931,-0.053742,,
117.4574,S4,new,0.347644,-0.990702,-0.018231,-0.095315,-0.007895,-0.055120,-89.8776,58.3470
117.4674,S4,new,0.347462,-0.991651,-0.018310,-0.095851,-0.007858,-0.056497,,
117.4774,S4,new,0.347280,-0.992599,-0.018389,-0.096386,-0.007822,-0.057875,,
117.4874,S4,new,0.347098,-0.993548,-0.018468,-0.096922,-0.007785,-0.059252,,
117.4974,S4,new,0.346913,-0.994524,-0.018546,-0.097540,-0.007784,-0.061113,,
117.5074,S4,new,0.346725,-0.995523,-0.018625,-0.098227,-0.007812,-0.063368,-89.8183,58.3867
117.5174,S4,new,0.346536,-0.996522,-0.018703,-0.098913,-0.007840,-0.065623,,
117.5274,S4,new,0.346348,-0.997521,-0.018781,-0.099599,-0.007867,-0.067878,,
117.5374,S4,new,0.346160,-0.998520,-0.018860,-0.100285,-0.007895,-0.070133,,
117.5474,S4,new,0.345972,-0.999519,-0.018938,-0.100972,-0.007923,-0.072388,,
117.5574,S4,new,0.345783,-1.000518,-0.019017,-0.101658,-0.007950,-0.074643,-89.7498,58.4220
117.5674,S4,new,0.345595,-1.001516,-0.019095,-0.102344,-0.007978,-0.076898,,
117.5774,S4,new,0.345405,-1.002529,-0.019172,-0.103045,-0.007944,-0.078466,,
117.5874,S4,new,0.345211,-1.003590,-0.019241,-0.103800,-0.007680,-0.077472,,
117.5974,S4,new,0.345016,-1.004651,-0.019311,-0.104556,-0.007416,-0.076478,,
117.6074,S4,new,0.344821,-1.005712,-0.019381,-0.105311,-0.007151,-0.075484,-89.7084,58.4771
117.6174,S4,new,0.344627,-1.006773,-0.019451,-0.106066,-0.006887,-0.074490,,
117.6274,S4,new,0.344432,-1.007834,-0.019521,-0.106822,-0.006623,-0.073496,,
117.6374,S4,new,0.344238,-1.008895,-0.019591,-0.107577,-0.006359,-0.072503,,
117.6474,S4,new,0.344043,-1.009956,-0.019661,-0.108332,-0.006094,-0.071509,,
117.6574,S4,new,0.343848,-1.011017,-0.019731,-0.109088,-0.005830,-0.070515,-89.6815,58.5429
117.6674,S4,new,0.343649,-1.012129,-0.019779,-0.109745,-0.005527,-0.069145,,
117.6774,S4,new,0.343450,-1.013248,-0.019824,-0.110387,-0.005219,-0.067719,,
117.6874,S4,new,0.343250,-1.014368,-0.019869,-0.111030,-0.004910,-0.066294,,
117.6974,S4,new,0.343051,-1.015487,-0.019914,-0.111672,-0.004602,-0.064868,,
117.7074,S4,new,0.342852,-1.016607,-0.019959,-0.112315,-0.004293,-0.063443,-89.6599,58.6148
117.7174,S4,new,0.342652,-1.017726,-0.020004,-0.112958,-0.003985,-0.062017,,
117.7274,S4,new,0.342453,-1.018846,-0.020049,-0.113600,-0.003676,-0.060592,,
117.7374,S4,new,0.342253,-1.019965,-0.020094,-0.114243,-0.003367,-0.059166,,
117.7474,S4,new,0.342052,-1.021111,-0.020127,-0.114849,-0.003113,-0.058362,,
117.7574,S4,new,0.341850,-1.022281,-0.020151,-0.115423,-0.002907,-0.058102,-89.6329,58.6834
117.7674,S4,new,0.341648,-1.023450,-0.020174,-0.115996,-0.002701,-0.057843,,
117.7774,S4,new,0.341446,-1.024620,-0.020198,-0.116570,-0.002494,-0.057583,,
117.7874,S4,new,0.341243,-1.025789,-0.020222,-0.117144,-0.002288,-0.057324,,
117.7974,S4,new,0.341041,-1.026959,-0.020245,-0.117718,-0.002082,-0.057064,,
117.8074,S4,new,0.340839,-1.028129,-0.020269,-0.118292,-0.001875,-0.056805,-89.5950,58.7455
117.8174,S4,new,0.340636,-1.029298,-0.020293,-0.118866,-0.001669,-0.056545,,
117.8274,S4,new,0.340434,-1.030477,-0.020313,-0.119435,-0.001460,-0.056256,,
117.8374,S4,new,0.340231,-1.031693,-0.020319,-0.119986,-0.001240,-0.055846,,
117.8474,S4,new,0.340027,-1.032910,-0.020325,-0.120537,-0.001019,-0.055435,,
117.8574,S4,new,0.339823,-1.034126,-0.020332,-0.121088,-0.000798,-0.055024,-89.5583,58.8089
117.8674,S4,new,0.339620,-1.035343,-0.020338,-0.121639,-0.000578,-0.054614,,
117.8774,S4,new,0.339416,-1.036559,-0.020344,-0.122190,-0.000357,-0.054203,,
117.8874,S4,new,0.339213,-1.037776,-0.020350,-0.122741,-0.000137,-0.053792,,
117.8974,S4,new,0.339009,-1.038992,-0.020357,-0.123292,0.000084,-0.053381,,
117.9074,S4,new,0.338806,-1.040208,-0.020363,-0.123843,0.000304,-0.052971,-89.5216,58.8724
117.9174,S4,new,0.338603,-1.041462,-0.020352,-0.124349,0.000549,-0.052274,,
117.9274,S4,new,0.338400,-1.042723,-0.020338,-0.124847,0.000797,-0.051529,,
117.9374,S4,new,0.338196,-1.043983,-0.020325,-0.125346,0.001046,-0.050783,,
117.9474,S4,new,0.337993,-1.045244,-0.020311,-0.125844,0.001295,-0.050038,,
117.9574,S4,new,0.337790,-1.046504,-0.020297,-0.126343,0.001543,-0.049292,-89.4902,58.9398
117.9674,S4,new,0.337587,-1.047765,-0.020283,-0.126841,0.001792,-0.048547,,
117.9774,S4,new,0.337383,-1.049025,-0.020270,-0.127340,0.002040,-0.047801,,
117.9874,S4,new,0.337180,-1.050286,-0.020256,-0.127838,0.002289,-0.047056,,
117.9974,S4,new,0.336978,-1.051566,-0.020232,-0.128306,0.002531,-0.046353,,
118.0074,S4,new,0.336777,-1.052866,-0.020198,-0.128744,0.002767,-0.045691,-89.4580,59.0063
118.0174,S4,new,0.336576,-1.054165,-0.020164,-0.129183,0.003004,-0.045028,,
118.0274,S4,new,0.336374,-1.055465,-0.020130,-0.129621,0.003240,-0.044366,,
118.0374,S4,new,0.336173,-1.056764,-0.020096,-0.130060,0.003476,-0.043704,,
118.0474,S4,new,0.335972,-1.058063,-0.020062,-0.130499,0.003712,-0.043041,,
118.0574,S4,new,0.335771,-1.059363,-0.020027,-0.130937,0.003948,-0.042379,-89.4255,59.0722
118.0674,S4,new,0.335570,-1.060662,-0.019993,-0.131376,0.004184,-0.041717,,
118.0774,S4,new,0.335369,-1.061968,-0.019956,-0.131805,0.004419,-0.041052,,
118.0874,S4,new,0.335171,-1.063302,-0.019903,-0.132189,0.004648,-0.040374,,
118.0974,S4,new,0.334974,-1.064635,-0.019849,-0.132573,0.004878,-0.039696,,
118.1074,S4,new,0.334776,-1.065969,-0.019796,-0.132957,0.005107,-0.039019,-89.3939,59.1377
118.1174,S4,new,0.334579,-1.067303,-0.019743,-0.133341,0.005337,-0.038341,,
118.1274,S4,new,0.334381,-1.068637,-0.019689,-0.133725,0.005566,-0.037663,,
118.1374,S4,new,0.334184,-1.069971,-0.019636,-0.134109,0.005796,-0.036986,,
118.1474,S4,new,0.333986,-1.071304,-0.019582,-0.134494,0.006025,-0.036308,,
118.1574,S4,new,0.333789,-1.072638,-0.019529,-0.134878,0.006255,-0.035630,-89.3618,59.2023
118.1674,S4,new,0.333595,-1.073997,-0.019460,-0.135212,0.006479,-0.034907,,
118.1774,S4,new,0.333403,-1.075360,-0.019388,-0.135537,0.006703,-0.034176,,
118.1874,S4,new,0.333211,-1.076723,-0.019315,-0.135862,0.006926,-0.033444,,
118.1974,S4,new,0.333018,-1.078087,-0.019243,-0.136187,0.007150,-0.032712,,
118.2074,S4,new,0.332826,-1.079450,-0.019171,-0.136511,0.007373,-0.031980,-89.3327,59.2672
118.2174,S4,new,0.332634,-1.080814,-0.019098,-0.136836,0.007597,-0.031249,,
118.2274,S4,new,0.332441,-1.082177,-0.019026,-0.137161,0.007820,-0.030517,,
118.2374,S4,new,0.332249,-1.083540,-0.018954,-0.137486,0.008044,-0.029785,,
118.2474,S4,new,0.332060,-1.084916,-0.018872,-0.137780,0.008261,-0.029051,,
118.2574,S4,new,0.331875,-1.086304,-0.018782,-0.138044,0.008471,-0.028314,-89.3032,59.3307
118.2674,S4,new,0.331689,-1.087692,-0.018692,-0.138307,0.008682,-0.027578,,
118.2774,S4,new,0.331504,-1.089080,-0.018601,-0.138571,0.008892,-0.026841,,
118.2874,S4,new,0.331318,-1.090467,-0.018511,-0.138835,0.009102,-0.026105,,
118.2974,S4,new,0.331133,-1.091855,-0.018420,-0.139098,0.009313,-0.025368,,
118.3074,S4,new,0.330947,-1.093243,-0.018330,-0.139362,0.009523,-0.024631,-89.2752,59.3932
118.3174,S4,new,0.330762,-1.094631,-0.018239,-0.139625,0.009734,-0.023895,,
118.3274,S4,new,0.330577,-1.096022,-0.018146,-0.139879,0.009942,-0.023156,,
118.3374,S4,new,0.330400,-1.097429,-0.018039,-0.140081,0.010138,-0.022403,,
118.3474,S4,new,0.330223,-1.098837,-0.017932,-0.140282,0.010333,-0.021651,,
118.3574,S4,new,0.330046,-1.100244,-0.017824,-0.140483,0.010529,-0.020898,-89.2485,59.4547
118.3674,S4,new,0.329868,-1.101651,-0.017717,-0.140685,0.010724,-0.020146,,
118.3774,S4,new,0.329691,-1.103059,-0.017609,-0.140886,0.010920,-0.019393,,
118.3874,S4,new,0.329514,-1.104466,-0.017502,-0.141088,0.011116,-0.018641,,
118.3974,S4,new,0.329336,-1.105873,-0.017395,-0.141289,0.011311,-0.017888,,
118.4074,S4,new,0.329159,-1.107281,-0.017287,-0.141491,0.011507,-0.017136,-89.2217,59.5145
118.4174,S4,new,0.328990,-1.108700,-0.017167,-0.141641,0.011688,-0.016375,,
118.4274,S4,new,0.328822,-1.110121,-0.017044,-0.141779,0.011865,-0.015613,,
118.4374,S4,new,0.328654,-1.111543,-0.016921,-0.141917,0.012043,-0.014851,,
118.4474,S4,new,0.328487,-1.112964,-0.016798,-0.142055,0.012221,-0.014089,,
118.4574,S4,new,0.328319,-1.114385,-0.016675,-0.142194,0.012398,-0.013328,-89.1985,59.5732
118.4674,S4,new,0.328152,-1.115807,-0.016552,-0.142332,0.012576,-0.012566,,
118.4774,S4,new,0.327984,-1.117228,-0.016429,-0.142470,0.012754,-0.011804,,
118.4874,S4,new,0.327816,-1.118650,-0.016306,-0.142608,0.012931,-0.011042,,
118.4974,S4,new,0.327654,-1.120076,-0.016177,-0.142716,0.013099,-0.010279,,
118.5074,S4,new,0.327497,-1.121506,-0.016040,-0.142791,0.013256,-0.009514,-89.1750,59.6300
118.5174,S4,new,0.327340,-1.122936,-0.015903,-0.142865,0.013412,-0.008749,,
118.5274,S4,new,0.327183,-1.124367,-0.015766,-0.142940,0.013569,-0.007985,,
118.5374,S4,new,0.327027,-1.125797,-0.015629,-0.143014,0.013726,-0.007220,,
118.5474,S4,new,0.326870,-1.127227,-0.015492,-0.143089,0.013883,-0.006456,,
118.5574,S4,new,0.326713,-1.128658,-0.015355,-0.143164,0.014040,-0.005691,-89.1536,59.6851
118.5674,S4,new,0.326556,-1.130088,-0.015218,-0.143238,0.014197,-0.004927,,
118.5774,S4,new,0.326401,-1.131519,-0.015080,-0.143304,0.014350,-0.004162,,
118.5874,S4,new,0.326256,-1.132953,-0.014931,-0.143315,0.014484,-0.003399,,
118.5974,S4,new,0.326111,-1.134387,-0.014781,-0.143326,0.014617,-0.002636,,
118.6074,S4,new,0.325966,-1.135821,-0.014632,-0.143336,0.014751,-0.001872,-89.1340,59.7383
118.6174,S4,new,0.325822,-1.137255,-0.014483,-0.143347,0.014885,-0.001109,,
118.6274,S4,new,0.325677,-1.138689,-0.014334,-0.143358,0.015018,-0.000346,,
118.6374,S4,new,0.325532,-1.140123,-0.014185,-0.143369,0.015152,0.000417,,
118.6474,S4,new,0.325387,-1.141556,-0.014036,-0.143380,0.015286,0.001181,,
118.6574,S4,new,0.325242,-1.142990,-0.013887,-0.143390,0.015419,0.001944,-89.1144,59.7893
118.6674,S4,new,0.325107,-1.144423,-0.013730,-0.143351,0.015533,0.002702,,
118.6774,S4,new,0.324975,-1.145855,-0.013571,-0.143298,0.015641,0.003458,,
118.6874,S4,new,0.324843,-1.147287,-0.013412,-0.143245,0.015750,0.004215,,
118.6974,S4,new,0.324711,-1.148719,-0.013252,-0.143193,0.015858,0.004972,,
118.7074,S4,new,0.324579,-1.150152,-0.013093,-0.143140,0.015966,0.005728,-89.0989,59.8383
118.7174,S4,new,0.324447,-1.151584,-0.012934,-0.143088,0.016075,0.006485,,
118.7274,S4,new,0.324315,-1.153016,-0.012775,-0.143035,0.016183,0.007242,,
118.7374,S4,new,0.324183,-1.154448,-0.012616,-0.142982,0.016291,0.007998,,
118.7474,S4,new,0.324058,-1.155877,-0.012453,-0.142901,0.016387,0.008750,,
118.7574,S4,new,0.323939,-1.157302,-0.012286,-0.142786,0.016468,0.009495,-89.0832,59.8849
118.7674,S4,new,0.323821,-1.158727,-0.012119,-0.142671,0.016550,0.010240,,
118.7774,S4,new,0.323703,-1.160153,-0.011952,-0.142555,0.016631,0.010985,,
118.7874,S4,new,0.323584,-1.161578,-0.011785,-0.142440,0.016712,0.011730,,
118.7974,S4,new,0.323466,-1.163003,-0.011618,-0.142325,0.016793,0.012475,,
118.8074,S4,new,0.323347,-1.164428,-0.011451,-0.142210,0.016875,0.013220,-89.0699,59.9293
118.8174,S4,new,0.323229,-1.165853,-0.011283,-0.142094,0.016956,0.013965,,
118.8274,S4,new,0.323112,-1.167277,-0.011116,-0.141972,0.017034,0.014708,,
118.8374,S4,new,0.323008,-1.168690,-0.010943,-0.141795,0.017086,0.015437,,
118.8474,S4,new,0.322904,-1.170103,-0.010770,-0.141618,0.017139,0.016166,,
118.8574,S4,new,0.322800,-1.171516,-0.010598,-0.141442,0.017192,0.016895,-89.0586,59.9711
118.8674,S4,new,0.322696,-1.172929,-0.010425,-0.141265,0.017244,0.017623,,
118.8774,S4,new,0.322591,-1.174342,-0.010252,-0.141088,0.017297,0.018352,,
118.8874,S4,new,0.322487,-1.175755,-0.010080,-0.140911,0.017350,0.019081,,
118.8974,S4,new,0.322383,-1.177168,-0.009907,-0.140735,0.017403,0.019810,,
118.9074,S4,new,0.322279,-1.178581,-0.009734,-0.140558,0.017455,0.020538,-89.0474,60.0105
118.9174,S4,new,0.322186,-1.179980,-0.009559,-0.140335,0.017485,0.021251,,
118.9274,S4,new,0.322096,-1.181376,-0.009383,-0.140098,0.017509,0.021959,,
118.9374,S4,new,0.322007,-1.182772,-0.009207,-0.139861,0.017532,0.022666,,
118.9474,S4,new,0.321917,-1.184168,-0.009032,-0.139625,0.017556,0.023374,,
118.9574,S4,new,0.321827,-1.185563,-0.008856,-0.139388,0.017579,0.024082,-89.0405,60.0472
118.9674,S4,new,0.321738,-1.186959,-0.008680,-0.139151,0.017602,0.024790,,
118.9774,S4,new,0.321648,-1.188355,-0.008504,-0.138915,0.017626,0.025498,,
118.9874,S4,new,0.321559,-1.189750,-0.008328,-0.138678,0.017649,0.026205,,
118.9974,S4,new,0.321475,-1.191136,-0.008152,-0.138416,0.017660,0.026902,,
119.0074,S4,new,0.321400,-1.192510,-0.007976,-0.138121,0.017653,0.027584,-89.0333,60.0814
119.0174,S4,new,0.321325,-1.193884,-0.007799,-0.137826,0.017647,0.028267,,
119.0274,S4,new,0.321251,-1.195257,-0.007622,-0.137532,0.017641,0.028949,,
119.0374,S4,new,0.321176,-1.196631,-0.007446,-0.137237,0.017635,0.029632,,
119.0474,S4,new,0.321101,-1.198004,-0.007269,-0.136942,0.017628,0.030314,,
119.0574,S4,new,0.321026,-1.199378,-0.007093,-0.136648,0.017622,0.030997,-89.0287,60.1129
119.0674,S4,new,0.320951,-1.200751,-0.006916,-0.136353,0.017616,0.031679,,
119.0774,S4,new,0.320877,-1.202122,-0.006740,-0.136053,0.017606,0.032358,,
119.0874,S4,new,0.320817,-1.203469,-0.006565,-0.135702,0.017571,0.033011,,
119.0974,S4,new,0.320757,-1.204816,-0.006390,-0.135352,0.017535,0.033664,,
119.1074,S4,new,0.320697,-1.206162,-0.006215,-0.135002,0.017499,0.034317,-89.0259,60.1417
119.1174,S4,new,0.320636,-1.207509,-0.006040,-0.134651,0.017464,0.034970,,
119.1274,S4,new,0.320576,-1.208855,-0.005866,-0.134301,0.017428,0.035623,,
119.1374,S4,new,0.320516,-1.210202,-0.005691,-0.133951,0.017392,0.036276,,
119.1474,S4,new,0.320456,-1.211549,-0.005516,-0.133600,0.017356,0.036929,,
119.1574,S4,new,0.320395,-1.212895,-0.005341,-0.133250,0.017321,0.037582,-89.0232,60.1680
119.1674,S4,new,0.320346,-1.214218,-0.005170,-0.132859,0.017263,0.038209,,
119.1774,S4,new,0.320300,-1.215533,-0.004999,-0.132456,0.017199,0.038829,,
119.1874,S4,new,0.320254,-1.216849,-0.004828,-0.132052,0.017134,0.039448,,
119.1974,S4,new,0.320208,-1.218164,-0.004658,-0.131649,0.017070,0.040067,,
119.2074,S4,new,0.320163,-1.219479,-0.004487,-0.131245,0.017006,0.040687,-89.0246,60.1914
119.2174,S4,new,0.320117,-1.220794,-0.004316,-0.130842,0.016941,0.041306,,
119.2274,S4,new,0.320071,-1.222109,-0.004146,-0.130438,0.016877,0.041925,,
119.2374,S4,new,0.320025,-1.223425,-0.003975,-0.130035,0.016813,0.042545,,
119.2474,S4,new,0.319985,-1.224725,-0.003807,-0.129610,0.016737,0.043149,,
119.2574,S4,new,0.319953,-1.226004,-0.003643,-0.129157,0.016645,0.043732,-89.0256,60.2124
119.2674,S4,new,0.319921,-1.227284,-0.003479,-0.128703,0.016553,0.044315,,
119.2774,S4,new,0.319890,-1.228563,-0.003315,-0.128249,0.016461,0.044899,,
119.2874,S4,new,0.319858,-1.229842,-0.003151,-0.127796,0.016369,0.045482,,
119.2974,S4,new,0.319826,-1.231122,-0.002987,-0.127342,0.016277,0.046065,,
119.3074,S4,new,0.319794,-1.232401,-0.002823,-0.126889,0.016185,0.046648,-89.0289,60.2306
119.3174,S4,new,0.319762,-1.233681,-0.002658,-0.126435,0.016094,0.047232,,
119.3274,S4,new,0.319731,-1.234957,-0.002495,-0.125978,0.016000,0.047811,,
119.3374,S4,new,0.319713,-1.236196,-0.002340,-0.125477,0.015882,0.048352,,
119.3474,S4,new,0.319694,-1.237436,-0.002184,-0.124976,0.015765,0.048892,,
119.3574,S4,new,0.319676,-1.238676,-0.002029,-0.124476,0.015648,0.049433,-89.0337,60.2463
119.3674,S4,new,0.319657,-1.239915,-0.001874,-0.123975,0.015531,0.049973,,
119.3774,S4,new,0.319639,-1.241155,-0.001718,-0.123475,0.015414,0.050513,,
119.3874,S4,new,0.319620,-1.242395,-0.001563,-0.122974,0.015297,0.051054,,
119.3974,S4,new,0.319602,-1.243634,-0.001407,-0.122474,0.015180,0.051594,,
119.4074,S4,new,0.319583,-1.244874,-0.001252,-0.121973,0.015063,0.052135,-89.0385,60.2595
119.4174,S4,new,0.319574,-1.246081,-0.001105,-0.121441,0.014928,0.052646,,
119.4274,S4,new,0.319568,-1.247277,-0.000960,-0.120897,0.014788,0.053146,,
119.4374,S4,new,0.319562,-1.248473,-0.000815,-0.120353,0.014647,0.053647,,
119.4474,S4,new,0.319556,-1.249669,-0.000671,-0.119809,0.014506,0.054147,,
119.4574,S4,new,0.319550,-1.250865,-0.000526,-0.119265,0.014366,0.054648,-89.0466,60.2702
119.4674,S4,new,0.319544,-1.252061,-0.000382,-0.118722,0.014225,0.055149,,
119.4774,S4,new,0.319538,-1.253258,-0.000237,-0.118178,0.014085,0.055649,,
119.4874,S4,new,0.319532,-1.254454,-0.000092,-0.117634,0.013944,0.056150,,
119.4974,S4,new,0.319530,-1.255631,0.000047,-0.117074,0.013795,0.056635,,
119.5074,S4,new,0.319536,-1.256780,0.000179,-0.116490,0.013633,0.057096,-89.0544,60.2786
119.5174,S4,new,0.319541,-1.257929,0.000311,-0.115906,0.013472,0.057557,,
119.5274,S4,new,0.319547,-1.259078,0.000443,-0.115322,0.013310,0.058018,,
119.5374,S4,new,0.319553,-1.260227,0.000575,-0.114738,0.013149,0.058479,,
119.5474,S4,new,0.319558,-1.261376,0.000707,-0.114153,0.012987,0.058940,,
119.5574,S4,new,0.319564,-1.262525,0.000839,-0.113569,0.012826,0.059401,-89.0640,60.2848
119.5674,S4,new,0.319569,-1.263674,0.000971,-0.112985,0.012664,0.059862,,
119.5774,S4,new,0.319575,-1.264820,0.001102,-0.112399,0.012502,0.060317,,
119.5874,S4,new,0.319591,-1.265918,0.001220,-0.111780,0.012329,0.060685,,
119.5974,S4,new,0.319607,-1.267017,0.001338,-0.111162,0.012156,0.061053,,
119.6074,S4,new,0.319623,-1.268116,0.001456,-0.110543,0.011983,0.061422,-89.0739,60.2884
119.6174,S4,new,0.319639,-1.269215,0.001574,-0.109924,0.011810,0.061790,,
119.6274,S4,new,0.319655,-1.270314,0.001692,-0.109306,0.011638,0.062158,,
119.6374,S4,new,0.319671,-1.271412,0.001810,-0.108687,0.011465,0.062527,,
119.6474,S4,new,0.319687,-1.272511,0.001928,-0.108069,0.011292,0.062895,,
119.6574,S4,new,0.319703,-1.273610,0.002047,-0.107450,0.011119,0.063263,-89.0835,60.2898
119.6674,S4,new,0.319726,-1.274670,0.002153,-0.106808,0.010927,0.063675,,
119.6774,S4,new,0.319751,-1.275716,0.002256,-0.106158,0.010728,0.064103,,
119.6874,S4,new,0.319776,-1.276762,0.002359,-0.105507,0.010528,0.064532,,
119.6974,S4,new,0.319801,-1.277808,0.002461,-0.104857,0.010329,0.064960,,
119.7074,S4,new,0.319826,-1.278854,0.002564,-0.104206,0.010130,0.065388,-89.0972,60.2904
119.7174,S4,new,0.319852,-1.279900,0.002667,-0.103555,0.009930,0.065816,,
119.7274,S4,new,0.319877,-1.280946,0.002769,-0.102905,0.009731,0.066245,,
119.7374,S4,new,0.319902,-1.281992,0.002872,-0.102254,0.009532,0.066673,,
119.7474,S4,new,0.319930,-1.283016,0.002968,-0.101590,0.009334,0.067038,,
119.7574,S4,new,0.319963,-1.284007,0.003053,-0.100906,0.009139,0.067304,-89.1099,60.2890
119.7674,S4,new,0.319996,-1.284997,0.003139,-0.100221,0.008944,0.067569,,
119.7774,S4,new,0.320029,-1.285987,0.003224,-0.099536,0.008749,0.067835,,
119.7874,S4,new,0.320062,-1.286977,0.003310,-0.098851,0.008554,0.068100,,
119.7974,S4,new,0.320095,-1.287967,0.003395,-0.098166,0.008360,0.068365,,
119.8074,S4,new,0.320128,-1.288957,0.003481,-0.097481,0.008165,0.068631,-89.1220,60.2847
119.8174,S4,new,0.320161,-1.289948,0.003566,-0.096796,0.007970,0.068896,,
119.8274,S4,new,0.320195,-1.290935,0.003651,-0.096111,0.007776,0.069146,,
119.8374,S4,new,0.320234,-1.291868,0.003722,-0.095423,0.007611,0.069079,,
119.8474,S4,new,0.320274,-1.292800,0.003793,-0.094735,0.007445,0.069013,,
119.8574,S4,new,0.320313,-1.293733,0.003864,-0.094046,0.007279,0.068946,-89.1313,60.2768
119.8674,S4,new,0.320353,-1.294666,0.003935,-0.093358,0.007113,0.068879,,
119.8774,S4,new,0.320392,-1.295599,0.004007,-0.092670,0.006948,0.068812,,
119.8874,S4,new,0.320432,-1.296531,0.004078,-0.091982,0.006782,0.068746,,
119.8974,S4,new,0.320472,-1.297464,0.004149,-0.091293,0.006616,0.068679,,
119.9074,S4,new,0.320511,-1.298397,0.004220,-0.090605,0.006450,0.068612,-89.1382,60.2660
119.9174,S4,new,0.320554,-1.299288,0.004278,-0.089898,0.006195,0.069239,,
119.9274,S4,new,0.320599,-1.300163,0.004331,-0.089182,0.005903,0.070151,,
119.9374,S4,new,0.320644,-1.301038,0.004384,-0.088467,0.005612,0.071064,,
119.9474,S4,new,0.320689,-1.301913,0.004437,-0.087751,0.005320,0.071977,,
119.9574,S4,new,0.320734,-1.302788,0.004490,-0.087036,0.005028,0.072890,-89.1642,60.2661
119.9674,S4,new,0.320778,-1.303662,0.004543,-0.086321,0.004736,0.073803,,
119.9774,S4,new,0.320823,-1.304537,0.004595,-0.085605,0.004444,0.074715,,
119.9874,S4,new,0.320868,-1.305412,0.004648,-0.084890,0.004152,0.075628,,
119.9974,S4,new,0.320914,-1.306264,0.004692,-0.084144,0.003875,0.076410,,
120.0074,S4,new,0.320962,-1.307075,0.004719,-0.083344,0.003623,0.076968,-89.1891,60.2647
120.0174,S4,new,0.321010,-1.307887,0.004747,-0.082545,0.003372,0.077527,,
120.0274,S4,new,0.321058,-1.308698,0.004774,-0.081746,0.003120,0.078085,,
120.0374,S4,new,0.321106,-1.309510,0.004802,-0.080947,0.002868,0.078643,,
120.0474,S4,new,0.321155,-1.310321,0.004829,-0.080147,0.002616,0.079201,,
120.0574,S4,new,0.321203,-1.311133,0.004857,-0.079348,0.002365,0.079759,-89.2099,60.2597
120.0674,S4,new,0.321251,-1.311944,0.004884,-0.078549,0.002113,0.080317,,
120.0774,S4,new,0.321299,-1.312754,0.004912,-0.077753,0.001872,0.080789,,
120.0874,S4,new,0.321349,-1.313501,0.004936,-0.077055,0.001989,0.078322,,
120.0974,S4,new,0.321399,-1.314248,0.004961,-0.076358,0.002106,0.075856,,
120.1074,S4,new,0.321449,-1.314995,0.004985,-0.075660,0.002223,0.073389,-89.1971,60.2309
120.1174,S4,new,0.321499,-1.315743,0.005010,-0.074963,0.002341,0.070923,,
120.1274,S4,new,0.321549,-1.316490,0.005035,-0.074265,0.002458,0.068456,,
120.1374,S4,new,0.321599,-1.317237,0.005059,-0.073568,0.002575,0.065990,,
120.1474,S4,new,0.321649,-1.317984,0.005084,-0.072870,0.002692,0.063523,,
120.1574,S4,new,0.321700,-1.318732,0.005108,-0.072173,0.002809,0.061057,-89.1621,60.1863
120.1674,S4,new,0.321751,-1.319444,0.005135,-0.071576,0.002704,0.060444,,
120.1774,S4,new,0.321804,-1.320140,0.005162,-0.071025,0.002500,0.060667,,
120.1874,S4,new,0.321856,-1.320836,0.005189,-0.070474,0.002295,0.060890,,
120.1974,S4,new,0.321908,-1.321532,0.005217,-0.069923,0.002090,0.061114,,
120.2074,S4,new,0.321961,-1.322229,0.005244,-0.069372,0.001885,0.061337,-89.1749,60.1736
120.2174,S4,new,0.322013,-1.322925,0.005271,-0.068821,0.001680,0.061560,,
120.2274,S4,new,0.322065,-1.323621,0.005299,-0.068270,0.001476,0.061783,,
120.2374,S4,new,0.322118,-1.324317,0.005326,-0.067719,0.001271,0.062006,,
120.2474,S4,new,0.322170,-1.324994,0.005334,-0.067054,0.000843,0.064092,,
120.2574,S4,new,0.322223,-1.325634,0.005307,-0.066177,-0.000001,0.069638,-89.2169,60.1810
120.2674,S4,new,0.322276,-1.326274,0.005281,-0.065300,-0.000844,0.075184,,
120.2774,S4,new,0.322329,-1.326915,0.005254,-0.064424,-0.001687,0.080731,,
120.2874,S4,new,0.322381,-1.327555,0.005227,-0.063547,-0.002531,0.086277,,
120.2974,S4,new,0.322434,-1.328195,0.005200,-0.062670,-0.003374,0.091823,,
120.3074,S4,new,0.322487,-1.328835,0.005174,-0.061793,-0.004217,0.097370,-89.3305,60.2383
120.3174,S4,new,0.322540,-1.329476,0.005147,-0.060916,-0.005061,0.102916,,
120.3274,S4,new,0.322593,-1.330115,0.005119,-0.060036,-0.005900,0.108430,,
120.3374,S4,new,0.322641,-1.330667,0.005039,-0.058830,-0.006359,0.110911,,
120.3474,S4,new,0.322689,-1.331218,0.004959,-0.057624,-0.006818,0.113392,,
120.3574,S4,new,0.322737,-1.331770,0.004878,-0.056418,-0.007277,0.115872,-89.4090,60.2727
120.3674,S4,new,0.322785,-1.332322,0.004798,-0.055212,-0.007736,0.118353,,
120.3774,S4,new,0.322833,-1.332873,0.004717,-0.054006,-0.008196,0.120834,,
120.3874,S4,new,0.322881,-1.333425,0.004637,-0.052800,-0.008655,0.123315,,
120.3974,S4,new,0.322929,-1.333976,0.004556,-0.051594,-0.009114,0.125796,,
120.4074,S4,new,0.322978,-1.334528,0.004476,-0.050388,-0.009573,0.128276,-89.4644,60.2918
120.4174,S4,new,0.323021,-1.335018,0.004419,-0.049447,-0.008892,0.121454,,
120.4274,S4,new,0.323063,-1.335476,0.004374,-0.048637,-0.007652,0.110071,,
120.4374,S4,new,0.323105,-1.335935,0.004330,-0.047828,-0.006411,0.098688,,
120.4474,S4,new,0.323147,-1.336394,0.004285,-0.047018,-0.005171,0.087304,,
120.4574,S4,new,0.323189,-1.336853,0.004240,-0.046208,-0.003931,0.075921,-89.2809,60.1458
120.4674,S4,new,0.323231,-1.337312,0.004195,-0.045398,-0.002691,0.064538,,
120.4774,S4,new,0.323272,-1.337771,0.004150,-0.044588,-0.001451,0.053155,,
120.4874,S4,new,0.323314,-1.338230,0.004105,-0.043778,-0.000211,0.041772,,
120.4974,S4,new,0.323356,-1.338678,0.004087,-0.043214,0.000800,0.032324,,
120.5074,S4,new,0.323398,-1.339105,0.004121,-0.043145,0.001346,0.026777,-89.1093,60.0076
120.5174,S4,new,0.323440,-1.339531,0.004154,-0.043076,0.001893,0.021230,,
120.5274,S4,new,0.323482,-1.339957,0.004188,-0.043007,0.002440,0.015682,,
120.5374,S4,new,0.323524,-1.340383,0.004222,-0.042938,0.002987,0.010135,,
120.5474,S4,new,0.323565,-1.340810,0.004256,-0.042869,0.003533,0.004588,,
120.5574,S4,new,0.323607,-1.341236,0.004290,-0.042801,0.004080,-0.000959,-89.0168,59.9245
120.5674,S4,new,0.323649,-1.341662,0.004324,-0.042732,0.004627,-0.006506,,
120.5774,S4,new,0.323691,-1.342089,0.004358,-0.042663,0.005174,-0.012053,,
120.5874,S4,new,0.323737,-1.342522,0.004411,-0.042837,0.005154,-0.012800,,
120.5974,S4,new,0.323783,-1.342956,0.004465,-0.043014,0.005130,-0.013509,,
120.6074,S4,new,0.323828,-1.343389,0.004519,-0.043191,0.005106,-0.014218,-88.9779,59.8781
120.6174,S4,new,0.323874,-1.343823,0.004573,-0.043368,0.005082,-0.014927,,
120.6274,S4,new,0.323920,-1.344257,0.004627,-0.043544,0.005057,-0.015636,,
120.6374,S4,new,0.323966,-1.344690,0.004681,-0.043721,0.005033,-0.016345,,
120.6474,S4,new,0.324012,-1.345124,0.004734,-0.043898,0.005009,-0.017053,,
120.6574,S4,new,0.324058,-1.345557,0.004788,-0.044074,0.004985,-0.017762,-88.9748,59.8563
120.6674,S4,new,0.324105,-1.345992,0.004793,-0.043894,0.003881,-0.009492,,
120.6774,S4,new,0.324153,-1.346426,0.004772,-0.043525,0.002202,0.003556,,
120.6874,S4,new,0.324202,-1.346860,0.004751,-0.043155,0.000524,0.016603,,
120.6974,S4,new,0.324250,-1.347295,0.004730,-0.042786,-0.001155,0.029650,,
120.7074,S4,new,0.324298,-1.347729,0.004709,-0.042416,-0.002833,0.042697,-89.2061,59.9999
120.7174,S4,new,0.324346,-1.348164,0.004688,-0.042047,-0.004512,0.055745,,
120.7274,S4,new,0.324395,-1.348598,0.004667,-0.041677,-0.006190,0.068792,,
120.7374,S4,new,0.324443,-1.349032,0.004646,-0.041308,-0.007869,0.081839,,
120.7474,S4,new,0.324489,-1.349445,0.004593,-0.040690,-0.009225,0.092283,,
120.7574,S4,new,0.324531,-1.349810,0.004468,-0.039529,-0.009876,0.097020,-89.4139,60.1283
120.7674,S4,new,0.324572,-1.350175,0.004344,-0.038367,-0.010527,0.101757,,
120.7774,S4,new,0.324614,-1.350539,0.004220,-0.037206,-0.011178,0.106494,,
120.7874,S4,new,0.324655,-1.350904,0.004096,-0.036044,-0.011829,0.111231,,
120.7974,S4,new,0.324697,-1.351269,0.003971,-0.034883,-0.012480,0.115968,,
120.8074,S4,new,0.324738,-1.351634,0.003847,-0.033721,-0.013130,0.120705,-89.5081,60.1786
120.8174,S4,new,0.324780,-1.351999,0.003723,-0.032560,-0.013781,0.125442,,
120.8274,S4,new,0.324821,-1.352363,0.003598,-0.031398,-0.014432,0.130179,,
120.8374,S4,new,0.324851,-1.352626,0.003455,-0.030120,-0.014365,0.129147,,
120.8474,S4,new,0.324881,-1.352885,0.003310,-0.028839,-0.014279,0.127960,,
120.8574,S4,new,0.324911,-1.353145,0.003166,-0.027558,-0.014193,0.126774,-89.5363,60.1849
120.8674,S4,new,0.324941,-1.353404,0.003022,-0.026277,-0.014107,0.125587,,
120.8774,S4,new,0.324971,-1.353664,0.002877,-0.024995,-0.014021,0.124400,,
120.8874,S4,new,0.325001,-1.353923,0.002733,-0.023714,-0.013935,0.123213,,
120.8974,S4,new,0.325031,-1.354183,0.002588,-0.022433,-0.013849,0.122027,,
120.9074,S4,new,0.325061,-1.354442,0.002444,-0.021152,-0.013763,0.120840,-89.5198,60.1612
120.9174,S4,new,0.325083,-1.354639,0.002314,-0.020012,-0.013474,0.118060,,
120.9274,S4,new,0.325102,-1.354800,0.002193,-0.018954,-0.013067,0.114362,,
120.9374,S4,new,0.325120,-1.354960,0.002071,-0.017896,-0.012661,0.110664,,
120.9474,S4,new,0.325139,-1.355121,0.001950,-0.016837,-0.012254,0.106965,,
120.9574,S4,new,0.325158,-1.355281,0.001828,-0.015779,-0.011848,0.103267,-89.4591,60.1099
120.9674,S4,new,0.325176,-1.355442,0.001707,-0.014721,-0.011441,0.099569,,
120.9774,S4,new,0.325195,-1.355602,0.001585,-0.013662,-0.011035,0.095871,,
120.9874,S4,new,0.325213,-1.355763,0.001464,-0.012604,-0.010628,0.092173,,
120.9974,S4,new,0.325230,-1.355902,0.001353,-0.011644,-0.010205,0.088375,,
121.0074,S4,new,0.325240,-1.355988,0.001269,-0.010920,-0.009744,0.084338,-89.3930,60.0560
121.0174,S4,new,0.325250,-1.356074,0.001185,-0.010195,-0.009283,0.080302,,
121.0274,S4,new,0.325260,-1.356160,0.001101,-0.009471,-0.008822,0.076265,,
121.0374,S4,new,0.325270,-1.356246,0.001018,-0.008746,-0.008361,0.072228,,
121.0474,S4,new,0.325280,-1.356332,0.000934,-0.008021,-0.007900,0.068191,,
121.0574,S4,new,0.325290,-1.356418,0.000850,-0.007297,-0.007439,0.064155,-89.3213,60.0005
121.0674,S4,new,0.325300,-1.356504,0.000766,-0.006572,-0.006978,0.060118,,
121.0774,S4,new,0.325310,-1.356590,0.000682,-0.005848,-0.006517,0.056081,,
121.0874,S4,new,0.325314,-1.356631,0.000632,-0.005418,-0.006139,0.052812,,
121.0974,S4,new,0.325319,-1.356670,0.000583,-0.005001,-0.005765,0.049579,,
121.1074,S4,new,0.325324,-1.356709,0.000535,-0.004584,-0.005391,0.046346,-89.2578,59.9522
121.1174,S4,new,0.325328,-1.356747,0.000486,-0.004168,-0.005016,0.043112,,
121.1274,S4,new,0.325333,-1.356786,0.000438,-0.003751,-0.004642,0.039879,,
121.1374,S4,new,0.325337,-1.356825,0.000389,-0.003335,-0.004268,0.036646,,
121.1474,S4,new,0.325342,-1.356864,0.000341,-0.002918,-0.003894,0.033412,,
121.1574,S4,new,0.325346,-1.356903,0.000292,-0.002502,-0.003519,0.030179,-89.1998,59.9087
121.1674,S4,new,0.325349,-1.356927,0.000260,-0.002222,-0.003228,0.027668,,
121.1774,S4,new,0.325351,-1.356941,0.000237,-0.002026,-0.002988,0.025608,,
121.1874,S4,new,0.325352,-1.356955,0.000214,-0.001831,-0.002748,0.023547,,
121.1974,S4,new,0.325354,-1.356969,0.000191,-0.001636,-0.002508,0.021487,,
121.2074,S4,new,0.325356,-1.356983,0.000168,-0.001440,-0.002268,0.019426,-89.1610,59.8801
121.2174,S4,new,0.325357,-1.356997,0.000146,-0.001245,-0.002028,0.017366,,
121.2274,S4,new,0.325359,-1.357011,0.000123,-0.001050,-0.001788,0.015305,,
121.2374,S4,new,0.325361,-1.357025,0.000100,-0.000855,-0.001548,0.013245,,
121.2474,S4,new,0.325362,-1.357036,0.000081,-0.000694,-0.001341,0.011473,,
121.2574,S4,new,0.325362,-1.357040,0.000073,-0.000625,-0.001222,0.010456,-89.1287,59.8564
121.2674,S4,new,0.325363,-1.357044,0.000065,-0.000556,-0.001104,0.009439,,
121.2774,S4,new,0.325363,-1.357047,0.000057,-0.000487,-0.000985,0.008422,,
121.2874,S4,new,0.325364,-1.357051,0.000049,-0.000418,-0.000866,0.007405,,
121.2974,S4,new,0.325364,-1.357055,0.000041,-0.000349,-0.000747,0.006388,,
121.3074,S4,new,0.325364,-1.357059,0.000033,-0.000280,-0.000628,0.005371,-89.1103,59.8430
121.3174,S4,new,0.325365,-1.357062,0.000025,-0.000211,-0.000509,0.004354,,
121.3274,S4,new,0.325365,-1.357066,0.000017,-0.000142,-0.000391,0.003337,,
121.3374,S4,new,0.325365,-1.357067,0.000014,-0.000123,-0.000346,0.002954,,
121.3474,S4,new,0.325365,-1.357067,0.000013,-0.000108,-0.000306,0.002613,,
121.3574,S4,new,0.325365,-1.357068,0.000011,-0.000093,-0.000266,0.002272,-89.0991,59.8349
121.3674,S4,new,0.325366,-1.357068,0.000009,-0.000078,-0.000226,0.001931,,
121.3774,S4,new,0.325366,-1.357069,0.000007,-0.000062,-0.000186,0.001590,,
121.3874,S4,new,0.325366,-1.357069,0.000006,-0.000047,-0.000146,0.001249,,
121.3974,S4,new,0.325366,-1.357070,0.000004,-0.000032,-0.000106,0.000908,,
121.4074,S4,new,0.325366,-1.357070,0.000002,-0.000017,-0.000066,0.000567,-89.0929,59.8304
121.4174,S4,new,0.325366,-1.357071,0.000001,-0.000010,-0.000047,0.000399,,
121.4274,S4,new,0.325366,-1.357071,0.000001,-0.000009,-0.000041,0.000348,,
121.4374,S4,new,0.325366,-1.357071,0.000001,-0.000007,-0.000035,0.000297,,
121.4474,S4,new,0.325366,-1.357071,0.000001,-0.000006,-0.000029,0.000246,,
121.4574,S4,new,0.325366,-1.357071,0.000001,-0.000005,-0.000023,0.000195,-89.0916,59.8294
121.4674,S4,new,0.325366,-1.357071,0.000000,-0.000003,-0.000017,0.000144,,
121.4774,S4,new,0.325366,-1.357071,0.000000,-0.000002,-0.000011,0.000093,,
121.4874,S4,new,0.325366,-1.357071,0.000000,-0.000001,-0.000005,0.000042,,
121.4974,S4,new,0.325366,-1.357071,0.000000,-0.000000,-0.000000,0.000004,,
121.5074,S4,new,0.325366,-1.357071,0.000000,-0.000000,-0.000000,0.000003,-89.0909,59.8289
121.5174,S4,new,0.325366,-1.357071,0.000000,-0.000000,-0.000000,0.000002,,
121.5274,S4,new,0.325366,-1.357071,0.000000,-0.000000,-0.000000,0.000000,,
121.5317,S4,new,0.325366,-1.357071,0.000000,0.000000,0.000000,0.000000,-89.0909,59.8289
121.5417,S4,new,0.325366,-1.357071,0.000001,0.000001,0.000126,0.000138,,
121.5517,S4,new,0.325366,-1.357071,0.000002,0.000003,0.000253,0.000275,,
121.5617,S4,new,0.325366,-1.357071,0.000004,0.000004,0.000379,0.000413,,
121.5717,S4,new,0.325366,-1.357071,0.000005,0.000005,0.000506,0.000551,,
121.5817,S4,new,0.325366,-1.357071,0.000017,0.000018,0.001130,0.001232,-89.0879,59.8304
121.5917,S4,new,0.325367,-1.357070,0.000050,0.000055,0.002800,0.003052,,
121.6017,S4,new,0.325367,-1.357069,0.000084,0.000092,0.004470,0.004872,,
121.6117,S4,new,0.325368,-1.357069,0.000118,0.000129,0.006140,0.006691,,
121.6217,S4,new,0.325368,-1.357068,0.000152,0.000165,0.007810,0.008511,,
121.6317,S4,new,0.325372,-1.357064,0.000295,0.000322,0.012344,0.013454,-89.0591,59.8454
121.6417,S4,new,0.325377,-1.357059,0.000499,0.000544,0.018450,0.020110,,
121.6517,S4,new,0.325382,-1.357053,0.000702,0.000765,0.024557,0.026767,,
121.6617,S4,new,0.325388,-1.357047,0.000906,0.000987,0.030663,0.033423,,
121.6717,S4,new,0.325393,-1.357041,0.001109,0.001209,0.036770,0.040080,,
121.6817,S4,new,0.325416,-1.357016,0.001742,0.001899,0.049680,0.054157,-88.9656,59.8952
121.6917,S4,new,0.325440,-1.356990,0.002388,0.002603,0.062812,0.068477,,
121.7017,S4,new,0.325464,-1.356964,0.003035,0.003308,0.075944,0.082797,,
121.7117,S4,new,0.325488,-1.356938,0.003681,0.004013,0.089076,0.097116,,
121.7217,S4,new,0.325526,-1.356897,0.004558,0.004969,0.104312,0.113735,,
121.7317,S4,new,0.325597,-1.356819,0.005994,0.006535,0.124669,0.135950,-88.7864,59.9951
121.7417,S4,new,0.325668,-1.356741,0.007430,0.008101,0.145025,0.158166,,
121.7517,S4,new,0.325739,-1.356664,0.008866,0.009667,0.165382,0.180381,,
121.7617,S4,new,0.325811,-1.356586,0.010302,0.011233,0.185739,0.202596,,
121.7717,S4,new,0.325938,-1.356447,0.012384,0.013504,0.208031,0.226952,,
121.7817,S4,new,0.326100,-1.356270,0.014872,0.016219,0.231540,0.252654,-88.5539,60.1375
121.7917,S4,new,0.326263,-1.356093,0.017360,0.018934,0.255049,0.278356,,
121.8017,S4,new,0.326425,-1.355916,0.019848,0.021649,0.278558,0.304058,,
121.8117,S4,new,0.326588,-1.355739,0.022336,0.024364,0.302067,0.329760,,
121.8217,S4,new,0.326882,-1.355417,0.025759,0.028103,0.319551,0.348990,,
121.8317,S4,new,0.327185,-1.355086,0.029244,0.031912,0.336629,0.367783,-88.3804,60.2769
121.8417,S4,new,0.327489,-1.354755,0.032730,0.035720,0.353706,0.386575,,
121.8517,S4,new,0.327792,-1.354424,0.036216,0.039528,0.370784,0.405368,,
121.8617,S4,new,0.328141,-1.354044,0.039796,0.043442,0.382213,0.418048,,
121.8717,S4,new,0.328619,-1.353521,0.043642,0.047655,0.377529,0.413292,,
121.8817,S4,new,0.329098,-1.352998,0.047488,0.051868,0.372845,0.408535,-88.4648,60.3243
121.8917,S4,new,0.329577,-1.352475,0.051334,0.056081,0.368161,0.403779,,
121.9017,S4,new,0.330056,-1.351953,0.055180,0.060293,0.363477,0.399022,,
121.9117,S4,new,0.330628,-1.351326,0.058377,0.063812,0.334393,0.367819,,
121.9217,S4,new,0.331269,-1.350626,0.061110,0.066834,0.287812,0.317649,,
121.9317,S4,new,0.331909,-1.349926,0.063843,0.069855,0.241230,0.267480,-89.0773,60.1522
121.9417,S4,new,0.332549,-1.349226,0.066575,0.072877,0.194649,0.217311,,
121.9517,S4,new,0.333189,-1.348525,0.069308,0.075898,0.148068,0.167142,,
121.9617,S4,new,0.333884,-1.347763,0.069379,0.076047,0.098992,0.114260,,
121.9717,S4,new,0.334584,-1.346995,0.069170,0.075895,0.049656,0.061094,,
121.9817,S4,new,0.335285,-1.346226,0.068962,0.075743,0.000320,0.007928,-90.0370,59.8431
121.9917,S4,new,0.335985,-1.345457,0.068753,0.075591,-0.049017,-0.045238,,
122.0017,S4,new,0.336678,-1.344696,0.068433,0.075321,-0.084602,-0.083502,,
122.0117,S4,new,0.337346,-1.343959,0.067734,0.074651,-0.073615,-0.071295,,
122.0217,S4,new,0.338013,-1.343222,0.067034,0.073982,-0.062627,-0.059087,,
122.0317,S4,new,0.338681,-1.342485,0.066335,0.073312,-0.051640,-0.046880,-90.4982,59.7814
122.0417,S4,new,0.339348,-1.341748,0.065635,0.072642,-0.040652,-0.034673,,
122.0517,S4,new,0.340009,-1.341016,0.065529,0.072622,-0.015830,-0.007511,,
122.0617,S4,new,0.340665,-1.340288,0.065907,0.073133,0.020276,0.031849,,
122.0717,S4,new,0.341320,-1.339560,0.066284,0.073643,0.056383,0.071208,,
122.0817,S4,new,0.341976,-1.338832,0.066662,0.074153,0.092489,0.110568,-90.4224,59.9679
122.0917,S4,new,0.342631,-1.338103,0.067040,0.074663,0.128596,0.149928,,
122.1017,S4,new,0.343344,-1.337309,0.069198,0.077111,0.159259,0.183385,,
122.1117,S4,new,0.344065,-1.336505,0.071613,0.079839,0.189134,0.215987,,
122.1217,S4,new,0.344786,-1.335700,0.074029,0.082567,0.219009,0.248589,,
122.1317,S4,new,0.345507,-1.334896,0.076444,0.085295,0.248884,0.281191,-90.3303,60.1648
122.1417,S4,new,0.346252,-1.334065,0.078842,0.088007,0.269164,0.303412,,
122.1517,S4,new,0.347094,-1.333125,0.081166,0.090649,0.250169,0.283142,,
122.1617,S4,new,0.347935,-1.332184,0.083490,0.093292,0.231175,0.262873,,
122.1717,S4,new,0.348777,-1.331244,0.085814,0.095934,0.212180,0.242603,,
122.1817,S4,new,0.349619,-1.330304,0.088138,0.098577,0.193186,0.222333,-90.8637,60.0949
122.1917,S4,new,0.350504,-1.329313,0.089879,0.100595,0.169077,0.196504,,
122.2017,S4,new,0.351430,-1.328275,0.091079,0.102033,0.140230,0.165525,,
122.2117,S4,new,0.352356,-1.327237,0.092279,0.103472,0.111383,0.134545,,
122.2217,S4,new,0.353282,-1.326199,0.093480,0.104911,0.082536,0.103566,,
122.2317,S4,new,0.354208,-1.325161,0.094680,0.106350,0.053689,0.072586,-91.6713,59.9244
122.2417,S4,new,0.355163,-1.324086,0.095324,0.107194,0.051184,0.070030,,
122.2517,S4,new,0.356124,-1.323004,0.095863,0.107926,0.053624,0.072809,,
122.2617,S4,new,0.357085,-1.321921,0.096402,0.108659,0.056064,0.075589,,
122.2717,S4,new,0.358046,-1.320839,0.096941,0.109391,0.058504,0.078369,,
122.2817,S4,new,0.359011,-1.319750,0.097508,0.110154,0.061302,0.081520,-92.0969,59.9351
122.2917,S4,new,0.360001,-1.318630,0.098214,0.111071,0.065912,0.086559,,
122.3017,S4,new,0.360990,-1.317509,0.098919,0.111987,0.070522,0.091598,,
122.3117,S4,new,0.361980,-1.316389,0.099625,0.112904,0.075132,0.096636,,
122.3217,S4,new,0.362970,-1.315268,0.100330,0.113821,0.079742,0.101675,,
122.3317,S4,new,0.363977,-1.314125,0.101048,0.114751,0.079476,0.101381,-92.5055,59.9567
122.3417,S4,new,0.365002,-1.312959,0.101779,0.115695,0.074084,0.095481,,
122.3517,S4,new,0.366027,-1.311793,0.102510,0.116639,0.068692,0.089581,,
122.3617,S4,new,0.367052,-1.310626,0.103241,0.117583,0.063300,0.083681,,
122.3717,S4,new,0.368077,-1.309460,0.103972,0.118527,0.057908,0.077781,,
122.3817,S4,new,0.369124,-1.308265,0.104428,0.119169,0.050708,0.069836,-93.0581,59.9215
122.3917,S4,new,0.370176,-1.307063,0.104821,0.119741,0.043086,0.061412,,
122.4017,S4,new,0.371227,-1.305861,0.105213,0.120313,0.035463,0.052988,,
122.4117,S4,new,0.372279,-1.304659,0.105605,0.120885,0.027841,0.044564,,
122.4217,S4,new,0.373332,-1.303455,0.105960,0.121415,0.020716,0.036677,,
122.4317,S4,new,0.374395,-1.302234,0.106067,0.121670,0.016832,0.032291,-93.6354,59.8807
122.4417,S4,new,0.375457,-1.301014,0.106175,0.121925,0.012948,0.027904,,
122.4517,S4,new,0.376520,-1.299793,0.106283,0.122181,0.009065,0.023518,,
122.4617,S4,new,0.377583,-1.298573,0.106391,0.122436,0.005181,0.019132,,
122.4717,S4,new,0.378646,-1.297348,0.106430,0.122612,0.001628,0.015063,,
122.4817,S4,new,0.379710,-1.296120,0.106387,0.122694,-0.001531,0.011373,-94.1730,59.8588
122.4917,S4,new,0.380774,-1.294892,0.106343,0.122775,-0.004690,0.007683,,
122.5017,S4,new,0.381838,-1.293663,0.106300,0.122857,-0.007849,0.003993,,
122.5117,S4,new,0.382902,-1.292435,0.106257,0.122938,-0.011008,0.000303,,
122.5217,S4,new,0.383961,-1.291208,0.106040,0.122813,-0.017033,-0.006861,,
122.5317,S4,new,0.385019,-1.289981,0.105773,0.122630,-0.023872,-0.015012,-94.7174,59.8307
122.5417,S4,new,0.386076,-1.288754,0.105506,0.122447,-0.030712,-0.023164,,
122.5517,S4,new,0.387134,-1.287527,0.105239,0.122264,-0.037551,-0.031315,,
122.5617,S4,new,0.388189,-1.286302,0.104939,0.122040,-0.044403,-0.039491,,
122.5717,S4,new,0.389226,-1.285094,0.104336,0.121455,-0.051370,-0.047887,,
122.5817,S4,new,0.390264,-1.283885,0.103734,0.120870,-0.058336,-0.056282,-95.2848,59.7862
122.5917,S4,new,0.391301,-1.282676,0.103132,0.120285,-0.065302,-0.064678,,
122.6017,S4,new,0.392338,-1.281467,0.102530,0.119700,-0.072269,-0.073073,,
122.6117,S4,new,0.393361,-1.280272,0.101872,0.119047,-0.075194,-0.076614,,
122.6217,S4,new,0.394365,-1.279097,0.101138,0.118302,-0.072635,-0.073567,,
122.6317,S4,new,0.395369,-1.277922,0.100404,0.117557,-0.070076,-0.070520,-95.7825,59.7736
122.6417,S4,new,0.396373,-1.276746,0.099671,0.116812,-0.067517,-0.067473,,
122.6517,S4,new,0.397377,-1.275571,0.098937,0.116068,-0.064959,-0.064427,,
122.6617,S4,new,0.398358,-1.274418,0.098326,0.115468,-0.062191,-0.061193,,
122.6717,S4,new,0.399332,-1.273272,0.097756,0.114917,-0.059352,-0.057897,,
122.6817,S4,new,0.400306,-1.272127,0.097186,0.114366,-0.056514,-0.054601,-96.2003,59.7950
122.6917,S4,new,0.401279,-1.270982,0.096616,0.113815,-0.053675,-0.051305,,
122.7017,S4,new,0.402251,-1.269838,0.096031,0.113245,-0.052313,-0.049806,,
122.7117,S4,new,0.403197,-1.268720,0.095237,0.112413,-0.070588,-0.072220,,
122.7217,S4,new,0.404143,-1.267602,0.094443,0.111581,-0.088863,-0.094633,,
122.7317,S4,new,0.405089,-1.266484,0.093648,0.110749,-0.107138,-0.117047,-96.7599,59.7274
122.7417,S4,new,0.406036,-1.265365,0.092854,0.109917,-0.125413,-0.139461,,
122.7517,S4,new,0.406957,-1.264275,0.091629,0.108558,-0.144782,-0.163224,,
122.7617,S4,new,0.407840,-1.263227,0.089738,0.106382,-0.165842,-0.189074,,
122.7717,S4,new,0.408724,-1.262179,0.087847,0.104207,-0.186901,-0.214923,,
122.7817,S4,new,0.409607,-1.261131,0.085956,0.102031,-0.207961,-0.240773,-97.4201,59.5938
122.7917,S4,new,0.410490,-1.260083,0.084065,0.099855,-0.229021,-0.266623,,
122.8017,S4,new,0.411296,-1.259125,0.081662,0.097048,-0.233918,-0.272869,,
122.8117,S4,new,0.412072,-1.258203,0.079055,0.093989,-0.232387,-0.271321,,
122.8217,S4,new,0.412847,-1.257281,0.076448,0.090930,-0.230857,-0.269773,,
122.8317,S4,new,0.413622,-1.256359,0.073841,0.087871,-0.229326,-0.268224,-97.8376,59.5685
122.8417,S4,new,0.414393,-1.255442,0.071290,0.084879,-0.226171,-0.264703,,
122.8517,S4,new,0.415072,-1.254632,0.070140,0.083575,-0.182175,-0.211599,,
122.8617,S4,new,0.415750,-1.253823,0.068990,0.082270,-0.138179,-0.158495,,
122.8717,S4,new,0.416429,-1.253014,0.067840,0.080966,-0.094183,-0.105391,,
122.8817,S4,new,0.417107,-1.252205,0.066689,0.079661,-0.050186,-0.052287,-97.7028,59.8065
122.8917,S4,new,0.417780,-1.251401,0.066076,0.079003,-0.014778,-0.009614,,
122.9017,S4,new,0.418444,-1.250606,0.066413,0.079489,0.005436,0.014604,,
122.9117,S4,new,0.419108,-1.249810,0.066750,0.079975,0.025650,0.038821,,
122.9217,S4,new,0.419772,-1.249015,0.067086,0.080460,0.045864,0.063038,,
122.9317,S4,new,0.420435,-1.248220,0.067423,0.080946,0.066078,0.087256,-97.7067,59.9566
122.9417,S4,new,0.421120,-1.247397,0.068084,0.081815,0.070574,0.092394,,
122.9517,S4,new,0.421814,-1.246562,0.068894,0.082860,0.067806,0.088712,,
122.9617,S4,new,0.422508,-1.245727,0.069704,0.083906,0.065037,0.085030,,
122.9717,S4,new,0.423202,-1.244891,0.070515,0.084951,0.062268,0.081348,,
122.9817,S4,new,0.423896,-1.244056,0.071311,0.085980,0.059052,0.077123,-98.0311,59.9441
122.9917,S4,new,0.424593,-1.243215,0.070053,0.084499,-0.010859,-0.008078,,
123.0017,S4,new,0.425289,-1.242374,0.068795,0.083018,-0.080770,-0.093279,,
123.0117,S4,new,0.425986,-1.241534,0.067537,0.081537,-0.150681,-0.178480,,
123.0217,S4,new,0.426682,-1.240693,0.066279,0.080057,-0.220592,-0.263681,,
123.0317,S4,new,0.427340,-1.239898,0.064328,0.077729,-0.275097,-0.330159,-99.1859,59.5144
123.0417,S4,new,0.427920,-1.239197,0.060965,0.073680,-0.298247,-0.358529,,
123.0517,S4,new,0.428500,-1.238496,0.057603,0.069630,-0.321397,-0.386898,,
123.0617,S4,new,0.429080,-1.237795,0.054240,0.065581,-0.344546,-0.415268,,
123.0717,S4,new,0.429660,-1.237094,0.050878,0.061531,-0.367696,-0.443637,,
123.0817,S4,new,0.430129,-1.236527,0.047293,0.057205,-0.371984,-0.449068,-99.6843,59.3944
123.0917,S4,new,0.430538,-1.236032,0.043590,0.052731,-0.366215,-0.442270,,
123.1017,S4,new,0.430947,-1.235536,0.039887,0.048257,-0.360446,-0.435472,,
123.1117,S4,new,0.431357,-1.235041,0.036184,0.043783,-0.354677,-0.428673,,
123.1217,S4,new,0.431766,-1.234546,0.032481,0.039310,-0.348909,-0.421875,,
123.1317,S4,new,0.432019,-1.234240,0.029403,0.035586,-0.329886,-0.398933,-99.7472,59.4502
123.1417,S4,new,0.432268,-1.233939,0.026340,0.031881,-0.310525,-0.375578,,
123.1517,S4,new,0.432516,-1.233638,0.023278,0.028176,-0.291164,-0.352223,,
123.1617,S4,new,0.432765,-1.233337,0.020215,0.024471,-0.271802,-0.328868,,
123.1717,S4,new,0.432978,-1.233079,0.017449,0.021124,-0.251758,-0.304669,,
123.1817,S4,new,0.433106,-1.232924,0.015380,0.018621,-0.230102,-0.278480,-99.5892,59.5767
123.1917,S4,new,0.433234,-1.232769,0.013312,0.016118,-0.208446,-0.252292,,
123.2017,S4,new,0.433363,-1.232613,0.011244,0.013614,-0.186790,-0.226103,,
123.2117,S4,new,0.433491,-1.232458,0.009176,0.011111,-0.165134,-0.199914,,
123.2217,S4,new,0.433573,-1.232358,0.007683,0.009304,-0.146197,-0.177002,,
123.2317,S4,new,0.433627,-1.232293,0.006542,0.007922,-0.128922,-0.156092,-99.3760,59.7037
123.2417,S4,new,0.433681,-1.232227,0.005402,0.006541,-0.111647,-0.135182,,
123.2517,S4,new,0.433736,-1.232162,0.004261,0.005160,-0.094372,-0.114272,,
123.2617,S4,new,0.433790,-1.232096,0.003120,0.003779,-0.077097,-0.093363,,
123.2717,S4,new,0.433809,-1.232073,0.002595,0.003142,-0.066199,-0.080167,,
123.2817,S4,new,0.433826,-1.232052,0.002106,0.002550,-0.055683,-0.067434,-99.2056,59.7954
123.2917,S4,new,0.433843,-1.232031,0.001617,0.001958,-0.045168,-0.054700,,
123.3017,S4,new,0.433861,-1.232010,0.001128,0.001366,-0.034652,-0.041967,,
123.3117,S4,new,0.433874,-1.231994,0.000731,0.000886,-0.025716,-0.031146,,
123.3217,S4,new,0.433878,-1.231990,0.000588,0.000712,-0.021133,-0.025596,,
123.3317,S4,new,0.433881,-1.231985,0.000445,0.000539,-0.016551,-0.020046,-99.1099,59.8443
123.3417,S4,new,0.433885,-1.231981,0.000301,0.000365,-0.011968,-0.014496,,
123.3517,S4,new,0.433888,-1.231977,0.000158,0.000192,-0.007386,-0.008946,,
123.3617,S4,new,0.433890,-1.231975,0.000087,0.000105,-0.004845,-0.005869,,
123.3717,S4,new,0.433890,-1.231975,0.000066,0.000080,-0.003729,-0.004516,,
123.3817,S4,new,0.433890,-1.231974,0.000046,0.000055,-0.002612,-0.003164,-99.0749,59.8617
123.3917,S4,new,0.433891,-1.231974,0.000025,0.000030,-0.001496,-0.001812,,
123.4017,S4,new,0.433891,-1.231973,0.000004,0.000005,-0.000379,-0.000460,,
123.4117,S4,new,0.433891,-1.231973,0.000002,0.000002,-0.000217,-0.000263,,
123.4217,S4,new,0.433891,-1.231973,0.000001,0.000001,-0.000147,-0.000178,,
123.4317,S4,new,0.433891,-1.231973,0.000001,0.000001,-0.000077,-0.000093,-99.0685,59.8649
123.4417,S4,new,0.433891,-1.231973,0.000000,0.000000,-0.000007,-0.000009,,
123.4427,S4,new,0.433891,-1.231973,0.000000,0.000000,0.000000,-0.000000,-99.0683,59.8650
124.4427,S5,,0.433891,-1.231973,0.000000,0.000000,0.000000,0.000000,-54.4482,28.6942
125.4427,S5,,0.433891,-1.231973,0.000000,0.000000,0.000000,0.000000,-54.4482,28.6942
126.4427,S5,,0.433891,-1.231973,0.000000,0.000000,0.000000,0.000000,-54.4482,28.6942
127.4427,S5,,0.433891,-1.231973,0.000000,0.000000,0.000000,0.000000,-54.4482,28.6942
128.4427,S5,,0.433891,-1.231973,0.000000,0.000000,0.000000,0.000000,-54.4482,28.6942
129.4427,S5,,0.433891,-1.231973,0.000000,0.000000,0.000000,0.000000,-54.4482,28.6942
130.4427,S5,,0.433891,-1.231973,0.000000,0.000000,0.000000,0.000000,-54.4482,28.6942
131.4427,S5,,0.433891,-1.231973,0.000000,0.000000,0.000000,0.000000,-54.4482,28.6942
132.4427,S5,,0.433891,-1.231973,0.000000,0.000000,0.000000,0.000000,-54.4482,28.6942
133.4427,S5,,0.433891,-1.231973,0.000000,0.000000,0.000000,0.000000,-54.4482,28.6942
134.4427,S5,,0.433891,-1.231973,0.000000,0.000000,0.000000,0.000000,-54.4482,28.6942
135.4427,S5,,0.433891,-1.231973,0.000000,0.000000,0.000000,0.000000,-54.4482,28.6942
136.4427,S5,,0.433891,-1.231973,0.000000,0.000000,0.000000,0.000000,-54.4482,28.6942
137.4427,S5,,0.433891,-1.231973,0.000000,0.000000,0.000000,0.000000,-54.4482,28.6942
138.4427,S5,,0.433891,-1.231973,0.000000,0.000000,0.000000,0.000000,-54.4482,28.6942
139.4427,S5,,0.433891,-1.231973,0.000000,0.000000,0.000000,0.000000,-54.4482,28.6942
140.4427,S5,,0.433891,-1.231973,0.000000,0.000000,0.000000,0.000000,-54.4482,28.6942
141.4427,S5,,0.433891,-1.231973,0.000000,0.000000,0.000000,0.000000,-54.4482,28.6942
142.4427,S5,,0.433891,-1.231973,0.000000,0.000000,0.000000,0.000000,-54.4482,28.6942
143.4427,S5,,0.433891,-1.231973,0.000000,0.000000,0.000000,0.000000,-54.4482,28.6942
144.4427,S5,,0.433891,-1.231973,0.000000,0.000000,0.000000,0.000000,-54.4482,28.6942
145.4427,S5,,0.433891,-1.231973,0.000000,0.000000,0.000000,0.000000,-54.4482,28.6942
146.4427,S5,,0.433891,-1.231973,0.000000,0.000000,0.000000,0.000000,-54.4482,28.6942
147.4427,S5,,0.433891,-1.231973,0.000000,0.000000,0.000000,0.000000,-54.4482,28.6942
148.4427,S5,,0.433891,-1.231973,0.000000,0.000000,0.000000,0.000000,-54.4482,28.6942
149.4427,S5,,0.433891,-1.231973,0.000000,0.000000,0.000000,0.000000,-54.4482,28.6942
150.4427,S5,,0.433891,-1.231973,0.000000,0.000000,0.000000,0.000000,-54.4482,28.6942
151.4427,S5,,0.433891,-1.231973,0.000000,0.000000,0.000000,0.000000,-54.4482,28.6942
152.4427,S5,,0.433891,-1.231973,0.000000,0.000000,0.000000,0.000000,-54.4482,28.6942
153.4427,S5,,0.433891,-1.231973,0.000000,0.000000,0.000000,0.000000,-54.4482,28.6942
154.4427,S5,,0.433891,-1.231973,0.000000,0.000000,0.000000,0.000000,-54.4482,28.6942
155.4427,S5,,0.433891,-1.231973,0.000000,0.000000,0.000000,0.000000,-54.4482,28.6942
156.4427,S5,,0.433891,-1.231973,0.000000,0.000000,0.000000,0.000000,-54.4482,28.6942
157.4427,S5,,0.433891,-1.231973,0.000000,0.000000,0.000000,0.000000,-54.4482,28.6942
158.4427,S5,,0.433891,-1.231973,0.000000,0.000000,0.000000,0.000000,-54.4482,28.6942
159.4427,S5,,0.433891,-1.231973,0.000000,0.000000,0.000000,0.000000,-54.4482,28.6942
160.4427,S5,,0.433891,-1.231973,0.000000,0.000000,0.000000,0.000000,-54.4482,28.6942
161.4427,S5,,0.433891,-1.231973,0.000000,0.000000,0.000000,0.000000,-54.4482,28.6942
162.4427,S5,,0.433891,-1.231973,0.000000,0.000000,0.000000,0.000000,-54.4482,28.6942
163.4427,S5,,0.433891,-1.231973,0.000000,0.000000,0.000000,0.000000,-54.4482,28.6942
164.4427,S5,,0.433891,-1.231973,0.000000,0.000000,0.000000,0.000000,-54.4482,28.6942
165.4427,S5,,0.433891,-1.231973,0.000000,0.000000,0.000000,0.000000,-54.4482,28.6942
166.4427,S5,,0.433891,-1.231973,0.000000,0.000000,0.000000,0.000000,-54.4482,28.6942
167.4427,S5,,0.433891,-1.231973,0.000000,0.000000,0.000000,0.000000,-54.4482,28.6942
168.4427,S5,,0.433891,-1.231973,0.000000,0.000000,0.000000,0.000000,-54.4482,28.6942
169.4427,S5,,0.433891,-1.231973,0.000000,0.000000,0.000000,0.000000,-54.4482,28.6942
170.4427,S5,,0.433891,-1.231973,0.000000,0.000000,0.000000,0.000000,-54.4482,28.6942
171.4427,S5,,0.433891,-1.231973,0.000000,0.000000,0.000000,0.000000,-54.4482,28.6942
172.4427,S5,,0.433891,-1.231973,0.000000,0.000000,0.000000,0.000000,-54.4482,28.6942
173.4427,S5,,0.433891,-1.231973,0.000000,0.000000,0.000000,0.000000,-54.4482,28.6942
174.4427,S5,,0.433891,-1.231973,0.000000,0.000000,0.000000,0.000000,-54.4482,28.6942
175.4427,S5,,0.433891,-1.231973,0.000000,0.000000,0.000000,0.000000,-54.4482,28.6942
176.4427,S5,,0.433891,-1.231973,0.000000,0.000000,0.000000,0.000000,-54.4482,28.6942
177.4427,S5,,0.433891,-1.231973,0.000000,0.000000,0.000000,0.000000,-54.4482,28.6942
178.4427,S5,,0.433891,-1.231973,0.000000,0.000000,0.000000,0.000000,-54.4482,28.6942
179.4427,S5,,0.433891,-1.231973,0.000000,0.000000,0.000000,0.000000,-54.4482,28.6942
180.4427,S5,,0.433891,-1.231973,0.000000,0.000000,0.000000,0.000000,-54.4482,28.6942
181.4427,S5,,0.433891,-1.231973,0.000000,0.000000,0.000000,0.000000,-54.4482,28.6942
182.4427,S5,,0.433891,-1.231973,0.000000,0.000000,0.000000,0.000000,-54.4482,28.6942
183.4427,S5,,0.433891,-1.231973,0.000000,0.000000,0.000000,0.000000,-54.4482,28.6942
183.4527,S6,,0.433891,-1.231973,-0.000000,0.000000,-0.000001,0.000013,,
183.4627,S6,,0.433891,-1.231973,-0.000000,0.000000,-0.000003,0.000026,,
183.4727,S6,,0.433891,-1.231973,-0.000000,0.000001,-0.000004,0.000039,,
183.4827,S6,,0.433891,-1.231973,-0.000000,0.000001,-0.000006,0.000052,,
183.4927,S6,,0.433891,-1.231973,-0.000000,0.000001,-0.000007,0.000065,-54.4483,28.6943
183.5027,S6,,0.433891,-1.231973,-0.000000,0.000001,-0.000008,0.000077,,
183.5127,S6,,0.433891,-1.231973,-0.000000,0.000001,-0.000010,0.000090,,
183.5227,S6,,0.433891,-1.231973,-0.000000,0.000002,-0.000011,0.000103,,
183.5327,S6,,0.433891,-1.231973,-0.000001,0.000007,-0.000028,0.000264,,
183.5427,S6,,0.433891,-1.231973,-0.000001,0.000013,-0.000048,0.000443,-54.4490,28.6947
183.5527,S6,,0.433891,-1.231973,-0.000002,0.000020,-0.000067,0.000623,,
183.5627,S6,,0.433891,-1.231973,-0.000003,0.000026,-0.000086,0.000802,,
183.5727,S6,,0.433891,-1.231972,-0.000003,0.000032,-0.000105,0.000982,,
183.5827,S6,,0.433891,-1.231972,-0.000004,0.000038,-0.000125,0.001162,,
183.5927,S6,,0.433891,-1.231972,-0.000005,0.000044,-0.000144,0.001341,-54.4506,28.6958
183.6027,S6,,0.433891,-1.231972,-0.000005,0.000051,-0.000163,0.001521,,
183.6127,S6,,0.433891,-1.231971,-0.000009,0.000082,-0.000226,0.002104,,
183.6227,S6,,0.433891,-1.231969,-0.000013,0.000121,-0.000301,0.002807,,
183.6327,S6,,0.433890,-1.231967,-0.000017,0.000160,-0.000376,0.003510,,
183.6427,S6,,0.433890,-1.231965,-0.000021,0.000200,-0.000452,0.004213,-54.4559,28.6991
183.6527,S6,,0.433890,-1.231964,-0.000026,0.000239,-0.000527,0.004917,,
183.6627,S6,,0.433890,-1.231962,-0.000030,0.000278,-0.000602,0.005620,,
183.6727,S6,,0.433890,-1.231960,-0.000034,0.000317,-0.000678,0.006323,,
183.6827,S6,,0.433890,-1.231959,-0.000038,0.000356,-0.000753,0.007026,,
183.6927,S6,,0.433889,-1.231953,-0.000049,0.000456,-0.000895,0.008352,-54.4635,28.7038
183.7027,S6,,0.433888,-1.231944,-0.000063,0.000588,-0.001071,0.010004,,
183.7127,S6,,0.433887,-1.231936,-0.000077,0.000720,-0.001247,0.011655,,
183.7227,S6,,0.433886,-1.231928,-0.000091,0.000852,-0.001424,0.013307,,
183.7327,S6,,0.433885,-1.231920,-0.000105,0.000984,-0.001600,0.014958,,
183.7427,S6,,0.433885,-1.231912,-0.000120,0.001116,-0.001776,0.016610,-54.4787,28.7134
183.7527,S6,,0.433884,-1.231904,-0.000134,0.001248,-0.001953,0.018261,,
183.7627,S6,,0.433883,-1.231896,-0.000148,0.001380,-0.002129,0.019913,,
183.7727,S6,,0.433881,-1.231878,-0.000172,0.001611,-0.002376,0.022234,,
183.7827,S6,,0.433878,-1.231852,-0.000206,0.001927,-0.002682,0.025119,,
183.7927,S6,,0.433875,-1.231827,-0.000240,0.002242,-0.002988,0.028004,-54.4994,28.7266
183.8027,S6,,0.433873,-1.231801,-0.000273,0.002557,-0.003294,0.030888,,
183.8127,S6,,0.433870,-1.231775,-0.000307,0.002872,-0.003600,0.033773,,
183.8227,S6,,0.433867,-1.231750,-0.000341,0.003187,-0.003905,0.036658,,
183.8327,S6,,0.433864,-1.231724,-0.000374,0.003502,-0.004211,0.039543,,
183.8427,S6,,0.433862,-1.231699,-0.000408,0.003817,-0.004517,0.042428,-54.5257,28.7434
183.8527,S6,,0.433857,-1.231657,-0.000454,0.004253,-0.004871,0.045791,,
183.8627,S6,,0.433851,-1.231595,-0.000517,0.004850,-0.005290,0.049792,,
183.8727,S6,,0.433844,-1.231533,-0.000581,0.005448,-0.005708,0.053794,,
183.8827,S6,,0.433837,-1.231471,-0.000644,0.006045,-0.006127,0.057795,,
183.8927,S6,,0.433831,-1.231409,-0.000708,0.006642,-0.006545,0.061797,-54.5605,28.7663
183.9027,S6,,0.433824,-1.231347,-0.000771,0.007239,-0.006963,0.065798,,
183.9127,S6,,0.433818,-1.231285,-0.000834,0.007837,-0.007382,0.069799,,
183.9227,S6,,0.433811,-1.231223,-0.000898,0.008434,-0.007800,0.073801,,
183.9327,S6,,0.433802,-1.231142,-0.000972,0.009140,-0.008224,0.077897,,
183.9427,S6,,0.433789,-1.231018,-0.001071,0.010083,-0.008659,0.082202,-54.5968,28.7907
183.9527,S6,,0.433776,-1.230893,-0.001170,0.011025,-0.009094,0.086507,,
183.9627,S6,,0.433763,-1.230769,-0.001269,0.011968,-0.009529,0.090812,,
183.9727,S6,,0.433750,-1.230645,-0.001368,0.012911,-0.009964,0.095117,,
183.9827,S6,,0.433736,-1.230520,-0.001467,0.013854,-0.010399,0.099422,,
183.9927,S6,,0.433723,-1.230396,-0.001566,0.014796,-0.010834,0.103727,-54.6345,28.8169
184.0027,S6,,0.433710,-1.230272,-0.001665,0.015739,-0.011269,0.108031,,
184.0127,S6,,0.433695,-1.230130,-0.001770,0.016743,-0.011666,0.112036,,
184.0227,S6,,0.433673,-1.229916,-0.001898,0.017990,-0.011909,0.114838,,
184.0327,S6,,0.433650,-1.229702,-0.002026,0.019237,-0.012153,0.117640,,
184.0427,S6,,0.433628,-1.229488,-0.002155,0.020484,-0.012397,0.120442,-54.6621,28.8382
184.0527,S6,,0.433605,-1.229274,-0.002283,0.021732,-0.012640,0.123244,,
184.0627,S6,,0.433582,-1.229060,-0.002411,0.022979,-0.012884,0.126046,,
184.0727,S6,,0.433560,-1.228846,-0.002540,0.024226,-0.013127,0.128848,,
184.0827,S6,,0.433537,-1.228632,-0.002668,0.025473,-0.013371,0.131650,,
184.0927,S6,,0.433514,-1.228409,-0.002796,0.026726,-0.013568,0.134061,-54.6835,28.8564
184.1027,S6,,0.433481,-1.228088,-0.002925,0.028041,-0.013270,0.132294,,
184.1127,S6,,0.433448,-1.227768,-0.003054,0.029356,-0.012972,0.130528,,
184.1227,S6,,0.433414,-1.227447,-0.003183,0.030671,-0.012674,0.128761,,
184.1327,S6,,0.433381,-1.227127,-0.003312,0.031985,-0.012376,0.126994,,
184.1427,S6,,0.433348,-1.226807,-0.003442,0.033300,-0.012078,0.125228,-54.6608,28.8499
184.1527,S6,,0.433315,-1.226486,-0.003571,0.034615,-0.011780,0.123461,,
184.1627,S6,,0.433281,-1.226166,-0.003700,0.035930,-0.011482,0.121695,,
184.1727,S6,,0.433248,-1.225845,-0.003829,0.037244,-0.011184,0.119928,,
184.1827,S6,,0.433207,-1.225435,-0.003896,0.038096,-0.009859,0.109324,,
184.1927,S6,,0.433165,-1.225023,-0.003963,0.038934,-0.008504,0.098461,-54.6037,28.8232
184.2027,S6,,0.433123,-1.224610,-0.004029,0.039773,-0.007149,0.087597,,
184.2127,S6,,0.433081,-1.224197,-0.004095,0.040611,-0.005794,0.076733,,
184.2227,S6,,0.433040,-1.223784,-0.004161,0.041449,-0.004439,0.065869,,
184.2327,S6,,0.432998,-1.223372,-0.004227,0.042287,-0.003084,0.055005,,
184.2427,S6,,0.432956,-1.222959,-0.004293,0.043125,-0.001730,0.044141,-54.4933,28.7652
184.2527,S6,,0.432914,-1.222546,-0.004359,0.043963,-0.000375,0.033278,,
184.2627,S6,,0.432872,-1.222111,-0.004325,0.043998,0.000518,0.026497,,
184.2727,S6,,0.432830,-1.221671,-0.004274,0.043898,0.001334,0.020396,,
184.2827,S6,,0.432788,-1.221232,-0.004223,0.043798,0.002150,0.014296,,
184.2927,S6,,0.432746,-1.220792,-0.004173,0.043699,0.002965,0.008196,-54.4171,28.7286
184.3027,S6,,0.432704,-1.220353,-0.004122,0.043599,0.003781,0.002095,,
184.3127,S6,,0.432662,-1.219913,-0.004071,0.043499,0.004597,-0.004005,,
184.3227,S6,,0.432620,-1.219474,-0.004021,0.043400,0.005413,-0.010105,,
184.3327,S6,,0.432578,-1.219035,-0.003970,0.043300,0.006228,-0.016206,,
184.3427,S6,,0.432540,-1.218604,-0.003914,0.043219,0.006232,-0.015239,-54.3643,28.7062
184.3527,S6,,0.432503,-1.218176,-0.003857,0.043143,0.005953,-0.011825,,
184.3627,S6,,0.432466,-1.217748,-0.003800,0.043068,0.005675,-0.008410,,
184.3727,S6,,0.432429,-1.217320,-0.003742,0.042993,0.005397,-0.004996,,
184.3827,S6,,0.432392,-1.216892,-0.003685,0.042918,0.005119,-0.001582,,
184.3927,S6,,0.432355,-1.216465,-0.003628,0.042843,0.004841,0.001832,-54.3893,28.7301
184.4027,S6,,0.432318,-1.216037,-0.003571,0.042768,0.004563,0.005246,,
184.4127,S6,,0.432280,-1.215609,-0.003513,0.042693,0.004285,0.008660,,
184.4227,S6,,0.432245,-1.215174,-0.003489,0.042949,0.003522,0.016218,,
184.4327,S6,,0.432211,-1.214734,-0.003483,0.043400,0.002473,0.026225,,
184.4427,S6,,0.432177,-1.214295,-0.003478,0.043852,0.001423,0.036232,-54.4479,28.7739
184.4527,S6,,0.432143,-1.213855,-0.003472,0.044304,0.000373,0.046239,,
184.4627,S6,,0.432109,-1.213416,-0.003466,0.044755,-0.000676,0.056246,,
184.4727,S6,,0.432075,-1.212976,-0.003461,0.045207,-0.001726,0.066253,,
184.4827,S6,,0.432041,-1.212537,-0.003455,0.045659,-0.002775,0.076260,,
184.4927,S6,,0.432006,-1.212097,-0.003450,0.046111,-0.003825,0.086267,-54.5370,28.8356
184.5027,S6,,0.431971,-1.211620,-0.003487,0.046970,-0.004507,0.093262,,
184.5127,S6,,0.431933,-1.211108,-0.003563,0.048213,-0.004841,0.097412,,
184.5227,S6,,0.431896,-1.210596,-0.003640,0.049457,-0.005175,0.101562,,
184.5327,S6,,0.431858,-1.210084,-0.003716,0.050701,-0.005509,0.105712,,
184.5427,S6,,0.431821,-1.209572,-0.003793,0.051944,-0.005843,0.109862,-54.5753,28.8670
184.5527,S6,,0.431783,-1.209060,-0.003870,0.053188,-0.006178,0.114012,,
184.5627,S6,,0.431746,-1.208548,-0.003946,0.054432,-0.006512,0.118162,,
184.5727,S6,,0.431708,-1.208036,-0.004023,0.055676,-0.006846,0.122312,,
184.5827,S6,,0.431669,-1.207484,-0.004087,0.056859,-0.006766,0.123039,,
184.5927,S6,,0.431626,-1.206874,-0.004132,0.057951,-0.006064,0.118629,-54.5847,28.8814
184.6027,S6,,0.431583,-1.206263,-0.004176,0.059043,-0.005361,0.114219,,
184.6127,S6,,0.431540,-1.205652,-0.004221,0.060135,-0.004659,0.109809,,
184.6227,S6,,0.431497,-1.205041,-0.004266,0.061227,-0.003957,0.105399,,
184.6327,S6,,0.431454,-1.204430,-0.004311,0.062319,-0.003255,0.100989,,
184.6427,S6,,0.431411,-1.203819,-0.004356,0.063410,-0.002553,0.096579,-54.5338,28.8605
184.6527,S6,,0.431368,-1.203208,-0.004400,0.064502,-0.001851,0.092169,,
184.6627,S6,,0.431325,-1.202577,-0.004426,0.065469,-0.001165,0.087921,,
184.6727,S6,,0.431281,-1.201895,-0.004404,0.066124,-0.000520,0.084078,,
184.6827,S6,,0.431238,-1.201213,-0.004382,0.066778,0.000125,0.080235,,
184.6927,S6,,0.431194,-1.200531,-0.004360,0.067432,0.000770,0.076392,-54.4861,28.8417
184.7027,S6,,0.431150,-1.199850,-0.004337,0.068087,0.001415,0.072548,,
184.7127,S6,,0.431106,-1.199168,-0.004315,0.068741,0.002060,0.068705,,
184.7227,S6,,0.431062,-1.198486,-0.004293,0.069395,0.002705,0.064862,,
184.7327,S6,,0.431019,-1.197804,-0.004271,0.070050,0.003350,0.061019,,
184.7427,S6,,0.430975,-1.197114,-0.004246,0.070705,0.003874,0.058206,-54.4417,28.8251
184.7527,S6,,0.430934,-1.196382,-0.004209,0.071363,0.003809,0.060374,,
184.7627,S6,,0.430893,-1.195651,-0.004172,0.072021,0.003744,0.062541,,
184.7727,S6,,0.430852,-1.194919,-0.004135,0.072679,0.003679,0.064709,,
184.7827,S6,,0.430811,-1.194188,-0.004098,0.073337,0.003614,0.066877,,
184.7927,S6,,0.430770,-1.193457,-0.004060,0.073995,0.003549,0.069045,-54.4543,28.8419
184.8027,S6,,0.430729,-1.192725,-0.004023,0.074653,0.003484,0.071212,,
184.8127,S6,,0.430688,-1.191994,-0.003986,0.075311,0.003419,0.073380,,
184.8227,S6,,0.430648,-1.191259,-0.003949,0.075980,0.003361,0.075486,,
184.8327,S6,,0.430609,-1.190466,-0.003918,0.076817,0.003428,0.076579,,
184.8427,S6,,0.430571,-1.189673,-0.003886,0.077655,0.003495,0.077672,-54.4628,28.8559
184.8527,S6,,0.430533,-1.188881,-0.003854,0.078493,0.003562,0.078764,,
184.8627,S6,,0.430494,-1.188088,-0.003823,0.079330,0.003629,0.079857,,
184.8727,S6,,0.430456,-1.187295,-0.003791,0.080168,0.003696,0.080950,,
184.8827,S6,,0.430418,-1.186503,-0.003760,0.081005,0.003763,0.082043,,
184.8927,S6,,0.430380,-1.185710,-0.003728,0.081843,0.003830,0.083135,-54.4655,28.8659
184.9027,S6,,0.430341,-1.184917,-0.003696,0.082680,0.003897,0.084228,,
184.9127,S6,,0.430306,-1.184061,-0.003645,0.083482,0.004217,0.083202,,
184.9227,S6,,0.430271,-1.183200,-0.003593,0.084281,0.004552,0.082048,,
184.9327,S6,,0.430236,-1.182340,-0.003541,0.085081,0.004886,0.080893,,
184.9427,S6,,0.430201,-1.181480,-0.003489,0.085880,0.005221,0.079739,-54.4515,28.8654
184.9527,S6,,0.430166,-1.180619,-0.003436,0.086680,0.005556,0.078584,,
184.9627,S6,,0.430131,-1.179759,-0.003384,0.087479,0.005891,0.077430,,
184.9727,S6,,0.430096,-1.178899,-0.003332,0.088279,0.006226,0.076276,,
184.9827,S6,,0.430061,-1.178038,-0.003280,0.089078,0.006561,0.075121,,
184.9927,S6,,0.430030,-1.177127,-0.003208,0.089825,0.006791,0.074812,-54.4345,28.8627
185.0027,S6,,0.430001,-1.176205,-0.003133,0.090561,0.006999,0.074678,,
185.0127,S6,,0.429971,-1.175283,-0.003057,0.091296,0.007208,0.074544,,
185.0227,S6,,0.429941,-1.174361,-0.002981,0.092032,0.007416,0.074410,,
185.0327,S6,,0.429912,-1.173439,-0.002906,0.092768,0.007625,0.074276,,
185.0427,S6,,0.429882,-1.172517,-0.002830,0.093504,0.007833,0.074142,-54.4268,28.8645
185.0527,S6,,0.429852,-1.171595,-0.002754,0.094239,0.008041,0.074008,,
185.0627,S6,,0.429822,-1.170673,-0.002679,0.094975,0.008250,0.073874,,
185.0727,S6,,0.429797,-1.169708,-0.002593,0.095715,0.008443,0.073815,,
185.0827,S6,,0.429774,-1.168726,-0.002502,0.096457,0.008630,0.073787,,
185.0927,S6,,0.429751,-1.167744,-0.002412,0.097199,0.008817,0.073758,-54.4203,28.8661
185.1027,S6,,0.429728,-1.166762,-0.002322,0.097941,0.009004,0.073729,,
185.1127,S6,,0.429705,-1.165780,-0.002232,0.098682,0.009191,0.073700,,
185.1227,S6,,0.429682,-1.164798,-0.002142,0.099424,0.009378,0.073671,,
185.1327,S6,,0.429659,-1.163816,-0.002051,0.100166,0.009565,0.073642,,
185.1427,S6,,0.429636,-1.162835,-0.001961,0.100908,0.009752,0.073613,-54.4147,28.8673
185.1527,S6,,0.429618,-1.161817,-0.001861,0.101636,0.009960,0.073339,,
185.1627,S6,,0.429603,-1.160775,-0.001753,0.102355,0.010183,0.072900,,
185.1727,S6,,0.429588,-1.159734,-0.001646,0.103073,0.010406,0.072462,,
185.1827,S6,,0.429573,-1.158693,-0.001539,0.103792,0.010628,0.072023,,
185.1927,S6,,0.429558,-1.157651,-0.001431,0.104511,0.010851,0.071584,-54.4071,28.8657
185.2027,S6,,0.429543,-1.156610,-0.001324,0.105230,0.011074,0.071146,,
185.2127,S6,,0.429528,-1.155568,-0.001217,0.105949,0.011296,0.070707,,
185.2227,S6,,0.429513,-1.154527,-0.001109,0.106668,0.011519,0.070268,,
185.2327,S6,,0.429502,-1.153458,-0.000994,0.107371,0.011728,0.069874,,
185.2427,S6,,0.429497,-1.152359,-0.000869,0.108057,0.011923,0.069525,-54.3998,28.8634
185.2527,S6,,0.429491,-1.151261,-0.000745,0.108743,0.012117,0.069177,,
185.2627,S6,,0.429486,-1.150162,-0.000621,0.109429,0.012312,0.068828,,
185.2727,S6,,0.429480,-1.149064,-0.000496,0.110115,0.012506,0.068480,,
185.2827,S6,,0.429474,-1.147966,-0.000372,0.110801,0.012701,0.068132,,
185.2927,S6,,0.429469,-1.146867,-0.000247,0.111487,0.012896,0.067783,-54.3944,28.8606
185.3027,S6,,0.429463,-1.145769,-0.000123,0.112173,0.013090,0.067435,,
185.3127,S6,,0.429462,-1.144650,0.000007,0.112848,0.013280,0.067063,,
185.3227,S6,,0.429467,-1.143497,0.000146,0.113505,0.013461,0.066652,,
185.3327,S6,,0.429472,-1.142344,0.000286,0.114161,0.013641,0.066241,,
185.3427,S6,,0.429477,-1.141192,0.000425,0.114817,0.013822,0.065830,-54.3902,28.8568
185.3527,S6,,0.429482,-1.140039,0.000565,0.115474,0.014003,0.065419,,
185.3627,S6,,0.429487,-1.138886,0.000704,0.116130,0.014184,0.065008,,
185.3727,S6,,0.429492,-1.137733,0.000844,0.116786,0.014365,0.064597,,
185.3827,S6,,0.429497,-1.136580,0.000984,0.117443,0.014546,0.064186,,
185.3927,S6,,0.429506,-1.135414,0.001127,0.118090,0.014722,0.063757,-54.3861,28.8520
185.4027,S6,,0.429523,-1.134209,0.001280,0.118709,0.014887,0.063276,,
185.4127,S6,,0.429540,-1.133004,0.001434,0.119329,0.015051,0.062795,,
185.4227,S6,,0.429557,-1.131800,0.001588,0.119948,0.015216,0.062314,,
185.4327,S6,,0.429574,-1.130595,0.001741,0.120568,0.015380,0.061833,,
185.4427,S6,,0.429591,-1.129390,0.001895,0.121187,0.015545,0.061353,-54.3840,28.8458
185.4527,S6,,0.429608,-1.128185,0.002048,0.121807,0.015709,0.060872,,
185.4627,S6,,0.429625,-1.126981,0.002202,0.122426,0.015874,0.060391,,
185.4727,S6,,0.429644,-1.125769,0.002357,0.123040,0.016035,0.059905,,
185.4827,S6,,0.429674,-1.124516,0.002523,0.123619,0.016176,0.059388,,
185.4927,S6,,0.429704,-1.123262,0.002689,0.124198,0.016317,0.058870,-54.3826,28.8385
185.5027,S6,,0.429734,-1.122009,0.002856,0.124777,0.016458,0.058353,,
185.5127,S6,,0.429764,-1.120756,0.003022,0.125356,0.016598,0.057836,,
185.5227,S6,,0.429794,-1.119502,0.003188,0.125935,0.016739,0.057319,,
185.5327,S6,,0.429824,-1.118249,0.003354,0.126515,0.016880,0.056801,,
185.5427,S6,,0.429854,-1.116996,0.003520,0.127094,0.017021,0.056284,-54.3822,28.8301
185.5527,S6,,0.429884,-1.115741,0.003686,0.127672,0.017162,0.055765,,
185.5627,S6,,0.429928,-1.114442,0.003862,0.128207,0.017278,0.055199,,
185.5727,S6,,0.429972,-1.113144,0.004039,0.128742,0.017395,0.054632,,
185.5827,S6,,0.430016,-1.111845,0.004215,0.129277,0.017511,0.054065,,
185.5927,S6,,0.430060,-1.110547,0.004392,0.129812,0.017628,0.053498,-54.3840,28.8204
185.6027,S6,,0.430103,-1.109248,0.004568,0.130347,0.017744,0.052932,,
185.6127,S6,,0.430147,-1.107949,0.004745,0.130882,0.017861,0.052365,,
185.6227,S6,,0.430191,-1.106651,0.004921,0.131417,0.017977,0.051798,,
185.6327,S6,,0.430235,-1.105352,0.005098,0.131953,0.018094,0.051231,,
185.6427,S6,,0.430292,-1.104016,0.005282,0.132444,0.018185,0.050627,-54.3862,28.8094
185.6527,S6,,0.430351,-1.102676,0.005467,0.132932,0.018274,0.050019,,
185.6627,S6,,0.430410,-1.101336,0.005652,0.133419,0.018363,0.049412,,
185.6727,S6,,0.430468,-1.099996,0.005837,0.133906,0.018452,0.048804,,
185.6827,S6,,0.430527,-1.098655,0.006021,0.134394,0.018541,0.048196,,
185.6927,S6,,0.430585,-1.097315,0.006206,0.134881,0.018630,0.047589,-54.3908,28.7971
185.7027,S6,,0.430644,-1.095975,0.006391,0.135369,0.018719,0.046981,,
185.7127,S6,,0.430703,-1.094635,0.006576,0.135856,0.018808,0.046373,,
185.7227,S6,,0.430773,-1.093265,0.006766,0.136303,0.018874,0.045734,,
185.7327,S6,,0.430847,-1.091887,0.006956,0.136739,0.018933,0.045088,,
185.7427,S6,,0.430921,-1.090510,0.007147,0.137176,0.018993,0.044441,-54.3967,28.7836
185.7527,S6,,0.430995,-1.089132,0.007338,0.137613,0.019053,0.043795,,
185.7627,S6,,0.431069,-1.087755,0.007529,0.138049,0.019113,0.043148,,
185.7727,S6,,0.431143,-1.086377,0.007720,0.138486,0.019172,0.042502,,
185.7827,S6,,0.431216,-1.084999,0.007911,0.138922,0.019232,0.041855,,
185.7927,S6,,0.431290,-1.083622,0.008102,0.139359,0.019292,0.041208,-54.4033,28.7687
185.8027,S6,,0.431375,-1.082221,0.008295,0.139758,0.019330,0.040538,,
185.8127,S6,,0.431464,-1.080811,0.008490,0.140141,0.019360,0.039856,,
185.8227,S6,,0.431554,-1.079400,0.008684,0.140523,0.019389,0.039174,,
185.8327,S6,,0.431643,-1.077989,0.008879,0.140906,0.019418,0.038492,,
185.8427,S6,,0.431733,-1.076578,0.009073,0.141289,0.019447,0.037810,-54.4131,28.7524
185.8527,S6,,0.431822,-1.075167,0.009268,0.141671,0.019476,0.037129,,
185.8627,S6,,0.431912,-1.073756,0.009462,0.142054,0.019506,0.036447,,
185.8727,S6,,0.432001,-1.072345,0.009657,0.142436,0.019535,0.035765,,
185.8827,S6,,0.432100,-1.070918,0.009852,0.142787,0.019546,0.035065,,
185.8927,S6,,0.432205,-1.069479,0.010047,0.143113,0.019544,0.034352,-54.4234,28.7349
185.9027,S6,,0.432310,-1.068039,0.010243,0.143439,0.019542,0.033639,,
185.9127,S6,,0.432416,-1.066599,0.010438,0.143765,0.019540,0.032926,,
185.9227,S6,,0.432521,-1.065160,0.010634,0.144091,0.019538,0.032213,,
185.9327,S6,,0.432626,-1.063720,0.010830,0.144417,0.019536,0.031500,,
185.9427,S6,,0.432732,-1.062280,0.011025,0.144743,0.019533,0.030787,-54.4357,28.7160
185.9527,S6,,0.432837,-1.060841,0.011221,0.145069,0.019531,0.030074,,
185.9627,S6,,0.432950,-1.059390,0.011416,0.145368,0.019515,0.029349,,
185.9727,S6,,0.433071,-1.057926,0.011610,0.145635,0.019481,0.028608,,
185.9827,S6,,0.433192,-1.056463,0.011804,0.145902,0.019448,0.027868,,
185.9927,S6,,0.433313,-1.054999,0.011998,0.146169,0.019414,0.027128,-54.4501,28.6959
186.0027,S6,,0.433434,-1.053535,0.012192,0.146436,0.019381,0.026388,,
186.0127,S6,,0.433556,-1.052072,0.012387,0.146703,0.019347,0.025648,,
186.0227,S6,,0.433677,-1.050608,0.012581,0.146970,0.019314,0.024908,,
186.0327,S6,,0.433798,-1.049144,0.012775,0.147237,0.019280,0.024168,,
186.0427,S6,,0.433924,-1.047674,0.012968,0.147483,0.019236,0.023420,-54.4650,28.6744
186.0527,S6,,0.434061,-1.046191,0.013158,0.147689,0.019172,0.022657,,
186.0627,S6,,0.434198,-1.044708,0.013348,0.147895,0.019107,0.021895,,
186.0727,S6,,0.434335,-1.043225,0.013538,0.148101,0.019042,0.021132,,
186.0827,S6,,0.434471,-1.041742,0.013728,0.148307,0.018978,0.020369,,
186.0927,S6,,0.434608,-1.040260,0.013919,0.148513,0.018913,0.019606,-54.4832,28.6517
186.1027,S6,,0.434745,-1.038777,0.014109,0.148719,0.018849,0.018844,,
186.1127,S6,,0.434882,-1.037294,0.014299,0.148925,0.018784,0.018081,,
186.1227,S6,,0.435022,-1.035808,0.014488,0.149117,0.018713,0.017314,,
186.1327,S6,,0.435174,-1.034310,0.014671,0.149260,0.018618,0.016533,,
186.1427,S6,,0.435326,-1.032813,0.014855,0.149403,0.018523,0.015753,-54.5022,28.6277
186.1527,S6,,0.435478,-1.031316,0.015039,0.149547,0.018429,0.014972,,
186.1627,S6,,0.435630,-1.029819,0.015222,0.149690,0.018334,0.014192,,
186.1727,S6,,0.435782,-1.028322,0.015406,0.149834,0.018239,0.013411,,
186.1827,S6,,0.435934,-1.026825,0.015590,0.149977,0.018144,0.012630,,
186.1927,S6,,0.436086,-1.025328,0.015774,0.150120,0.018049,0.011850,-54.5225,28.6026
186.2027,S6,,0.436239,-1.023830,0.015956,0.150256,0.017951,0.011068,,
186.2127,S6,,0.436406,-1.022324,0.016131,0.150336,0.017829,0.010274,,
186.2227,S6,,0.436572,-1.020818,0.016306,0.150415,0.017706,0.009480,,
186.2327,S6,,0.436739,-1.019311,0.016481,0.150495,0.017583,0.008687,,
186.2427,S6,,0.436906,-1.017805,0.016656,0.150574,0.017460,0.007893,-54.5454,28.5763
186.2527,S6,,0.437072,-1.016299,0.016831,0.150654,0.017338,0.007099,,
186.2627,S6,,0.437239,-1.014793,0.017005,0.150733,0.017215,0.006306,,
186.2727,S6,,0.437405,-1.013287,0.017180,0.150812,0.017092,0.005512,,
186.2827,S6,,0.437572,-1.011781,0.017355,0.150892,0.016969,0.004719,,
186.2927,S6,,0.437752,-1.010271,0.017519,0.150907,0.016818,0.003916,-54.5688,28.5489
186.3027,S6,,0.437932,-1.008761,0.017683,0.150921,0.016666,0.003113,,
186.3127,S6,,0.438112,-1.007251,0.017846,0.150936,0.016514,0.002310,,
186.3227,S6,,0.438293,-1.005741,0.018010,0.150951,0.016362,0.001508,,
186.3327,S6,,0.438473,-1.004231,0.018174,0.150965,0.016210,0.000705,,
186.3427,S6,,0.438653,-1.002721,0.018338,0.150980,0.016058,-0.000098,-54.5946,28.5204
186.3527,S6,,0.438834,-1.001211,0.018501,0.150995,0.015906,-0.000901,,
186.3627,S6,,0.439014,-0.999701,0.018665,0.151009,0.015754,-0.001703,,
186.3727,S6,,0.439205,-0.998193,0.018817,0.150966,0.015584,-0.002508,,
186.3827,S6,,0.439398,-0.996684,0.018967,0.150915,0.015412,-0.003313,,
186.3927,S6,,0.439591,-0.995176,0.019118,0.150865,0.015239,-0.004118,-54.6216,28.4910
186.4027,S6,,0.439784,-0.993667,0.019268,0.150814,0.015066,-0.004923,,
186.4127,S6,,0.439978,-0.992159,0.019418,0.150763,0.014894,-0.005728,,
186.4227,S6,,0.440171,-0.990650,0.019569,0.150713,0.014721,-0.006533,,
186.4327,S6,,0.440364,-0.989142,0.019719,0.150662,0.014548,-0.007338,,
186.4427,S6,,0.440557,-0.987633,0.019870,0.150612,0.014376,-0.008143,-54.6492,28.4605
186.4527,S6,,0.440759,-0.986130,0.020009,0.150511,0.014186,-0.008947,,
186.4627,S6,,0.440963,-0.984628,0.020145,0.150395,0.013990,-0.009750,,
186.4727,S6,,0.441168,-0.983126,0.020281,0.150279,0.013795,-0.010554,,
186.4827,S6,,0.441373,-0.981625,0.020416,0.150163,0.013600,-0.011357,,
186.4927,S6,,0.441577,-0.980123,0.020552,0.150047,0.013405,-0.012161,-54.6795,28.4294
186.5027,S6,,0.441782,-0.978621,0.020688,0.149932,0.013210,-0.012964,,
186.5127,S6,,0.441987,-0.977119,0.020824,0.149816,0.013015,-0.013768,,
186.5227,S6,,0.442191,-0.975618,0.020960,0.149700,0.012819,-0.014571,,
186.5327,S6,,0.442403,-0.974124,0.021083,0.149541,0.012587,-0.015378,,
186.5427,S6,,0.442618,-0.972634,0.021201,0.149360,0.012335,-0.016187,-54.7104,28.3974
186.5527,S6,,0.442833,-0.971144,0.021318,0.149178,0.012082,-0.016996,,
186.5627,S6,,0.443048,-0.969655,0.021436,0.148997,0.011830,-0.017804,,
186.5727,S6,,0.443263,-0.968165,0.021553,0.148816,0.011578,-0.018613,,
186.5827,S6,,0.443477,-0.966675,0.021670,0.148634,0.011326,-0.019422,,
186.5927,S6,,0.443692,-0.965186,0.021788,0.148453,0.011074,-0.020230,-54.7431,28.3648
186.6027,S6,,0.443907,-0.963696,0.021905,0.148272,0.010822,-0.021039,,
186.6127,S6,,0.444127,-0.962216,0.022014,0.148056,0.010636,-0.021818,,
186.6227,S6,,0.444351,-0.960743,0.022115,0.147811,0.010506,-0.022571,,
186.6327,S6,,0.444575,-0.959271,0.022216,0.147566,0.010376,-0.023323,,
186.6427,S6,,0.444798,-0.957799,0.022318,0.147321,0.010246,-0.024076,-54.7752,28.3312
186.6527,S6,,0.445022,-0.956326,0.022419,0.147076,0.010116,-0.024829,,
186.6627,S6,,0.445246,-0.954854,0.022520,0.146831,0.009985,-0.025582,,
186.6727,S6,,0.445470,-0.953381,0.022622,0.146586,0.009855,-0.026335,,
186.6827,S6,,0.445693,-0.951909,0.022723,0.146341,0.009725,-0.027088,,
186.6927,S6,,0.445921,-0.950446,0.022817,0.146070,0.009470,-0.027872,-54.8071,28.2966
186.7027,S6,,0.446152,-0.948996,0.022902,0.145763,0.009047,-0.028697,,
186.7127,S6,,0.446384,-0.947546,0.022987,0.145456,0.008624,-0.029522,,
186.7227,S6,,0.446615,-0.946096,0.023071,0.145148,0.008201,-0.030348,,
186.7327,S6,,0.446847,-0.944646,0.023156,0.144841,0.007778,-0.031173,,
186.7427,S6,,0.447078,-0.943196,0.023241,0.144534,0.007355,-0.031998,-54.8463,28.2634
186.7527,S6,,0.447309,-0.941746,0.023326,0.144227,0.006932,-0.032823,,
186.7627,S6,,0.447541,-0.940296,0.023410,0.143920,0.006509,-0.033648,,
186.7727,S6,,0.447774,-0.938855,0.023480,0.143591,0.006100,-0.034461,,
186.7827,S6,,0.448011,-0.937433,0.023518,0.143214,0.005722,-0.035248,,
186.7927,S6,,0.448247,-0.936010,0.023555,0.142837,0.005343,-0.036034,-54.8852,28.2296
186.8027,S6,,0.448484,-0.934588,0.023593,0.142459,0.004965,-0.036820,,
186.8127,S6,,0.448720,-0.933166,0.023631,0.142082,0.004586,-0.037606,,
186.8227,S6,,0.448957,-0.931744,0.023668,0.141705,0.004208,-0.038393,,
186.8327,S6,,0.449193,-0.930321,0.023706,0.141328,0.003829,-0.039179,,
186.8427,S6,,0.449430,-0.928899,0.023743,0.140951,0.003451,-0.039965,-54.9239,28.1952
186.8527,S6,,0.449667,-0.927483,0.023789,0.140565,0.003356,-0.040655,,
186.8627,S6,,0.449907,-0.926094,0.023864,0.140147,0.004395,-0.040962,,
186.8727,S6,,0.450147,-0.924704,0.023939,0.139729,0.005434,-0.041268,,
186.8827,S6,,0.450387,-0.923314,0.024014,0.139311,0.006473,-0.041575,,
186.8927,S6,,0.450628,-0.921925,0.024089,0.138893,0.007512,-0.041881,-54.9383,28.1533
186.9027,S6,,0.450868,-0.920535,0.024165,0.138475,0.008551,-0.042187,,
186.9127,S6,,0.451108,-0.919145,0.024240,0.138057,0.009590,-0.042494,,
186.9227,S6,,0.451348,-0.917756,0.024315,0.137639,0.010630,-0.042800,,
186.9327,S6,,0.451589,-0.916369,0.024392,0.137217,0.011481,-0.043167,,
186.9427,S6,,0.451838,-0.915015,0.024488,0.136754,0.010328,-0.044183,-54.9581,28.1125
186.9527,S6,,0.452086,-0.913660,0.024584,0.136291,0.009175,-0.045198,,
186.9627,S6,,0.452335,-0.912306,0.024680,0.135828,0.008023,-0.046213,,
186.9727,S6,,0.452583,-0.910951,0.024776,0.135365,0.006870,-0.047229,,
186.9827,S6,,0.452832,-0.909597,0.024872,0.134901,0.005717,-0.048244,,
186.9927,S6,,0.453080,-0.908243,0.024968,0.134438,0.004564,-0.049260,-55.0159,28.0826
187.0027,S6,,0.453329,-0.906888,0.025064,0.133975,0.003411,-0.050275,,
187.0127,S6,,0.453577,-0.905534,0.025160,0.133512,0.002258,-0.051290,,
187.0227,S6,,0.453828,-0.904220,0.025108,0.132951,0.000556,-0.052432,,
187.0327,S6,,0.454078,-0.902907,0.025052,0.132388,-0.001162,-0.053577,,
187.0427,S6,,0.454328,-0.901594,0.024996,0.131824,-0.002880,-0.054722,-55.0815,28.0550
187.0527,S6,,0.454579,-0.900282,0.024940,0.131260,-0.004598,-0.055867,,
187.0627,S6,,0.454829,-0.898969,0.024884,0.130697,-0.006316,-0.057013,,
187.0727,S6,,0.455079,-0.897656,0.024828,0.130133,-0.008034,-0.058158,,
187.0827,S6,,0.455330,-0.896343,0.024772,0.129569,-0.009752,-0.059303,,
187.0927,S6,,0.455580,-0.895030,0.024716,0.129006,-0.011470,-0.060448,-55.1522,28.0289
187.1027,S6,,0.455824,-0.893759,0.024638,0.128408,-0.011013,-0.060566,,
187.1127,S6,,0.456068,-0.892494,0.024555,0.127805,-0.010192,-0.060513,,
187.1227,S6,,0.456311,-0.891229,0.024473,0.127202,-0.009371,-0.060459,,
187.1327,S6,,0.456554,-0.889965,0.024391,0.126599,-0.008550,-0.060406,,
187.1427,S6,,0.456798,-0.888700,0.024309,0.125996,-0.007729,-0.060352,-55.1721,27.9894
187.1527,S6,,0.457041,-0.887435,0.024226,0.125392,-0.006908,-0.060299,,
187.1627,S6,,0.457284,-0.886170,0.024144,0.124789,-0.006087,-0.060245,,
187.1727,S6,,0.457527,-0.884906,0.024062,0.124186,-0.005265,-0.060192,,
187.1827,S6,,0.457768,-0.883677,0.024017,0.123576,-0.004944,-0.060661,,
187.1927,S6,,0.458007,-0.882461,0.023986,0.122965,-0.004795,-0.061310,-55.1933,27.9499
187.2027,S6,,0.458246,-0.881246,0.023955,0.122353,-0.004647,-0.061960,,
187.2127,S6,,0.458485,-0.880030,0.023924,0.121741,-0.004498,-0.062610,,
187.2227,S6,,0.458724,-0.878814,0.023892,0.121130,-0.004349,-0.063260,,
187.2327,S6,,0.458963,-0.877598,0.023861,0.120518,-0.004201,-0.063909,,
187.2427,S6,,0.459202,-0.876382,0.023830,0.119906,-0.004052,-0.064559,-55.2204,27.9121
187.2527,S6,,0.459441,-0.875167,0.023799,0.119295,-0.003904,-0.065209,,
187.2627,S6,,0.459677,-0.873985,0.023745,0.118614,-0.004282,-0.066441,,
187.2727,S6,,0.459913,-0.872822,0.023677,0.117893,-0.004971,-0.068017,,
187.2827,S6,,0.460148,-0.871660,0.023610,0.117172,-0.005661,-0.069594,,
187.2927,S6,,0.460384,-0.870498,0.023542,0.116451,-0.006351,-0.071170,-55.2562,27.8765
187.3027,S6,,0.460619,-0.869335,0.023475,0.115730,-0.007041,-0.072747,,
187.3127,S6,,0.460855,-0.868173,0.023408,0.115009,-0.007731,-0.074323,,
187.3227,S6,,0.461091,-0.867011,0.023340,0.114288,-0.008420,-0.075900,,
187.3327,S6,,0.461326,-0.865849,0.023273,0.113567,-0.009110,-0.077476,,
187.3427,S6,,0.461558,-0.864719,0.023184,0.112804,-0.009477,-0.077986,-55.2952,27.8421
187.3527,S6,,0.461786,-0.863619,0.023075,0.112000,-0.009540,-0.077486,,
187.3627,S6,,0.462014,-0.862520,0.022966,0.111197,-0.009603,-0.076987,,
187.3727,S6,,0.462242,-0.861421,0.022857,0.110394,-0.009665,-0.076488,,
187.3827,S6,,0.462470,-0.860321,0.022748,0.109591,-0.009728,-0.075988,,
187.3927,S6,,0.462698,-0.859222,0.022639,0.108788,-0.009791,-0.075489,-55.3359,27.8134
187.4027,S6,,0.462926,-0.858122,0.022530,0.107985,-0.009853,-0.074990,,
187.4127,S6,,0.463154,-0.857023,0.022421,0.107182,-0.009916,-0.074491,,
187.4227,S6,,0.463379,-0.855948,0.022324,0.106440,-0.009776,-0.073330,,
187.4327,S6,,0.463599,-0.854908,0.022244,0.105792,-0.009333,-0.071178,,
187.4427,S6,,0.463819,-0.853869,0.022164,0.105144,-0.008891,-0.069026,-55.3769,27.7868
187.4527,S6,,0.464039,-0.852829,0.022084,0.104496,-0.008448,-0.066873,,
187.4627,S6,,0.464259,-0.851790,0.022004,0.103848,-0.008005,-0.064721,,
187.4727,S6,,0.464479,-0.850750,0.021924,0.103200,-0.007562,-0.062569,,
187.4827,S6,,0.464699,-0.849711,0.021844,0.102551,-0.007119,-0.060416,,
187.4927,S6,,0.464919,-0.848671,0.021764,0.101903,-0.006676,-0.058264,-55.4183,27.7627
187.5027,S6,,0.465138,-0.847645,0.021690,0.101288,-0.006460,-0.057025,,
187.5127,S6,,0.465353,-0.846652,0.021631,0.100754,-0.006815,-0.058070,,
187.5227,S6,,0.465567,-0.845659,0.021572,0.100221,-0.007169,-0.059115,,
187.5327,S6,,0.465782,-0.844666,0.021513,0.099688,-0.007523,-0.060161,,
187.5427,S6,,0.465997,-0.843673,0.021454,0.099154,-0.007878,-0.061206,-55.4521,27.7320
187.5527,S6,,0.466212,-0.842681,0.021395,0.098621,-0.008232,-0.062252,,
187.5627,S6,,0.466426,-0.841688,0.021336,0.098087,-0.008586,-0.063297,,
187.5727,S6,,0.466641,-0.840695,0.021277,0.097554,-0.008941,-0.064343,,
187.5827,S6,,0.466854,-0.839712,0.021199,0.096950,-0.009535,-0.066357,,
187.5927,S6,,0.467061,-0.838775,0.021030,0.096006,-0.011294,-0.073060,-55.4804,27.6967
187.6027,S6,,0.467267,-0.837839,0.020862,0.095061,-0.013053,-0.079763,,
187.6127,S6,,0.467474,-0.836902,0.020693,0.094117,-0.014811,-0.086466,,
187.6227,S6,,0.467680,-0.835966,0.020524,0.093172,-0.016570,-0.093169,,
187.6327,S6,,0.467886,-0.835029,0.020355,0.092228,-0.018328,-0.099873,,
187.6427,S6,,0.468093,-0.834093,0.020187,0.091283,-0.020087,-0.106576,-55.4960,27.6507
187.6527,S6,,0.468299,-0.833156,0.020018,0.090339,-0.021846,-0.113279,,
187.6627,S6,,0.468504,-0.832225,0.019843,0.089370,-0.023565,-0.119823,,
187.6727,S6,,0.468692,-0.831384,0.019560,0.087998,-0.024631,-0.123732,,
187.6827,S6,,0.468880,-0.830543,0.019278,0.086626,-0.025698,-0.127641,,
187.6927,S6,,0.469068,-0.829702,0.018995,0.085254,-0.026764,-0.131550,-55.5143,27.6110
187.7027,S6,,0.469255,-0.828862,0.018712,0.083882,-0.027831,-0.135459,,
187.7127,S6,,0.469443,-0.828021,0.018430,0.082510,-0.028897,-0.139368,,
187.7227,S6,,0.469631,-0.827180,0.018147,0.081138,-0.029963,-0.143277,,
187.7327,S6,,0.469818,-0.826339,0.017864,0.079766,-0.031030,-0.147186,,
187.7427,S6,,0.470006,-0.825498,0.017582,0.078394,-0.032096,-0.151095,-55.5341,27.5752
187.7527,S6,,0.470170,-0.824767,0.017298,0.077048,-0.030363,-0.143606,,
187.7627,S6,,0.470333,-0.824044,0.017013,0.075704,-0.028459,-0.135424,,
187.7727,S6,,0.470496,-0.823320,0.016729,0.074359,-0.026554,-0.127242,,
187.7827,S6,,0.470659,-0.822597,0.016444,0.073014,-0.024650,-0.119060,,
187.7927,S6,,0.470822,-0.821873,0.016160,0.071669,-0.022746,-0.110878,-55.5836,27.5753
187.8027,S6,,0.470985,-0.821150,0.015875,0.070325,-0.020842,-0.102695,,
187.8127,S6,,0.471148,-0.820426,0.015591,0.068980,-0.018938,-0.094513,,
187.8227,S6,,0.471311,-0.819703,0.015307,0.067635,-0.017034,-0.086331,,
187.8327,S6,,0.471462,-0.819039,0.015206,0.067068,-0.014783,-0.076766,,
187.8427,S6,,0.471611,-0.818386,0.015144,0.066662,-0.012461,-0.066914,-55.6343,27.5780
187.8527,S6,,0.471760,-0.817734,0.015082,0.066256,-0.010139,-0.057063,,
187.8627,S6,,0.471908,-0.817082,0.015019,0.065849,-0.007816,-0.047211,,
187.8727,S6,,0.472057,-0.816430,0.014957,0.065443,-0.005494,-0.037359,,
187.8827,S6,,0.472206,-0.815778,0.014895,0.065037,-0.003171,-0.027508,,
187.8927,S6,,0.472355,-0.815126,0.014832,0.064631,-0.000849,-0.017656,-55.6868,27.5846
187.9027,S6,,0.472504,-0.814473,0.014770,0.064225,0.001474,-0.007804,,
187.9127,S6,,0.472653,-0.813826,0.014801,0.064219,0.002822,-0.001959,,
187.9227,S6,,0.472803,-0.813181,0.014869,0.064374,0.003779,0.002281,,
187.9327,S6,,0.472953,-0.812536,0.014937,0.064529,0.004737,0.006521,,
187.9427,S6,,0.473102,-0.811891,0.015005,0.064683,0.005694,0.010761,-55.7278,27.5799
187.9527,S6,,0.473252,-0.811246,0.015074,0.064838,0.006652,0.015002,,
187.9627,S6,,0.473402,-0.810601,0.015142,0.064993,0.007610,0.019242,,
187.9727,S6,,0.473552,-0.809956,0.015210,0.065147,0.008567,0.023482,,
187.9827,S6,,0.473701,-0.809311,0.015278,0.065302,0.009525,0.027722,,
187.9927,S6,,0.473856,-0.808653,0.015367,0.065558,0.009893,0.029531,-55.7636,27.5698
188.0027,S6,,0.474013,-0.807986,0.015471,0.065883,0.009868,0.029717,,
188.0127,S6,,0.474170,-0.807319,0.015574,0.066207,0.009842,0.029903,,
188.0227,S6,,0.474327,-0.806653,0.015678,0.066531,0.009817,0.030089,,
188.0327,S6,,0.474485,-0.805986,0.015781,0.066855,0.009792,0.030276,,
188.0427,S6,,0.474642,-0.805319,0.015885,0.067179,0.009766,0.030462,-55.7902,27.5492
188.0527,S6,,0.474799,-0.804653,0.015988,0.067503,0.009741,0.030648,,
188.0627,S6,,0.474957,-0.803986,0.016092,0.067827,0.009715,0.030834,,
188.0727,S6,,0.475115,-0.803317,0.016101,0.067778,0.007658,0.022700,,
188.0827,S6,,0.475275,-0.802646,0.016011,0.067333,0.003447,0.005747,,
188.0927,S6,,0.475436,-0.801974,0.015921,0.066888,-0.000763,-0.011207,-55.7927,27.5054
188.1027,S6,,0.475596,-0.801303,0.015830,0.066443,-0.004974,-0.028161,,
188.1127,S6,,0.475756,-0.800632,0.015740,0.065998,-0.009185,-0.045114,,
188.1227,S6,,0.475916,-0.799960,0.015650,0.065553,-0.013396,-0.062068,,
188.1327,S6,,0.476076,-0.799289,0.015560,0.065107,-0.017607,-0.079021,,
188.1427,S6,,0.476236,-0.798617,0.015470,0.064662,-0.021818,-0.095975,-55.7705,27.4383
188.1527,S6,,0.476389,-0.797976,0.015290,0.063858,-0.025136,-0.109297,,
188.1627,S6,,0.476531,-0.797386,0.014958,0.062445,-0.026943,-0.116465,,
188.1727,S6,,0.476673,-0.796795,0.014627,0.061032,-0.028750,-0.123634,,
188.1827,S6,,0.476814,-0.796205,0.014295,0.059619,-0.030556,-0.130803,,
188.1927,S6,,0.476956,-0.795615,0.013963,0.058206,-0.032363,-0.137972,-55.7696,27.3965
188.2027,S6,,0.477098,-0.795024,0.013632,0.056793,-0.034169,-0.145141,,
188.2127,S6,,0.477239,-0.794434,0.013300,0.055380,-0.035976,-0.152309,,
188.2227,S6,,0.477381,-0.793843,0.012968,0.053968,-0.037782,-0.159478,,
188.2327,S6,,0.477515,-0.793286,0.012617,0.052479,-0.039175,-0.164965,,
188.2427,S6,,0.477626,-0.792826,0.012210,0.050772,-0.039369,-0.165584,-55.7752,27.3637
188.2527,S6,,0.477736,-0.792366,0.011802,0.049066,-0.039564,-0.166204,,
188.2627,S6,,0.477847,-0.791906,0.011395,0.047359,-0.039758,-0.166823,,
188.2727,S6,,0.477958,-0.791445,0.010988,0.045652,-0.039952,-0.167443,,
188.2827,S6,,0.478069,-0.790985,0.010580,0.043946,-0.040147,-0.168062,,
188.2927,S6,,0.478180,-0.790525,0.010173,0.042239,-0.040341,-0.168681,-55.7910,27.3472
188.3027,S6,,0.478290,-0.790065,0.009765,0.040532,-0.040536,-0.169301,,
188.3127,S6,,0.478397,-0.789624,0.009362,0.038842,-0.040602,-0.169401,,
188.3227,S6,,0.478475,-0.789299,0.008979,0.037250,-0.039896,-0.166377,,
188.3327,S6,,0.478553,-0.788975,0.008597,0.035658,-0.039190,-0.163353,,
188.3427,S6,,0.478631,-0.788651,0.008214,0.034066,-0.038484,-0.160330,-55.8102,27.3395
188.3527,S6,,0.478710,-0.788326,0.007832,0.032474,-0.037777,-0.157306,,
188.3627,S6,,0.478788,-0.788002,0.007449,0.030881,-0.037071,-0.154282,,
188.3727,S6,,0.478866,-0.787677,0.007067,0.029289,-0.036365,-0.151258,,
188.3827,S6,,0.478944,-0.787353,0.006684,0.027697,-0.035659,-0.148234,,
188.3927,S6,,0.479022,-0.787032,0.006304,0.026114,-0.034943,-0.145169,-55.8313,27.3371
188.4027,S6,,0.479072,-0.786824,0.005997,0.024840,-0.033866,-0.140661,,
188.4127,S6,,0.479122,-0.786617,0.005690,0.023566,-0.032788,-0.136153,,
188.4227,S6,,0.479172,-0.786410,0.005383,0.022291,-0.031711,-0.131646,,
188.4327,S6,,0.479222,-0.786203,0.005076,0.021017,-0.030634,-0.127138,,
188.4427,S6,,0.479272,-0.785995,0.004768,0.019742,-0.029556,-0.122630,-55.8523,27.3424
188.4527,S6,,0.479322,-0.785788,0.004461,0.018468,-0.028479,-0.118123,,
188.4627,S6,,0.479372,-0.785581,0.004154,0.017194,-0.027402,-0.113615,,
188.4727,S6,,0.479422,-0.785373,0.003847,0.015919,-0.026325,-0.109107,,
188.4827,S6,,0.479453,-0.785247,0.003622,0.014987,-0.025234,-0.104570,,
188.4927,S6,,0.479482,-0.785128,0.003405,0.014088,-0.024141,-0.100031,-55.8721,27.3488
188.5027,S6,,0.479511,-0.785008,0.003188,0.013188,-0.023049,-0.095491,,
188.5127,S6,,0.479539,-0.784889,0.002970,0.012288,-0.021957,-0.090951,,
188.5227,S6,,0.479568,-0.784770,0.002753,0.011388,-0.020865,-0.086412,,
188.5327,S6,,0.479597,-0.784651,0.002536,0.010489,-0.019772,-0.081872,,
188.5427,S6,,0.479626,-0.784532,0.002319,0.009589,-0.018680,-0.077332,-55.8899,27.3570
188.5527,S6,,0.479654,-0.784413,0.002101,0.008689,-0.017588,-0.072793,,
188.5627,S6,,0.479672,-0.784341,0.001950,0.008061,-0.016647,-0.068890,,
188.5727,S6,,0.479687,-0.784281,0.001814,0.007501,-0.015744,-0.065148,,
188.5827,S6,,0.479701,-0.784220,0.001679,0.006941,-0.014840,-0.061405,,
188.5927,S6,,0.479716,-0.784160,0.001544,0.006381,-0.013937,-0.057662,-55.9042,27.3651
188.6027,S6,,0.479730,-0.784100,0.001408,0.005821,-0.013034,-0.053920,,
188.6127,S6,,0.479745,-0.784039,0.001273,0.005262,-0.012131,-0.050177,,
188.6227,S6,,0.479759,-0.783979,0.001137,0.004702,-0.011228,-0.046434,,
188.6327,S6,,0.479774,-0.783919,0.001002,0.004142,-0.010324,-0.042692,,
188.6427,S6,,0.479783,-0.783882,0.000910,0.003759,-0.009606,-0.039718,-55.9169,27.3728
188.6527,S6,,0.479789,-0.783856,0.000837,0.003458,-0.008973,-0.037098,,
188.6627,S6,,0.479796,-0.783830,0.000764,0.003157,-0.008339,-0.034477,,
188.6727,S6,,0.479802,-0.783804,0.000691,0.002856,-0.007706,-0.031857,,
188.6827,S6,,0.479808,-0.783778,0.000618,0.002555,-0.007072,-0.029237,,
188.6927,S6,,0.479814,-0.783752,0.000546,0.002254,-0.006439,-0.026616,-55.9255,27.3790
188.7027,S6,,0.479821,-0.783726,0.000473,0.001953,-0.005806,-0.023996,,
188.7127,S6,,0.479827,-0.783700,0.000400,0.001652,-0.005172,-0.021375,,
188.7227,S6,,0.479831,-0.783684,0.000350,0.001447,-0.004688,-0.019374,,
188.7327,S6,,0.479833,-0.783675,0.000318,0.001313,-0.004316,-0.017837,,
188.7427,S6,,0.479835,-0.783666,0.000286,0.001180,-0.003945,-0.016300,-55.9322,27.3840
188.7527,S6,,0.479837,-0.783657,0.000253,0.001046,-0.003573,-0.014763,,
188.7627,S6,,0.479840,-0.783648,0.000221,0.000913,-0.003201,-0.013226,,
188.7727,S6,,0.479842,-0.783639,0.000189,0.000779,-0.002829,-0.011689,,
188.7827,S6,,0.479844,-0.783630,0.000156,0.000646,-0.002457,-0.010152,,
188.7927,S6,,0.479846,-0.783621,0.000124,0.000512,-0.002085,-0.008615,-55.9371,27.3878
188.8027,S6,,0.479848,-0.783615,0.000101,0.000419,-0.001805,-0.007456,,
188.8127,S6,,0.479848,-0.783613,0.000091,0.000375,-0.001633,-0.006746,,
188.8227,S6,,0.479849,-0.783610,0.000080,0.000330,-0.001461,-0.006035,,
188.8327,S6,,0.479849,-0.783608,0.000069,0.000286,-0.001289,-0.005325,,
188.8427,S6,,0.479850,-0.783606,0.000058,0.000241,-0.001117,-0.004615,-55.9395,27.3898
188.8527,S6,,0.479850,-0.783604,0.000048,0.000197,-0.000945,-0.003905,,
188.8627,S6,,0.479851,-0.783602,0.000037,0.000152,-0.000773,-0.003194,,
188.8727,S6,,0.479851,-0.783599,0.000026,0.000108,-0.000601,-0.002484,,
188.8827,S6,,0.479852,-0.783598,0.000018,0.000075,-0.000470,-0.001942,,
188.8927,S6,,0.479852,-0.783598,0.000016,0.000066,-0.000417,-0.001721,-55.9413,27.3913
188.9027,S6,,0.479852,-0.783597,0.000014,0.000057,-0.000363,-0.001501,,
188.9127,S6,,0.479852,-0.783597,0.000012,0.000048,-0.000310,-0.001280,,
188.9227,S6,,0.479852,-0.783597,0.000009,0.000039,-0.000257,-0.001060,,
188.9327,S6,,0.479852,-0.783596,0.000007,0.000030,-0.000203,-0.000840,,
188.9427,S6,,0.479852,-0.783596,0.000005,0.000021,-0.000150,-0.000619,-55.9420,27.3919
188.9527,S6,,0.479852,-0.783596,0.000003,0.000012,-0.000097,-0.000399,,
188.9627,S6,,0.479852,-0.783596,0.000001,0.000005,-0.000054,-0.000222,,
188.9727,S6,,0.479852,-0.783596,0.000001,0.000004,-0.000047,-0.000194,,
188.9827,S6,,0.479852,-0.783596,0.000001,0.000004,-0.000040,-0.000166,,
188.9927,S6,,0.479852,-0.783596,0.000001,0.000003,-0.000033,-0.000138,-55.9423,27.3922
189.0027,S6,,0.479852,-0.783595,0.000001,0.000002,-0.000027,-0.000110,,
189.0127,S6,,0.479852,-0.783595,0.000000,0.000002,-0.000020,-0.000082,,
189.0227,S6,,0.479852,-0.783595,0.000000,0.000001,-0.000013,-0.000054,,
189.0327,S6,,0.479852,-0.783595,0.000000,0.000001,-0.000006,-0.000026,,
189.0427,S6,,0.479852,-0.783595,0.000000,0.000000,-0.000000,-0.000001,-55.9423,27.3922
189.0527,S6,,0.479852,-0.783595,0.000000,0.000000,-0.000000,-0.000001,,
189.0627,S6,,0.479852,-0.783595,0.000000,0.000000,-0.000000,-0.000000,,
189.0681,S6,,0.479852,-0.783595,0.000000,0.000000,0.000000,0.000000,-55.9423,27.3922
189.0781,S6,,0.479848,-0.783602,-0.001533,-0.002423,-0.458196,-0.724138,,
189.0881,S6,,0.479792,-0.783691,-0.012063,-0.019064,-1.782733,-2.817449,,
189.0981,S6,,0.479550,-0.784073,-0.039586,-0.062562,-3.823450,-6.042620,,
189.1081,S6,,0.478923,-0.785064,-0.090096,-0.142389,-6.330083,-10.004129,,
189.1181,S6,,0.477702,-0.786994,-0.153343,-0.242345,-6.405753,-10.123718,-68.1656,28.9575
189.1281,S6,,0.475836,-0.789943,-0.220948,-0.349189,-7.063992,-11.164006,,
189.1381,S6,,0.473267,-0.794004,-0.293353,-0.463618,-7.349359,-11.615004,,
189.1481,S6,,0.469966,-0.799219,-0.366358,-0.578996,-7.161605,-11.318274,,
189.1581,S6,,0.465955,-0.805559,-0.434568,-0.686796,-6.368474,-10.064802,,
189.1681,S6,,0.461289,-0.812933,-0.499504,-0.789421,-6.264492,-9.900469,-67.1149,28.7021
189.1781,S6,,0.456009,-0.821278,-0.557578,-0.881201,-6.264098,-9.899846,,
189.1881,S6,,0.450188,-0.830477,-0.603822,-0.954287,-6.120714,-9.673240,,
189.1981,S6,,0.443920,-0.840384,-0.650632,-1.028265,-6.662907,-10.530128,,
189.2081,S6,,0.437110,-0.851146,-0.712530,-1.126090,-6.654458,-10.516774,,
189.2181,S6,,0.429672,-0.862901,-0.773899,-1.223078,-3.441971,-5.439727,-60.2496,27.8618
189.2281,S6,,0.421700,-0.875500,-0.821645,-1.298536,-6.560450,-10.368204,,
189.2381,S6,,0.413426,-0.888576,-0.829291,-1.310620,0.326026,0.515255,,
189.2481,S6,,0.405137,-0.901676,-0.829135,-1.310373,-0.110619,-0.174824,,
189.2581,S6,,0.396849,-0.914774,-0.828492,-1.309358,-0.456306,-0.721151,,
189.2681,S6,,0.388561,-0.927873,-0.828778,-1.309810,0.293609,0.464023,-51.1738,27.4706
189.2781,S6,,0.380279,-0.940962,-0.828063,-1.308679,0.023752,0.037538,,
189.2881,S6,,0.371998,-0.954050,-0.828173,-1.308853,0.116279,0.183769,,
189.2981,S6,,0.363717,-0.967137,-0.828135,-1.308793,-0.100219,-0.158388,,
189.3081,S6,,0.355435,-0.980226,-0.828324,-1.309092,0.002526,0.003993,,
189.3181,S6,,0.347152,-0.993317,-0.828308,-1.309066,-0.021450,-0.033899,-49.6053,27.7006
189.3281,S6,,0.338869,-1.006407,-0.828278,-1.309019,0.035571,0.056217,,
189.3381,S6,,0.330586,-1.019498,-0.828319,-1.309084,0.010879,0.017193,,
189.3481,S6,,0.322303,-1.032588,-0.828250,-1.308975,0.003637,0.005747,,
189.3581,S6,,0.314020,-1.045678,-0.828262,-1.308994,0.010192,0.016107,,
189.3681,S6,,0.305738,-1.058768,-0.828251,-1.308977,-0.005048,-0.007979,-47.3639,27.8843
189.3781,S6,,0.297455,-1.071857,-0.828254,-1.308982,-0.000973,-0.001538,,
189.3881,S6,,0.289173,-1.084947,-0.828266,-1.309000,-0.002149,-0.003397,,
189.3981,S6,,0.280890,-1.098037,-0.828266,-1.309001,0.001940,0.003065,,
189.4081,S6,,0.272607,-1.111127,-0.828268,-1.309004,0.000193,0.000305,,
189.4181,S6,,0.264325,-1.124217,-0.828263,-1.308996,0.000423,0.000669,-45.0879,28.0474
189.4281,S6,,0.256042,-1.137307,-0.828264,-1.308996,-0.000683,-0.001080,,
189.4381,S6,,0.247759,-1.150397,-0.828263,-1.308995,-0.000203,-0.000321,,
189.4481,S6,,0.239477,-1.163487,-0.828263,-1.308995,0.000276,0.000436,,
189.4581,S6,,0.231194,-1.176577,-0.828264,-1.308997,-0.000205,-0.000323,,
189.4681,S6,,0.222912,-1.189667,-0.828264,-1.308997,0.000106,0.000168,-42.7702,28.1895
189.4781,S6,,0.214629,-1.202757,-0.828264,-1.308997,-0.000027,-0.000043,,
189.4881,S6,,0.206346,-1.215847,-0.828264,-1.308997,-0.000021,-0.000033,,
189.4981,S6,,0.198064,-1.228937,-0.828264,-1.308997,-0.000078,-0.000123,,
189.5081,S6,,0.189781,-1.242027,-0.828264,-1.308997,-0.000007,-0.000011,,
189.5181,S6,,0.181498,-1.255117,-0.828264,-1.308997,0.000064,0.000101,-40.4030,28.3124
189.5281,S6,,0.173216,-1.268207,-0.828264,-1.308997,0.000048,0.000075,,
189.5381,S6,,0.164933,-1.281297,-0.828264,-1.308997,0.000054,0.000085,,
189.5481,S6,,0.156650,-1.294387,-0.828264,-1.308997,-0.000079,-0.000126,,
189.5581,S6,,0.148368,-1.307477,-0.828264,-1.308997,-0.000196,-0.000310,,
189.5681,S6,,0.140085,-1.320567,-0.828263,-1.308996,-0.000369,-0.000584,-37.9909,28.4168
189.5781,S6,,0.131802,-1.333657,-0.828263,-1.308995,0.000110,0.000173,,
189.5881,S6,,0.123520,-1.346747,-0.828263,-1.308996,0.000589,0.000932,,
189.5981,S6,,0.115237,-1.359837,-0.828263,-1.308996,-0.000517,-0.000817,,
189.6081,S6,,0.106955,-1.372927,-0.828268,-1.309004,0.000155,0.000245,,
189.6181,S6,,0.098672,-1.386017,-0.828267,-1.309002,-0.001592,-0.002516,-35.5383,28.5034
189.6281,S6,,0.090389,-1.399107,-0.828265,-1.308999,0.002498,0.003947,,
189.6381,S6,,0.082107,-1.412197,-0.828254,-1.308982,-0.000325,-0.000514,,
189.6481,S6,,0.073824,-1.425287,-0.828250,-1.308975,0.003749,0.005925,,
189.6581,S6,,0.065541,-1.438377,-0.828262,-1.308994,0.010243,0.016188,,
189.6681,S6,,0.057259,-1.451466,-0.828251,-1.308977,-0.004922,-0.007779,-33.0515,28.5721
189.6781,S6,,0.048976,-1.464556,-0.828322,-1.309089,-0.006059,-0.009575,,
189.6881,S6,,0.040693,-1.477647,-0.828290,-1.309038,-0.030737,-0.048577,,
189.6981,S6,,0.032410,-1.490738,-0.828300,-1.309053,0.026356,0.041654,,
189.7081,S6,,0.024127,-1.503828,-0.828324,-1.309092,0.002546,0.004024,,
189.7181,S6,,0.015845,-1.516917,-0.828103,-1.308743,0.081768,0.129226,-30.3803,28.6844
189.7281,S6,,0.007564,-1.530004,-0.828217,-1.308923,-0.134333,-0.212301,,
189.7381,S6,,-0.000717,-1.543092,-0.828074,-1.308697,-0.040307,-0.063701,,
189.7481,S6,,-0.008999,-1.556181,-0.828870,-1.309954,-0.228067,-0.360439,,
189.7581,S6,,-0.017287,-1.569280,-0.828321,-1.309088,0.518845,0.819988,,
189.7681,S6,,-0.025576,-1.582379,-0.829083,-1.310292,0.182966,0.289161,-27.6601,28.8047
189.7781,S6,,-0.033865,-1.595479,-0.829387,-1.310772,-0.222854,-0.352200,,
189.7881,S6,,-0.042135,-1.608550,-0.819405,-1.294996,6.220669,9.831210,,
189.7981,S6,,-0.050091,-1.621123,-0.772728,-1.221228,3.237431,5.116469,,
189.8081,S6,,-0.057507,-1.632844,-0.710192,-1.122395,6.685307,10.565529,,
189.8181,S6,,-0.064295,-1.643572,-0.648277,-1.024544,6.772206,10.702865,-14.3721,34.5196
189.8281,S6,,-0.070547,-1.653453,-0.601625,-0.950814,6.413966,10.136698,,
189.8381,S6,,-0.076351,-1.662626,-0.555359,-0.877695,6.391618,10.101380,,
189.8481,S6,,-0.081612,-1.670939,-0.497295,-0.785931,6.331497,10.006363,,
189.8581,S6,,-0.086255,-1.678277,-0.432329,-0.683257,6.408005,10.127278,,
189.8681,S6,,-0.090242,-1.684579,-0.363844,-0.575024,7.177660,11.343647,-12.1164,35.5248
189.8781,S6,,-0.093517,-1.689754,-0.290777,-0.459547,7.346546,11.610558,,
189.8881,S6,,-0.096060,-1.693774,-0.218475,-0.345280,7.046404,11.136209,,
189.8981,S6,,-0.097903,-1.696685,-0.151102,-0.238803,6.377434,10.078963,,
189.9081,S6,,-0.099102,-1.698580,-0.087893,-0.138907,6.237918,9.858470,,
189.9181,S6,,-0.099712,-1.699544,-0.038260,-0.060466,3.742277,5.914333,-17.1096,32.7464
189.9281,S6,,-0.099943,-1.699910,-0.011448,-0.018093,1.723019,2.723077,,
189.9381,S6,,-0.099997,-1.699995,-0.001378,-0.002177,0.426900,0.674677,,
189.9478,S6,,-0.100000,-1.700000,-0.000000,-0.000000,0.000000,0.000000,-23.1628,29.4252
